-- MySQL dump 10.13  Distrib 5.7.24, for Linux (x86_64)
--
-- Host: localhost    Database: blockchain
-- ------------------------------------------------------
-- Server version	5.7.24-log-valgrind

/*!40101 SET @OLD_CHARACTER_SET_CLIENT=@@CHARACTER_SET_CLIENT */;
/*!40101 SET @OLD_CHARACTER_SET_RESULTS=@@CHARACTER_SET_RESULTS */;
/*!40101 SET @OLD_COLLATION_CONNECTION=@@COLLATION_CONNECTION */;
/*!40101 SET NAMES utf8 */;
/*!40103 SET @OLD_TIME_ZONE=@@TIME_ZONE */;
/*!40103 SET TIME_ZONE='+00:00' */;
/*!40014 SET @OLD_UNIQUE_CHECKS=@@UNIQUE_CHECKS, UNIQUE_CHECKS=0 */;
/*!40014 SET @OLD_FOREIGN_KEY_CHECKS=@@FOREIGN_KEY_CHECKS, FOREIGN_KEY_CHECKS=0 */;
/*!40101 SET @OLD_SQL_MODE=@@SQL_MODE, SQL_MODE='NO_AUTO_VALUE_ON_ZERO' */;
/*!40111 SET @OLD_SQL_NOTES=@@SQL_NOTES, SQL_NOTES=0 */;

--
-- Table structure for table `BOARD`
--

DROP TABLE IF EXISTS `BOARD`;
/*!40101 SET @saved_cs_client     = @@character_set_client */;
/*!40101 SET character_set_client = utf8 */;
CREATE TABLE `BOARD` (
  `board_id` int(11) unsigned NOT NULL AUTO_INCREMENT,
  `bbs_id` varchar(12) NOT NULL,
  `user_info_id` int(11) unsigned NOT NULL,
  `pwd` varchar(50) NOT NULL,
  `email` varchar(50) NOT NULL,
  `subject` varchar(100) NOT NULL,
  `contents` longtext,
  `hit` int(5) unsigned NOT NULL,
  `ip` varchar(15) NOT NULL,
  `pnum` int(5) unsigned NOT NULL,
  `wgroup` int(5) unsigned NOT NULL,
  `depth` int(3) unsigned NOT NULL,
  `sort` int(3) unsigned NOT NULL,
  `fix` int(2) unsigned NOT NULL,
  `fix2` int(1) unsigned NOT NULL,
  `fix3` int(1) unsigned NOT NULL,
  `secret` smallint(1) unsigned NOT NULL,
  `ca_name` varchar(50) NOT NULL,
  `phone` varchar(15) NOT NULL,
  `hp` varchar(15) NOT NULL,
  `regdate` datetime NOT NULL,
  `extra1` varchar(255) NOT NULL,
  `extra2` varchar(255) NOT NULL,
  `extra3` varchar(255) NOT NULL,
  `extra4` varchar(255) NOT NULL,
  `extra5` varchar(255) NOT NULL,
  `user_email` varchar(50) NOT NULL,
  PRIMARY KEY (`board_id`),
  KEY `bbs_id_index` (`bbs_id`),
  KEY `user_info_id_index` (`user_info_id`),
  KEY `user_email_index` (`user_email`)
) ENGINE=InnoDB AUTO_INCREMENT=95 DEFAULT CHARSET=utf8;
/*!40101 SET character_set_client = @saved_cs_client */;

--
-- Dumping data for table `BOARD`
--

LOCK TABLES `BOARD` WRITE;
/*!40000 ALTER TABLE `BOARD` DISABLE KEYS */;
INSERT INTO `BOARD` VALUES (77,'notice',1,'','','공지사항 테스트입니다.','공지사항 테스트입니다.\n<p></p>\n<p>공지사항 테스트입니다.</p>\n<p>공지사항 테스트입니다.</p>\n<p>공지사항 테스트입니다.</p>\n<p>공지사항 테스트입니다.</p>\n<p>공지사항 테스트입니다.</p>\n<p><img src=\"http://coimg.circler.co.kr/2019/10/21/1571638139_d41d8cd98f00b204e9800998ecf8427e.jpg\" alt=\"2d73b26df0d6a09584110aafc1cbd0ee.jpg\" style=\"width: 720px; height: 504px;\" /></p>\n<p>&nbsp;</p>\n<p><img src=\"http://coimg.circler.co.kr/2019/10/21/1571638144_d41d8cd98f00b204e9800998ecf8427e.jpg\" alt=\"2018112111082779720_l.jpg\" style=\"width: 640px; height: 426px;\" /></p>\n',0,'221.150.45.93',0,1,0,0,0,0,0,0,'','','','2019-10-21 15:09:11','','','','','','admin@circler.co.kr'),(78,'notice',1,'','','111','<p>222</p>\n',0,'221.150.45.93',0,2,0,0,0,0,0,0,'','','','2019-10-21 17:02:08','','','','','','admin@circler.co.kr'),(79,'qna',1,'','','1:1 문의 작성','<span xss=\"removed\">1:1 문의 작성</span>',0,'221.150.45.93',0,3,0,0,0,0,0,0,'','','','2019-10-22 15:45:12','1','','','','','admin@circler.co.kr'),(80,'notice',1,'','','qq','<p>qq</p>\n',0,'221.150.45.93',0,4,0,0,0,0,0,1,'공지','','','2019-10-22 18:58:10','','','','','','admin@circler.co.kr'),(81,'notice',1,'','','답글입니다.','<p>12312</p>\n',0,'221.150.45.93',0,4,1,1,0,0,0,1,'공지','','','2019-10-22 21:03:16','','','','','','admin@circler.co.kr'),(82,'notice',1,'','','답답글','<p>123123</p>\n',0,'221.150.45.93',0,4,2,2,0,0,0,1,'공지','','','2019-10-22 21:10:14','','','','','','admin@circler.co.kr'),(88,'qna',1,'','','123123','<p>123123</p>\n',0,'221.150.45.93',0,3,1,1,0,0,0,0,'','','','2019-10-23 12:07:47','','','','','','admin@circler.co.kr'),(89,'qna',29,'','','테스트문의입니다.','테스트문의입니다.\n테스트문의입니다.\n테스트문의입니다.\n테스트문의입니다.\n테스트문의입니다.\n',0,'221.150.45.93',0,5,0,0,0,0,0,0,'콘텐츠','','','2019-10-23 16:41:34','','','','','','mummymaster@naver.com'),(90,'qna',29,'','','213123','12312312312',0,'221.150.45.93',0,6,0,0,0,0,0,0,'콘텐츠','','','2019-10-23 16:44:26','','','','','','mummymaster@naver.com'),(91,'notice',1,'','','1','<p>11</p>\n',0,'221.150.45.93',0,0,0,0,0,0,0,0,'','','','2019-11-01 10:21:09','','','','','','admin@circler.co.kr'),(92,'notice',1,'','','1','<p>11</p>\n',0,'221.150.45.93',0,7,0,0,0,0,0,0,'','','','2019-11-01 10:26:17','','','','','','admin@circler.co.kr'),(93,'notice',1,'','','11','<p>1111</p>\n',0,'221.150.45.93',0,8,0,0,0,0,0,0,'','','','2019-11-01 10:47:57','','','','','','admin@circler.co.kr'),(94,'qna',1,'','','111','<p><img src=\"http://coimg.circler.co.kr/2019/11/01/1572583962_6d5179ed50b45b0372f77564857da490.jpg\" alt=\"2d73b26df0d6a09584110aafc1cbd0ee.jpg\" xss=removed></p>\n',0,'221.150.45.93',0,9,0,0,0,0,0,0,'','','','2019-11-01 13:52:54','','','','','','admin@circler.co.kr');
/*!40000 ALTER TABLE `BOARD` ENABLE KEYS */;
UNLOCK TABLES;

--
-- Table structure for table `BOARD_FILE`
--

DROP TABLE IF EXISTS `BOARD_FILE`;
/*!40101 SET @saved_cs_client     = @@character_set_client */;
/*!40101 SET character_set_client = utf8 */;
CREATE TABLE `BOARD_FILE` (
  `board_file_no` int(11) unsigned NOT NULL AUTO_INCREMENT,
  `board_id` int(11) unsigned NOT NULL,
  `file_path` varchar(100) NOT NULL,
  `file_name` varchar(100) NOT NULL,
  `file_type` varchar(5) NOT NULL,
  `file_origin_name` varchar(100) NOT NULL,
  `del_yn` enum('N','Y') NOT NULL DEFAULT 'N',
  `file_size` int(11) unsigned NOT NULL,
  `file_domain` varchar(100) NOT NULL,
  PRIMARY KEY (`board_file_no`),
  KEY `board_id_index` (`board_id`),
  KEY `del_yn_index` (`del_yn`)
) ENGINE=InnoDB AUTO_INCREMENT=95 DEFAULT CHARSET=utf8;
/*!40101 SET character_set_client = @saved_cs_client */;

--
-- Dumping data for table `BOARD_FILE`
--

LOCK TABLES `BOARD_FILE` WRITE;
/*!40000 ALTER TABLE `BOARD_FILE` DISABLE KEYS */;
INSERT INTO `BOARD_FILE` VALUES (16,67,'/data/upload/circler/2019/10/18','1571372416_e47f6e32b9b152e5cc3c36c0570d6fa3.jpg','jpg','91df03f9fa849b754d833492c08b9338.jpg','Y',15698,'coimg.circler.co.kr'),(17,67,'/data/upload/circler/2019/10/18','1571372416_70ee1d84c613a078c2611a921869439e.jpg','jpg','5fcf01017d5f5426f4e36854b574828f.jpg','Y',86700,'coimg.circler.co.kr'),(18,67,'/data/upload/circler/2019/10/18','1571372416_df21c54ad7019ea208f9b84d84eaace6.jpg','jpg','dde3f07b1bf7131091a077742fe222c8.jpg','Y',166088,'coimg.circler.co.kr'),(19,68,'/2019/10/18','1571387761_2d99ae9e904f880eef8feb4e61882b79.jpg','jpg','images (3).jpg','Y',7932,'coimg.circler.co.kr'),(20,68,'/2019/10/18','1571387761_dc04e3fdf3fc51b7800f5da33fd3b832.jpg','jpg','g6Cqa43.jpg','Y',1012531,'coimg.circler.co.kr'),(21,68,'/2019/10/18','1571387761_29777efbf8eb2f7bc25e2dfcb2f3c101.jpg','jpg','Af1LCcF.jpg','Y',827130,'coimg.circler.co.kr'),(22,69,'/2019/10/21','1571632069_20a5b97398fddeadfb3587bf5d08bd79.jpg','jpg','6-3.jpg','Y',706291,'coimg.circler.co.kr'),(23,69,'/2019/10/21','1571632069_18e2999891374a475d0687ca9f989d83.jpg','jpg','6.jpg','Y',366513,'coimg.circler.co.kr'),(24,69,'/2019/10/21','1571632069_0cc3f219a7a01d17367fa10eda65df80.jpg','jpg','2018112111082779720_l.jpg','Y',319066,'coimg.circler.co.kr'),(25,70,'/2019/10/21','1571632540_896e74ab0785477f272fee06e96928ef.gif','gif','11011539_movie.gif','Y',106273,'coimg.circler.co.kr'),(26,70,'/2019/10/21','1571632540_0cc3f219a7a01d17367fa10eda65df80.jpg','jpg','2018112111082779720_l.jpg','Y',319066,'coimg.circler.co.kr'),(27,70,'/2019/10/21','1571632540_a72be942488f3b888e1ee1b2053023b6.jpg','jpg','IE002418920_STD.jpg','Y',293570,'coimg.circler.co.kr'),(28,71,'/2019/10/21','1571632602_896e74ab0785477f272fee06e96928ef.gif','gif','11011539_movie.gif','Y',106273,'coimg.circler.co.kr'),(29,71,'/2019/10/21','1571632602_0cc3f219a7a01d17367fa10eda65df80.jpg','jpg','2018112111082779720_l.jpg','Y',319066,'coimg.circler.co.kr'),(30,71,'/2019/10/21','1571632602_a72be942488f3b888e1ee1b2053023b6.jpg','jpg','IE002418920_STD.jpg','Y',293570,'coimg.circler.co.kr'),(31,72,'/2019/10/21','1571632630_e47f6e32b9b152e5cc3c36c0570d6fa3.jpg','jpg','91df03f9fa849b754d833492c08b9338.jpg','Y',15698,'coimg.circler.co.kr'),(32,73,'/2019/10/21','1571632778_e47f6e32b9b152e5cc3c36c0570d6fa3.jpg','jpg','91df03f9fa849b754d833492c08b9338.jpg','Y',15698,'coimg.circler.co.kr'),(33,74,'/2019/10/21','1571632859_e47f6e32b9b152e5cc3c36c0570d6fa3.jpg','jpg','91df03f9fa849b754d833492c08b9338.jpg','Y',15698,'coimg.circler.co.kr'),(34,75,'/2019/10/21','1571635874_896e74ab0785477f272fee06e96928ef.gif','gif','11011539_movie.gif','Y',106273,'coimg.circler.co.kr'),(35,76,'/2019/10/21','1571635997_cd7de4c47f5c5cf5f0fe67e20b26849c.jpg','jpg','12108715559878040.jpg','Y',76740,'coimg.circler.co.kr'),(36,76,'/2019/10/21','1571635997_70ee1d84c613a078c2611a921869439e.jpg','jpg','5fcf01017d5f5426f4e36854b574828f.jpg','Y',86700,'coimg.circler.co.kr'),(37,76,'/2019/10/21','1571635997_87493f5689ec9da94fb5e9229af96b9c.jpg','jpg','IE001971931_STD.jpg','Y',79911,'coimg.circler.co.kr'),(38,77,'/2019/10/21','1571638151_fb07d21c8c71e7c586c3705df3b18404.jpg','jpg','2d73b26df0d6a09584110aafc1cbd0ee.jpg','Y',87219,'coimg.circler.co.kr'),(39,78,'/2019/10/21','1571650964_0cc3f219a7a01d17367fa10eda65df80.jpg','jpg','2018112111082779720_l.jpg','Y',319066,'coimg.circler.co.kr'),(40,78,'/2019/10/22','1571706849_fb07d21c8c71e7c586c3705df3b18404.jpg','jpg','2d73b26df0d6a09584110aafc1cbd0ee.jpg','Y',87219,'coimg.circler.co.kr'),(41,78,'/2019/10/22','1571707822_18e2999891374a475d0687ca9f989d83.jpg','jpg','6.jpg','Y',366513,'coimg.circler.co.kr'),(42,78,'/2019/10/22','1571706752_4d49e253cf477af6d73c5447f3331d4f.jpg','jpg','20190103145000-1e20d420.jpg','Y',185297,'coimg.circler.co.kr'),(43,78,'/2019/10/22','1571706810_df21c54ad7019ea208f9b84d84eaace6.jpg','jpg','dde3f07b1bf7131091a077742fe222c8.jpg','Y',166088,'coimg.circler.co.kr'),(44,78,'/2019/10/22','1571707822_20a5b97398fddeadfb3587bf5d08bd79.jpg','jpg','6-3.jpg','Y',706291,'coimg.circler.co.kr'),(45,78,'/2019/10/22','1571707822_e9db84d0e11b5c26723e9951e4f7204b.jpg','jpg','images (4).jpg','Y',6777,'coimg.circler.co.kr'),(46,78,'/2019/10/22','1571707838_e47f6e32b9b152e5cc3c36c0570d6fa3.jpg','jpg','91df03f9fa849b754d833492c08b9338.jpg','Y',15698,'coimg.circler.co.kr'),(47,78,'/2019/10/22','1571707934_4d49e253cf477af6d73c5447f3331d4f.jpg','jpg','20190103145000-1e20d420.jpg','Y',185297,'coimg.circler.co.kr'),(48,78,'/2019/10/22','1571707953_896e74ab0785477f272fee06e96928ef.gif','gif','11011539_movie.gif','Y',106273,'coimg.circler.co.kr'),(49,78,'/2019/10/22','1571708011_70ee1d84c613a078c2611a921869439e.jpg','jpg','5fcf01017d5f5426f4e36854b574828f.jpg','Y',86700,'coimg.circler.co.kr'),(50,78,'/2019/10/22','1571708170_18e2999891374a475d0687ca9f989d83.jpg','jpg','6.jpg','Y',366513,'coimg.circler.co.kr'),(51,78,'/2019/10/22','1571708297_896e74ab0785477f272fee06e96928ef.gif','gif','11011539_movie.gif','Y',106273,'coimg.circler.co.kr'),(52,78,'/2019/10/22','1571708312_4d49e253cf477af6d73c5447f3331d4f.jpg','jpg','20190103145000-1e20d420.jpg','Y',185297,'coimg.circler.co.kr'),(53,78,'/2019/10/22','1571708391_e47f6e32b9b152e5cc3c36c0570d6fa3.jpg','jpg','91df03f9fa849b754d833492c08b9338.jpg','Y',15698,'coimg.circler.co.kr'),(54,78,'/2019/10/22','1571708432_cd7de4c47f5c5cf5f0fe67e20b26849c.jpg','jpg','12108715559878040.jpg','Y',76740,'coimg.circler.co.kr'),(55,78,'/2019/10/22','1571708565_20a5b97398fddeadfb3587bf5d08bd79.jpg','jpg','6-3.jpg','Y',706291,'coimg.circler.co.kr'),(56,78,'/2019/10/22','1571708612_896e74ab0785477f272fee06e96928ef.gif','gif','11011539_movie.gif','Y',106273,'coimg.circler.co.kr'),(57,78,'/2019/10/22','1571708681_20a5b97398fddeadfb3587bf5d08bd79.jpg','jpg','6-3.jpg','Y',706291,'coimg.circler.co.kr'),(58,78,'/2019/10/22','1571708776_cd7de4c47f5c5cf5f0fe67e20b26849c.jpg','jpg','12108715559878040.jpg','Y',76740,'coimg.circler.co.kr'),(59,78,'/2019/10/22','1571708851_4d49e253cf477af6d73c5447f3331d4f.jpg','jpg','20190103145000-1e20d420.jpg','Y',185297,'coimg.circler.co.kr'),(60,78,'/2019/10/22','1571708929_fb07d21c8c71e7c586c3705df3b18404.jpg','jpg','2d73b26df0d6a09584110aafc1cbd0ee.jpg','Y',87219,'coimg.circler.co.kr'),(61,78,'/2019/10/22','1571709254_cd7de4c47f5c5cf5f0fe67e20b26849c.jpg','jpg','12108715559878040.jpg','Y',76740,'coimg.circler.co.kr'),(62,78,'/2019/10/22','1571709447_18e2999891374a475d0687ca9f989d83.jpg','jpg','6.jpg','Y',366513,'coimg.circler.co.kr'),(63,78,'/2019/10/22','1571711482_4d49e253cf477af6d73c5447f3331d4f.jpg','jpg','20190103145000-1e20d420.jpg','Y',185297,'coimg.circler.co.kr'),(64,78,'/2019/10/22','1571711725_cd7de4c47f5c5cf5f0fe67e20b26849c.jpg','jpg','12108715559878040.jpg','Y',76740,'coimg.circler.co.kr'),(65,78,'/2019/10/22','1571713796_70ee1d84c613a078c2611a921869439e.jpg','jpg','5fcf01017d5f5426f4e36854b574828f.jpg','Y',86700,'coimg.circler.co.kr'),(66,78,'/2019/10/22','1571713807_18e2999891374a475d0687ca9f989d83.jpg','jpg','6.jpg','Y',366513,'coimg.circler.co.kr'),(67,78,'/2019/10/22','1571713807_cd7de4c47f5c5cf5f0fe67e20b26849c.jpg','jpg','12108715559878040.jpg','Y',76740,'coimg.circler.co.kr'),(68,78,'/2019/10/22','1571713823_18e2999891374a475d0687ca9f989d83.jpg','jpg','6.jpg','Y',366513,'coimg.circler.co.kr'),(69,78,'/2019/10/22','1571713890_cd7de4c47f5c5cf5f0fe67e20b26849c.jpg','jpg','12108715559878040.jpg','N',76740,'coimg.circler.co.kr'),(70,78,'/2019/10/22','1571713890_fb07d21c8c71e7c586c3705df3b18404.jpg','jpg','2d73b26df0d6a09584110aafc1cbd0ee.jpg','N',87219,'coimg.circler.co.kr'),(71,79,'/2019/10/22','1571726712_896e74ab0785477f272fee06e96928ef.gif','gif','11011539_movie.gif','Y',106273,'coimg.circler.co.kr'),(72,80,'/2019/10/22','1571738290_e47f6e32b9b152e5cc3c36c0570d6fa3.jpg','jpg','91df03f9fa849b754d833492c08b9338.jpg','Y',15698,'coimg.circler.co.kr'),(73,80,'/2019/10/22','1571738290_cd7de4c47f5c5cf5f0fe67e20b26849c.jpg','jpg','12108715559878040.jpg','Y',76740,'coimg.circler.co.kr'),(74,80,'/2019/10/22','1571738290_70ee1d84c613a078c2611a921869439e.jpg','jpg','5fcf01017d5f5426f4e36854b574828f.jpg','Y',86700,'coimg.circler.co.kr'),(75,79,'/2019/10/22','1571742917_2d99ae9e904f880eef8feb4e61882b79.jpg','jpg','images (3).jpg','N',7932,'coimg.circler.co.kr'),(76,79,'/2019/10/22','1571742975_70ee1d84c613a078c2611a921869439e.jpg','jpg','5fcf01017d5f5426f4e36854b574828f.jpg','N',86700,'coimg.circler.co.kr'),(77,79,'/2019/10/22','1571743024_18e2999891374a475d0687ca9f989d83.jpg','jpg','6.jpg','N',366513,'coimg.circler.co.kr'),(78,80,'/2019/10/22','1571743173_df21c54ad7019ea208f9b84d84eaace6.jpg','jpg','dde3f07b1bf7131091a077742fe222c8.jpg','Y',166088,'coimg.circler.co.kr'),(79,80,'/2019/10/22','1571743260_df21c54ad7019ea208f9b84d84eaace6.jpg','jpg','dde3f07b1bf7131091a077742fe222c8.jpg','Y',166088,'coimg.circler.co.kr'),(80,80,'/2019/10/22','1571743315_fb07d21c8c71e7c586c3705df3b18404.jpg','jpg','2d73b26df0d6a09584110aafc1cbd0ee.jpg','Y',87219,'coimg.circler.co.kr'),(81,80,'/2019/10/22','1571743352_e47f6e32b9b152e5cc3c36c0570d6fa3.jpg','jpg','91df03f9fa849b754d833492c08b9338.jpg','N',15698,'coimg.circler.co.kr'),(82,80,'/2019/10/22','1571743422_55ccf27d26d7b23839986b6ae2e447ab.jpg','jpg','images (1).jpg','N',7730,'coimg.circler.co.kr'),(83,78,'/2019/10/22','1571743725_18ba93eb61484c1cd1c6cc2d3d8a7f8f.jpg','jpg','bb8a7fc72d69cd99306060ecc4d787ba.jpg','N',54684,'coimg.circler.co.kr'),(84,81,'/2019/10/22','1571745796_dc04e3fdf3fc51b7800f5da33fd3b832.jpg','jpg','g6Cqa43.jpg','N',1012531,'coimg.circler.co.kr'),(85,84,'/2019/10/23','1571796557_5c642ec854a6a92a56d7ebf0b9648eea.jpg','jpg','images (2).jpg','Y',5129,'coimg.circler.co.kr'),(86,85,'/2019/10/23','1571796606_896e74ab0785477f272fee06e96928ef.gif','gif','11011539_movie.gif','Y',106273,'coimg.circler.co.kr'),(87,86,'/2019/10/23','1571796779_e47f6e32b9b152e5cc3c36c0570d6fa3.jpg','jpg','91df03f9fa849b754d833492c08b9338.jpg','Y',15698,'coimg.circler.co.kr'),(88,87,'/2019/10/23','1571796845_18e2999891374a475d0687ca9f989d83.jpg','jpg','6.jpg','Y',366513,'coimg.circler.co.kr'),(90,87,'/2019/10/23','1571798633_896e74ab0785477f272fee06e96928ef.gif','gif','11011539_movie.gif','Y',106273,'coimg.circler.co.kr'),(91,87,'/2019/10/23','1571798762_4d49e253cf477af6d73c5447f3331d4f.jpg','jpg','20190103145000-1e20d420.jpg','Y',185297,'coimg.circler.co.kr'),(92,88,'/2019/10/23','1571800067_2d99ae9e904f880eef8feb4e61882b79.jpg','jpg','images (3).jpg','N',7932,'coimg.circler.co.kr'),(93,90,'/2019/10/23','1571816666_e47f6e32b9b152e5cc3c36c0570d6fa3.jpg','jpg','91df03f9fa849b754d833492c08b9338.jpg','N',15698,'coimg.circler.co.kr'),(94,94,'/2019/11/01','1572583974_e47f6e32b9b152e5cc3c36c0570d6fa3.jpg','jpg','91df03f9fa849b754d833492c08b9338.jpg','N',15698,'coimg.circler.co.kr');
/*!40000 ALTER TABLE `BOARD_FILE` ENABLE KEYS */;
UNLOCK TABLES;

--
-- Table structure for table `BOARD_INFO`
--

DROP TABLE IF EXISTS `BOARD_INFO`;
/*!40101 SET @saved_cs_client     = @@character_set_client */;
/*!40101 SET character_set_client = utf8 */;
CREATE TABLE `BOARD_INFO` (
  `board_info_id` int(11) unsigned NOT NULL AUTO_INCREMENT,
  `bbs_id` varchar(20) NOT NULL,
  `bbs_name` varchar(20) NOT NULL,
  `skin_name` varchar(20) NOT NULL,
  `list_grade` int(1) unsigned NOT NULL DEFAULT '0',
  `view_grade` int(1) unsigned NOT NULL DEFAULT '0',
  `write_grade` int(1) unsigned NOT NULL DEFAULT '0',
  `reply_grade` int(1) unsigned NOT NULL DEFAULT '0',
  `comment_grade` int(1) unsigned NOT NULL DEFAULT '0',
  `file_use` enum('Y','N') NOT NULL DEFAULT 'Y',
  `file_cnt` int(1) unsigned NOT NULL DEFAULT '1',
  `comment` enum('Y','N') NOT NULL DEFAULT 'N',
  `reply` enum('Y','N') NOT NULL DEFAULT 'N',
  `list_cnt` int(2) NOT NULL DEFAULT '20',
  `point` int(11) DEFAULT '0',
  `state` int(1) DEFAULT '0',
  `secret` enum('Y','N') NOT NULL DEFAULT 'N',
  `ca_name` varchar(255) NOT NULL,
  `ca_title` varchar(20) NOT NULL,
  `regdate` datetime DEFAULT '0000-00-00 00:00:00',
  `extra1` varchar(50) NOT NULL,
  `extra2` varchar(50) NOT NULL,
  `extra3` varchar(50) NOT NULL,
  `extra4` varchar(50) NOT NULL,
  `extra5` varchar(50) NOT NULL,
  `header_inc` varchar(100) NOT NULL,
  `footer_inc` varchar(100) NOT NULL,
  `m_header_inc` varchar(100) NOT NULL,
  `m_footer_inc` varchar(100) NOT NULL,
  `editor_use` enum('Y','N') NOT NULL DEFAULT 'Y',
  PRIMARY KEY (`board_info_id`),
  KEY `bbs_id` (`bbs_id`),
  KEY `bbs_name` (`bbs_name`),
  KEY `state` (`state`)
) ENGINE=InnoDB AUTO_INCREMENT=4 DEFAULT CHARSET=utf8;
/*!40101 SET character_set_client = @saved_cs_client */;

--
-- Dumping data for table `BOARD_INFO`
--

LOCK TABLES `BOARD_INFO` WRITE;
/*!40000 ALTER TABLE `BOARD_INFO` DISABLE KEYS */;
INSERT INTO `BOARD_INFO` VALUES (2,'notice','공지사항','basic',0,0,0,0,0,'Y',1,'','Y',20,0,0,'Y','공지|&|긴급|&|상황','타입','0000-00-00 00:00:00','','','','','','','','','','Y'),(3,'qna','1:1 문의','qna',0,0,0,0,0,'Y',1,'','Y',20,0,0,'Y','다운로드|&|콘텐츠|&|WEI|&|건의|&|기타','문의구분','2019-10-22 15:01:08','','','','','','','','','','Y');
/*!40000 ALTER TABLE `BOARD_INFO` ENABLE KEYS */;
UNLOCK TABLES;

--
-- Table structure for table `CERTIFY_INFO`
--

DROP TABLE IF EXISTS `CERTIFY_INFO`;
/*!40101 SET @saved_cs_client     = @@character_set_client */;
/*!40101 SET character_set_client = utf8 */;
CREATE TABLE `CERTIFY_INFO` (
  `certify_id` int(11) unsigned NOT NULL AUTO_INCREMENT,
  `user_info_id` varchar(20) NOT NULL,
  `adult_yn` enum('Y','N') NOT NULL DEFAULT 'N',
  `update_regdate` datetime NOT NULL,
  `regdate` datetime NOT NULL,
  `del_yn` enum('Y','N') NOT NULL DEFAULT 'N',
  `identify_id` varchar(50) NOT NULL,
  `attribute` varchar(3) NOT NULL,
  `attributeId` varchar(3) NOT NULL,
  PRIMARY KEY (`certify_id`),
  KEY `user_id_index` (`user_info_id`),
  KEY `adult_yn_index` (`adult_yn`),
  KEY `del_yn_index` (`del_yn`)
) ENGINE=InnoDB AUTO_INCREMENT=2 DEFAULT CHARSET=utf8;
/*!40101 SET character_set_client = @saved_cs_client */;

--
-- Dumping data for table `CERTIFY_INFO`
--

LOCK TABLES `CERTIFY_INFO` WRITE;
/*!40000 ALTER TABLE `CERTIFY_INFO` DISABLE KEYS */;
INSERT INTO `CERTIFY_INFO` VALUES (1,'29','N','2019-12-26 12:09:51','2019-11-14 16:10:54','N','0xe02Efca9258CAf85515EecA47769771846c0ee71','99','0');
/*!40000 ALTER TABLE `CERTIFY_INFO` ENABLE KEYS */;
UNLOCK TABLES;

--
-- Table structure for table `CONTENTS`
--

DROP TABLE IF EXISTS `CONTENTS`;
/*!40101 SET @saved_cs_client     = @@character_set_client */;
/*!40101 SET character_set_client = utf8 */;
CREATE TABLE `CONTENTS` (
  `contents_id` int(11) unsigned NOT NULL AUTO_INCREMENT COMMENT '고유번호',
  `cate1` varchar(10) NOT NULL COMMENT '대분류',
  `cate2` varchar(10) NOT NULL COMMENT '중분류',
  `userid` varchar(100) NOT NULL COMMENT '저작권자아이디',
  `lv` tinyint(1) NOT NULL DEFAULT '0' COMMENT '등급',
  `title` varchar(255) NOT NULL COMMENT '제목',
  `contents` text NOT NULL COMMENT '내용',
  `is_folder` enum('Y','N') NOT NULL DEFAULT 'N' COMMENT '폴더인지',
  `folder_name` varchar(255) DEFAULT NULL COMMENT '폴더명 또는 파일명',
  `size` bigint(20) NOT NULL DEFAULT '0' COMMENT '파일사이즈',
  `cash` int(11) unsigned NOT NULL DEFAULT '0' COMMENT '판매금액',
  `is_adult` enum('Y','N') NOT NULL DEFAULT 'N' COMMENT '성인여부',
  `is_rights` enum('Y','N') NOT NULL DEFAULT 'N' COMMENT '제휴컨텐츠',
  `purchase` int(11) unsigned NOT NULL DEFAULT '0' COMMENT '판매수',
  `down` int(11) unsigned NOT NULL DEFAULT '0' COMMENT '다운수',
  `eva` int(11) unsigned NOT NULL DEFAULT '0' COMMENT '평가횟수',
  `score` int(11) unsigned NOT NULL DEFAULT '0' COMMENT '평가점수',
  `comment` int(11) unsigned NOT NULL DEFAULT '0' COMMENT '댓글갯수',
  `color` varchar(255) NOT NULL COMMENT '제목컬러',
  `bold` enum('Y','N') NOT NULL DEFAULT 'N' COMMENT '볼드여부',
  `thumb` varchar(255) NOT NULL COMMENT '썸네일',
  `state` mediumint(8) unsigned NOT NULL DEFAULT '0' COMMENT '1.완료 2.삭제',
  `wdate` int(11) unsigned NOT NULL DEFAULT '0' COMMENT '등록일',
  `edate` int(11) unsigned NOT NULL DEFAULT '0' COMMENT '만료일',
  `sdate` int(10) unsigned NOT NULL DEFAULT '0' COMMENT '상태변경일',
  `sort` int(11) unsigned NOT NULL DEFAULT '0' COMMENT '정렬',
  `init_key` varchar(100) NOT NULL COMMENT 'next_val key값',
  `main_img` varchar(255) NOT NULL COMMENT '대표이미지',
  `sub_img` text NOT NULL COMMENT '서브이미지들',
  `hash_tags` varchar(255) NOT NULL COMMENT '해시태그',
  `cid` varchar(100) NOT NULL COMMENT 'cid',
  `ccid` varchar(100) NOT NULL COMMENT 'ccid',
  `ccid_ver` varchar(100) NOT NULL COMMENT 'ccid_ver',
  `drm` enum('Y','N') NOT NULL DEFAULT 'N',
  `watermarking` enum('Y','N') NOT NULL DEFAULT 'N',
  `productId` varchar(100) NOT NULL COMMENT 'chainlink productId',
  `seller_userid` varchar(100) NOT NULL COMMENT '유통업자아이디',
  `real_cash` int(11) unsigned NOT NULL DEFAULT '0' COMMENT '실제판매금액',
  `user_sell_contents_id` int(11) unsigned NOT NULL,
  `metainfo` varchar(100) NOT NULL,
  `dataid` varchar(100) NOT NULL,
  PRIMARY KEY (`contents_id`),
  KEY `cate1_index` (`cate1`),
  KEY `userid_index` (`userid`),
  KEY `state_index` (`state`),
  KEY `wdate_index` (`wdate`),
  KEY `edate_index` (`edate`),
  KEY `sdate_index` (`sdate`),
  KEY `sort_index` (`sort`),
  KEY `productId_index` (`productId`),
  KEY `seller_userid_index` (`seller_userid`),
  KEY `NewIndex1` (`user_sell_contents_id`),
  KEY `is_adult_index` (`is_adult`)
) ENGINE=InnoDB AUTO_INCREMENT=214 DEFAULT CHARSET=utf8 COMMENT='컨텐츠리스트';
/*!40101 SET character_set_client = @saved_cs_client */;

--
-- Dumping data for table `CONTENTS`
--

LOCK TABLES `CONTENTS` WRITE;
/*!40000 ALTER TABLE `CONTENTS` DISABLE KEYS */;
INSERT INTO `CONTENTS` VALUES (30,'C01','','9bcecd9085fae8fa787ac3f3bd3c2f25a90e0610',0,'air','','N','',4428257,100,'N','N',0,0,0,0,0,'','N','',1,1567595422,0,0,0,'a967a313-1800-426b-ab54-8b690d2ba424','C:\\Users\\Gaonsds\\Pictures\\2018112111082779720_l.jpg|319066|640|426|/data/20190904/1568393544.jpg','C:\\Users\\Gaonsds\\Pictures\\2018112111082779720_l.jpg|319066|640|426|/data/20190904/1568571123.jpg,C:\\Users\\Gaonsds\\Pictures\\black-panther-poster.jpg|178117|648|960|/data/20190904/1567896999.jpg,C:\\Users\\Gaonsds\\Pictures\\EelKdXmA-1768x1262.jpeg|1214388|1768|1262|/data/20190904/1567757251.jpeg,C:\\Users\\Gaonsds\\Pictures\\IE001971931_STD.jpg|79911|665|442|/data/20190904/1567892074.jpg,C:\\Users\\Gaonsds\\Pictures\\IE002418920_STD.jpg|293570|1280|855|/data/20190904/1568017286.jpg,C:\\Users\\Gaonsds\\Pictures\\images.jpg|9622|183|275|/data/20190904/1567730495.jpg,C:\\Users\\Gaonsds\\Pictures\\images (1).jpg|7730|181|278|/data/20190904/1568052688.jpg','','CID0000000000011','QmT13F3YaevomdeUjwmq8jwjUWjAvwzm9YEmxc5t3W4FDo','QmUSGVktstaqusqDx6RRbJjsASNiAf9JBQPcpvZopYyii9','N','N','1783913781708303366252719519251480084846344717172450920177683988216104223017','',200,0,'basicMeta/basicMeta0.json','67186001864514469907700648774228052880209327317995015046891622294335309535607'),(31,'C01','','9bcecd9085fae8fa787ac3f3bd3c2f25a90e0610',0,'ideabank','10000','N','',33505479,10000,'N','N',0,0,0,0,0,'','N','',1,1567659063,0,0,0,'d1db1060-0b32-466c-a5ca-a183ce4f68d1','C:\\toystory.mp4.jpg|254252|1018|684|/data/20190904/1567755741.jpg','','','CID0000000000008','QmVYWq7BgYrCqNYzyZ3rBtYSnUq8cJgYEGsFRJtkHAsVpz','QmZRHSkrQNADbGuaxznBtzKvpXzqwCMADgMB84nF6vpqJf','N','N','iergrauge3hi','',20000,0,'basicMeta/basicMeta0.json','766780584032786416893351830295588107199903555410521477919988091055891196830'),(32,'C01','','9bcecd9085fae8fa787ac3f3bd3c2f25a90e0610',0,'aa','200','N','',9868268,100,'N','N',0,0,0,0,0,'','N','',1,1567662243,0,0,0,'62b62708-6f69-47ed-a184-be99b74bf0f4','C:\\Users\\Gaonsds\\Pictures\\2d73b26df0d6a09584110aafc1cbd0ee.jpg|87219|720|504|/data/20190904/1568278571.jpg','C:\\Users\\Gaonsds\\Pictures\\2018112111082779720_l.jpg|319066|640|426|/data/20190904/1568025539.jpg,C:\\Users\\Gaonsds\\Pictures\\dde3f07b1bf7131091a077742fe222c8.jpg|166088|900|880|/data/20190904/1568224278.jpg,C:\\Users\\Gaonsds\\Pictures\\EelKdXmA-1768x1262.jpeg|1214388|1768|1262|/data/20190904/1567836396.jpeg','','CID0000000000017','QmRW2mQ8vmZo5HUyHDDbwyp9enWzJL9r32xrhodMWYTk9z','QmNPoyivv5uvjmGGm6fjYWcYrBVmuZj32Hv14jcQsc1k79','N','N','rhmn2jh4ddxa','',200,0,'basicMeta/basicMeta0.json','71664529458347939539245386140798860904630901608304699705892393501453051840089'),(33,'C01','','9bcecd9085fae8fa787ac3f3bd3c2f25a90e0610',0,'ideabank2','1234','N','',33505479,10000,'N','N',0,0,0,0,0,'','N','',1,1568006099,0,0,0,'90183ec5-ba4e-4f77-b3f7-41e09625e0a6','C:\\toystory.mp4.jpg|254252|1018|684|/data/20190909/1568519457.jpg','','','CID0000000000026','QmRVDXt91Zf1Bi5bv3GjbvQnkz6ztKBKTvnFqEcZBsFqQe','Qmc9Q5YDoXdVrodUF7QRNJZ6cPJiLNcvj5fQESndrYBJ7B','N','N','112910014404409330911391104104556368987577739185199750754369570907002247986428','',20000,0,'basicMeta/basicMeta0.json','106013105383922826938699921524699437896093343426485100150106948941348438549386'),(34,'C05','','9bcecd9085fae8fa787ac3f3bd3c2f25a90e0610',0,'인형 가지고 노는 고양이','잘 갖고 노네요 ~~','N','',4189421,10,'N','N',0,0,0,0,0,'','N','',1,1568013971,0,0,0,'25661043-f1cb-408a-9a31-6791e488aefe','C:\\Users\\oh\\Desktop\\테스트 이미지\\cat doll.mp4\\cat doll.mp4_000004375.jpg|41046|852|480|/data/20190909/1568275117.jpg','C:\\Users\\oh\\Desktop\\테스트 이미지\\cat doll.mp4\\cat doll.mp4_000001375.jpg|38795|852|480|/data/20190909/1568843818.jpg,C:\\Users\\oh\\Desktop\\테스트 이미지\\cat doll.mp4\\cat doll.mp4_000007375.jpg|37941|852|480|/data/20190909/1568537549.jpg,C:\\Users\\oh\\Desktop\\테스트 이미지\\cat doll.mp4\\cat doll.mp4_000010375.jpg|32868|852|480|/data/20190909/1568886267.jpg,C:\\Users\\oh\\Desktop\\테스트 이미지\\cat doll.mp4\\cat doll.mp4_000013375.jpg|32557|852|480|/data/20190909/1568797489.jpg','','CID0000000000032','QmQfE59bHrrQMKJcSkDRr2EQ3JtrdNYi3VYTUjyN3tGPF9','QmPxUnys5m7bRoW5ihc6UcwnmLEGYDSyomYxKaAAfSkwo4','N','N','90386273988332259645428346260652754057392555629445759345124958727071209517465','',200,0,'basicMeta/basicMeta0.json','111043318512713031130571750879376166784995662402805515166317825623268001682999'),(35,'C13','','9bcecd9085fae8fa787ac3f3bd3c2f25a90e0610',0,'크레용팝TV 시즌2 - 8화','웃기고 재미있습니다~','N','',418387608,200,'N','N',0,0,0,0,0,'','N','',1,1568014011,0,0,0,'d74af298-5122-4a59-80c2-e5299aea24f6','C:\\Users\\oh\\Desktop\\테스트 이미지\\crayonpopTVS02 E08.mp4\\crayonpopTVS02 E08.mp4_000036766.jpg|27953|480|320|/data/20190909/1568206584.jpg','C:\\Users\\oh\\Desktop\\테스트 이미지\\crayonpopTVS02 E08.mp4\\crayonpopTVS02 E08.mp4_000016766.jpg|31373|480|320|/data/20190909/1568480108.jpg,C:\\Users\\oh\\Desktop\\테스트 이미지\\crayonpopTVS02 E08.mp4\\crayonpopTVS02 E08.mp4_000026766.jpg|25531|480|320|/data/20190909/1568544790.jpg,C:\\Users\\oh\\Desktop\\테스트 이미지\\crayonpopTVS02 E08.mp4\\crayonpopTVS02 E08.mp4_000056766.jpg|24559|480|320|/data/20190909/1568327430.jpg,C:\\Users\\oh\\Desktop\\테스트 이미지\\crayonpopTVS02 E08.mp4\\crayonpopTVS02 E08.mp4_000086766.jpg|28955|480|320|/data/20190909/1568896507.jpg','','CID0000000000031','QmSQ1S93xt1BQEKfqp2XnVNf9CFjD65bRe5g1NCUt2vUcG','QmS8a4d31eokJq8Zp99m1abzkwNU8oWC9HKezfTtzNUZvS','N','N','94592012713528960711755818512137663010791596319600736509275754171787852988070','',300,0,'basicMeta/basicMeta0.json','33604902090873131491507203418893967207111776062962135528839377268725192662261'),(36,'C04','','9bcecd9085fae8fa787ac3f3bd3c2f25a90e0610',0,'진짜 회가 나타났다','활어다','N','',2297552,10,'N','N',0,0,0,0,0,'','N','',1,1568014070,0,0,0,'0ab4ec17-f080-4254-afca-c272170dd41e','C:\\Users\\oh\\Desktop\\테스트 이미지\\Raw fish.mp4\\Raw fish.mp4_000001083.jpg|32600|720|376|/data/20190909/1568659843.jpg','C:\\Users\\oh\\Desktop\\테스트 이미지\\Raw fish.mp4\\Raw fish.mp4_000006083.jpg|37974|720|376|/data/20190909/1568728424.jpg','','CID0000000000029','QmfA16vUWeQtBx6wXGeuPQpLSzZQFuFa8cmuEGeavhyEbC','QmdggHdPJiNRr96TDAe9yR5ferYjCDDnjr8TQyaRwHmNbu','N','N','112207957780020521924796818123438216655320710521230328201760740605775801306733','',500,0,'basicMeta/basicMeta0.json','72647502481079568920492315294091622825674864125262680170393566294453110792664'),(37,'C13','','9bcecd9085fae8fa787ac3f3bd3c2f25a90e0610',0,'크레용팝 TV 시즌 2 - 7화','재미있게 보세요 ^^','N','',361654372,300,'N','N',0,0,0,0,0,'','N','',1,1568014144,0,0,0,'7d3a9c50-5e87-44e2-b898-b366980230af','C:\\Users\\oh\\Desktop\\테스트 이미지\\crayonpopTVS02 E07.mp4\\crayonpopTVS02 E07.mp4_000010933.jpg|20229|480|320|/data/20190909/1568208770.jpg','C:\\Users\\oh\\Desktop\\테스트 이미지\\crayonpopTVS02 E07.mp4\\crayonpopTVS02 E07.mp4_000050933.jpg|23886|480|320|/data/20190909/1568578448.jpg,C:\\Users\\oh\\Desktop\\테스트 이미지\\crayonpopTVS02 E07.mp4\\crayonpopTVS02 E07.mp4_000090933.jpg|27658|480|320|/data/20190909/1568427360.jpg,C:\\Users\\oh\\Desktop\\테스트 이미지\\crayonpopTVS02 E07.mp4\\crayonpopTVS02 E07.mp4_000130933.jpg|22979|480|320|/data/20190909/1568617956.jpg','','CID0000000000028','QmQv3tTFEDjkCbeyrBtHQfBPCDTxm7j257Teu5DZteimvV','QmSBKyvS5qTAFXUwRUbFtohGrbkWJnPLLsKYkcqbGF1FVu','N','N','110433470332262724200779185482787830590305190168638630472643121613531881380420','',1000,0,'basicMeta/basicMeta0.json','47631395372646747082035717233856925792203166038457877197224711710640420987240'),(38,'C05','','9bcecd9085fae8fa787ac3f3bd3c2f25a90e0610',0,'고양이 2마리의 따뜻한 오후  ','한가로움을 즐기는 고양이들 ~','N','',13954511,200,'N','N',0,0,0,0,0,'','N','',1,1568014165,0,0,0,'5cf6c780-211e-4763-963e-70ece42553bc','C:\\Users\\oh\\Desktop\\테스트 이미지\\cat&cat.mp4\\cat&cat.mp4_000016125.jpg|31764|720|376|/data/20190909/1569001425.jpg','C:\\Users\\oh\\Desktop\\테스트 이미지\\cat&cat.mp4\\cat&cat.mp4_000007125.jpg|27378|720|376|/data/20190909/1568776527.jpg,C:\\Users\\oh\\Desktop\\테스트 이미지\\cat&cat.mp4\\cat&cat.mp4_000013125.jpg|29187|720|376|/data/20190909/1568618630.jpg,C:\\Users\\oh\\Desktop\\테스트 이미지\\cat&cat.mp4\\cat&cat.mp4_000022125.jpg|32093|720|376|/data/20190909/1568363118.jpg,C:\\Users\\oh\\Desktop\\테스트 이미지\\cat&cat.mp4\\cat&cat.mp4_000025125.jpg|27567|720|376|/data/20190909/1568750081.jpg,C:\\Users\\oh\\Desktop\\테스트 이미지\\cat&cat.mp4\\cat&cat.mp4_000028125.jpg|29684|720|376|/data/20190909/1568497708.jpg','','CID0000000000027','QmZi2ZSuTbwVLjGNKK9kL44bkgFXQCp9988tF3QJJCEJKA','QmdyJVGsSwgeaWTrWpUAxozwPWT68P62kUzXJPSSnevXv7','N','N','22857630064067604718077177649971316734542383768805082068338233966890680987008','',500,0,'basicMeta/basicMeta0.json','5697235550877995979886015805618922147261331126964597691498444114956512070227'),(39,'C05','','9bcecd9085fae8fa787ac3f3bd3c2f25a90e0610',0,'야생 다람쥐','다람쥐입니다~','N','',15006461,10,'N','N',1,0,0,0,0,'','N','',1,1568017543,0,0,0,'e0c33b39-74d2-4c71-bec0-33f93dbc3991','C:\\Users\\oh\\Desktop\\테스트 이미지\\Squirrel - 2717.mp4\\Squirrel - 2717.mp4_000001368.jpg|224491|1920|1080|/data/20190909/1568133241.jpg','C:\\Users\\oh\\Desktop\\테스트 이미지\\Squirrel - 2717.mp4\\Squirrel - 2717.mp4_000007374.jpg|251718|1920|1080|/data/20190909/1568123189.jpg,C:\\Users\\oh\\Desktop\\테스트 이미지\\Squirrel - 2717.mp4\\Squirrel - 2717.mp4_000013380.jpg|252223|1920|1080|/data/20190909/1568421022.jpg','','CID0000000000036','QmZ9VkthyL2fPmsQyBMpf37MQobk6tLXyDxAtuRVkduBtQ','QmSFHuwTK3y9LEqB1WYskSk7hcHosSFjoWg6j8fN3wCWb7','N','N','66630440411640726752341355928946405470068219427876824929970249072836496943158','',500,0,'basicMeta/basicMeta0.json','98709759309497065298287261440183464082964323419086595838998630930881074989950'),(40,'C02','','9bcecd9085fae8fa787ac3f3bd3c2f25a90e0610',0,'트와이스 큐티 영상','직캠입니다','N','',31698978,50,'N','N',0,0,0,0,0,'','N','',1,1568017576,0,0,0,'26fb5848-8984-46bb-87a7-3f93ea9e9d99','C:\\Users\\oh\\Desktop\\테스트 이미지\\Cute Video (TWICE) - FANCY.mp4\\Cute Video (TWICE) - FANCY.mp4_000013313.jpg|48451|608|1080|/data/20190909/1568498853.jpg','C:\\Users\\oh\\Desktop\\테스트 이미지\\Cute Video (TWICE) - FANCY.mp4\\Cute Video (TWICE) - FANCY.mp4_000001301.jpg|55970|608|1080|/data/20190909/1568840978.jpg,C:\\Users\\oh\\Desktop\\테스트 이미지\\Cute Video (TWICE) - FANCY.mp4\\Cute Video (TWICE) - FANCY.mp4_000007307.jpg|53281|608|1080|/data/20190909/1568484244.jpg,C:\\Users\\oh\\Desktop\\테스트 이미지\\Cute Video (TWICE) - FANCY.mp4\\Cute Video (TWICE) - FANCY.mp4_000010310.jpg|56584|608|1080|/data/20190909/1568607513.jpg,C:\\Users\\oh\\Desktop\\테스트 이미지\\Cute Video (TWICE) - FANCY.mp4\\Cute Video (TWICE) - FANCY.mp4_000016316.jpg|38349|608|1080|/data/20190909/1568229863.jpg,C:\\Users\\oh\\Desktop\\테스트 이미지\\Cute Video (TWICE) - FANCY.mp4\\Cute Video (TWICE) - FANCY.mp4_000019319.jpg|44122|608|1080|/data/20190909/1568598210.jpg,C:\\Users\\oh\\Desktop\\테스트 이미지\\Cute Video (TWICE) - FANCY.mp4\\Cute Video (TWICE) - FANCY.mp4_000022322.jpg|39556|608|1080|/data/20190909/1568161598.jpg,C:\\Users\\oh\\Desktop\\테스트 이미지\\Cute Video (TWICE) - FANCY.mp4\\Cute Video (TWICE) - FANCY.mp4_000025325.jpg|45360|608|1080|/data/20190909/1568608849.jpg','','CID0000000000034','QmP9Uxkohg6TmwYddcM7TbXKWPEimp2e9Dne4iJ18AHmQV','QmcDzgeryZ5BwfhBsbCB4egZWebD68youyUMZ18Kpnzyd8','N','N','105510962322012812300695994679609501508166313114853076463480844879060341257351','',800,0,'basicMeta/basicMeta0.json','83487364065782050760241907974585789961717256593053808215683359161369646805542'),(41,'C05','','9bcecd9085fae8fa787ac3f3bd3c2f25a90e0610',0,'반려견 초쿄를 소개합니다','귀엽게 봐주세요 하하','N','',9564846,10,'N','N',0,0,0,0,0,'','N','',1,1568017618,0,0,0,'27e1d3a8-b80b-4e29-af9a-df56eb0d93e5','C:\\Users\\oh\\Desktop\\테스트 이미지\\Dog - 15305.mp4\\Dog - 15305.mp4_000002080.jpg|195798|1920|1080|/data/20190909/1568933038.jpg','C:\\Users\\oh\\Desktop\\테스트 이미지\\Dog - 15305.mp4\\Dog - 15305.mp4_000008080.jpg|194550|1920|1080|/data/20190909/1568977488.jpg,C:\\Users\\oh\\Desktop\\테스트 이미지\\Dog - 15305.mp4\\Dog - 15305.mp4_000011080.jpg|193173|1920|1080|/data/20190909/1568457157.jpg','','CID0000000000038','QmRpENaQjDCubw96JsVp3gMzDnTrBqUu4KCRZ2mjWy28bi','QmWLcFqSTdcC7Xr167bhZaTDV2r87oL3RBJYzatX3kSg9s','N','N','104409127232033084277160289430153697028626065095125809551506077319315825957204','',300,0,'basicMeta/basicMeta0.json','56119795171959578683226997956006947597758350316834273672527845113674514262346'),(42,'C02','','9bcecd9085fae8fa787ac3f3bd3c2f25a90e0610',0,'방탄소년단 - 쩔어','완벽 안무!','N','',91912390,10,'N','N',1,0,0,0,0,'','N','',1,1568017643,0,0,0,'9bd3ce64-696b-4259-9d43-f37117ca90be','C:\\Users\\oh\\Desktop\\테스트 이미지\\[MV] BTS-DOPE.mp4\\[MV] BTS-DOPE.mp4_000019352.jpg|62545|1280|720|/data/20190909/1568184736.jpg','C:\\Users\\oh\\Desktop\\테스트 이미지\\[MV] BTS-DOPE.mp4\\[MV] BTS-DOPE.mp4_000021354.jpg|60491|1280|720|/data/20190909/1568940738.jpg,C:\\Users\\oh\\Desktop\\테스트 이미지\\[MV] BTS-DOPE.mp4\\[MV] BTS-DOPE.mp4_000024357.jpg|98047|1280|720|/data/20190909/1568626234.jpg,C:\\Users\\oh\\Desktop\\테스트 이미지\\[MV] BTS-DOPE.mp4\\[MV] BTS-DOPE.mp4_000025358.jpg|90505|1280|720|/data/20190909/1568972795.jpg,C:\\Users\\oh\\Desktop\\테스트 이미지\\[MV] BTS-DOPE.mp4\\[MV] BTS-DOPE.mp4_000026359.jpg|87369|1280|720|/data/20190909/1568228285.jpg','','CID0000000000035','QmR6KpP98owkTan1BcuWr9K2erBXGL53oefgif5g1s87L5','QmVtfT25GsJNehRBci8z1QfWpsG2gQyFbbvKFhZcNmPoFj','N','N','3757865112723220403302039561195380854108864259814851017026585349907634751971','',750,0,'basicMeta/basicMeta0.json','85132162221362888300540806568663539525569593712616779921272819368630008550893'),(43,'C02','','9bcecd9085fae8fa787ac3f3bd3c2f25a90e0610',0,'[MV]TWICE - HAPPY HAPPY','[MV]TWICE - HAPPY HAPPY','N','',263186795,20,'N','N',0,0,0,0,0,'','N','',1,1568017656,0,0,0,'9318f917-44a8-4ff1-92a4-c81dc55502d8','C:\\Users\\oh\\Desktop\\테스트 이미지\\[MV]TWICE - HAPPY HAPPY.mp4\\[MV]TWICE - HAPPY HAPPY.mp4_000011969.jpg|137828|1920|1080|/data/20190909/1568935010.jpg','C:\\Users\\oh\\Desktop\\테스트 이미지\\[MV]TWICE - HAPPY HAPPY.mp4\\[MV]TWICE - HAPPY HAPPY.mp4_000012970.jpg|133003|1920|1080|/data/20190909/1569010196.jpg,C:\\Users\\oh\\Desktop\\테스트 이미지\\[MV]TWICE - HAPPY HAPPY.mp4\\[MV]TWICE - HAPPY HAPPY.mp4_000013971.jpg|132238|1920|1080|/data/20190909/1568132095.jpg,C:\\Users\\oh\\Desktop\\테스트 이미지\\[MV]TWICE - HAPPY HAPPY.mp4\\[MV]TWICE - HAPPY HAPPY.mp4_000015973.jpg|223804|1920|1080|/data/20190909/1568703961.jpg,C:\\Users\\oh\\Desktop\\테스트 이미지\\[MV]TWICE - HAPPY HAPPY.mp4\\[MV]TWICE - HAPPY HAPPY.mp4_000017975.jpg|184270|1920|1080|/data/20190909/1568921003.jpg,C:\\Users\\oh\\Desktop\\테스트 이미지\\[MV]TWICE - HAPPY HAPPY.mp4\\[MV]TWICE - HAPPY HAPPY.mp4_000019977.jpg|128782|1920|1080|/data/20190909/1568967834.jpg,C:\\Users\\oh\\Desktop\\테스트 이미지\\[MV]TWICE - HAPPY HAPPY.mp4\\[MV]TWICE - HAPPY HAPPY.mp4_000020978.jpg|255016|1920|1080|/data/20190909/1568670741.jpg','','CID0000000000037','QmQvLooVXkk1nNg1YTGoSaRjtToBFJcwMV5tq5i3GPR57W','QmZSZWMsTg9tEShLayu1X376eUQFrtvPNfLgR72Pq5Z8mx','N','N','18092048712135517708939660597020138731625901694839409698538097244490279355379','',1200,0,'basicMeta/basicMeta0.json','43563255107722915179344614126447976004426961198282395861068977709869942514538'),(44,'C01','','9bcecd9085fae8fa787ac3f3bd3c2f25a90e0610',0,'블랙펜서','블랙펜서','N','',4428257,100,'N','N',0,0,0,0,0,'','N','',1,1568018408,0,0,0,'b9b41c89-373e-4722-80eb-30df95c9eb3f','C:\\Users\\Gaonsds\\Pictures\\black-panther-poster.jpg|178117|648|960|/data/20190909/1568277300.jpg','C:\\Users\\Gaonsds\\Pictures\\black-panther-poster.jpg|178117|648|960|/data/20190909/1568155373.jpg','','CID0000000000040','QmREt41NRr3asmZx5mLy6d9z9mQTJh3u3bPkQdExLgWc2Q','QmS25aoCnxoEKaxYxg5QYddGoqCv9BPcurDUZvmCPAfghz','N','N','25951834085629618413393809105367957398680127133120909524625211466057762676398','',200,0,'basicMeta/basicMeta0.json','38995903491837206356456438124972214707364655203053538331186240577359470088450'),(45,'C01','','9bcecd9085fae8fa787ac3f3bd3c2f25a90e0610',0,'air','200','N','',4428257,100,'N','N',0,0,0,0,0,'','N','',1,1568101650,0,0,0,'7e946794-860a-4693-9947-84413630eb26','C:\\Users\\Gaonsds\\Pictures\\IE001971931_STD.jpg|79911|665|442|/data/20190910/1568715583.jpg','C:\\Users\\Gaonsds\\Pictures\\EelKdXmA-1768x1262.jpeg|1214388|1768|1262|/data/20190910/1568556456.jpeg,C:\\Users\\Gaonsds\\Pictures\\IE002418920_STD.jpg|293570|1280|855|/data/20190910/1568362911.jpg','','CID0000000000060','QmUYhCez37xpBkBQXTjN75P2uymXwFsauCsccLHX6qviKe','QmVrzcjLjnEbiPXN1k4wQBQwZmYkY535UK7vba3bqDuYSN','N','N','18999533441993401033891019087387682084526122747856767636599091074148173318106','',200,0,'basicMeta/basicMeta0.json','68414042710173348396098271139996246101057884222797192889039167715109575551587'),(46,'C01','','9bcecd9085fae8fa787ac3f3bd3c2f25a90e0610',0,'111111','11','N','',12056907,10,'N','N',0,0,0,0,0,'','N','',1,1568103499,0,0,0,'e124935f-fa4b-4970-943e-b69e0e780585','C:\\Users\\blockchain_nb1\\Desktop\\테스트 동영상\\동영상 캡쳐 이미지\\B-Boy Wing Lil Amok and Popper Dassy Lee dances.mp4_000026680.jpg|17137|640|360|/data/20190910/1568586092.j','C:\\Users\\blockchain_nb1\\Desktop\\테스트 동영상\\동영상 캡쳐 이미지\\B-Boy Wing Lil Amok and Popper Dassy Lee dances.mp4_000002680.jpg|22368|640|360|/data/20190910/1568920451.jpg,C:\\Users\\blockchain_nb1\\Desktop\\테스트 동영상\\동영상 캡쳐 이미지\\B-Boy Wing Lil Amok and Popper Dassy Lee dances.mp4_000008680.jpg|27065|640|360|/data/20190910/1568752462.jpg,C:\\Users\\blockchain_nb1\\Desktop\\테스트 동영상\\동영상 캡쳐 이미지\\B-Boy Wing Lil Amok and Popper Dassy Lee dances.mp4_000011680.jpg|18450|640|360|/data/20190910/1568548553.jpg,C:\\Users\\blockchain_nb1\\Desktop\\테스트 동영상\\동영상 캡쳐 이미지\\B-Boy Wing Lil Amok and Popper Dassy Lee dances.mp4_000014680.jpg|28620|640|360|/data/20190910/1568238272.jpg','','CID0000000000062','QmVNKTa1LoBkLE9WKdRaQz2f5FSZprad39zxC98p1nvrqT','QmaC2mYFMAtCGSVmYkXCKhF3qfE7KXV7AytMU3CuNUB7Mi','N','N','33982430317283418357563355457854158845288908120056700285155843039074719095802','',200,0,'basicMeta/basicMeta0.json','3449920788245146802748557377773906779973437363222549796860787114583103958244'),(47,'C05','','9bcecd9085fae8fa787ac3f3bd3c2f25a90e0610',0,'아메리칸 숏헤어!!','반려묘입니다.','N','',13056112,10,'N','N',0,0,0,0,0,'','N','',1,1568113517,0,0,0,'8342e705-5830-4a57-877f-45083d10e194','C:\\Users\\oh\\Desktop\\테스트 이미지\\cat water.mp4\\cat water.mp4_000001333.jpg|46553|480|852|/data/20190910/1568207058.jpg','','','CID0000000000063','QmV7ozws2jHnX3J8dPCDUBGps2icypFYH5wxeYdRm2kkxb','QmRLT2WD32bK7GqCr63rwWaDRPr4UxJhATQuYVqjSEq3EY','N','N','101297626349879611066278952254086856128702872587714783325584178386016841653491','',1000,0,'basicMeta/basicMeta0.json','89743338645837360060177277849477311599572645805118506282929258015933705496859'),(48,'C01','','9bcecd9085fae8fa787ac3f3bd3c2f25a90e0610',0,'신규 콘텐츠','신규 콘텐츠','N','',12056907,10,'N','N',0,0,0,0,0,'','N','',1,1568163862,0,0,0,'b11caf3c-9f29-45d0-9654-e8e5166cc73b','C:\\Users\\blockchain_nb1\\Desktop\\테스트 동영상\\동영상 캡쳐 이미지\\B-Boy Wing Lil Amok and Popper Dassy Lee dances.mp4_000002680.jpg|22368|640|360|/data/20190911/1568949990.j','','','CID0000000000067','QmPHAnyYjrc7iNNh41b7YjdimiFYNfvEPq4Fwr6eyKSyyt','QmWXJy15H4kKbzDkmPhRUxzH8QxSiSTAi8XPuNytuPDYWF','N','N','2765169647411827634064105232042098842347812667476362584003830930990778536279','',500,0,'basicMeta/basicMeta0.json','97905940982334859446931148511290873055947919289694052274571510429960911910005'),(49,'C01','','9bcecd9085fae8fa787ac3f3bd3c2f25a90e0610',0,'마동석','마동석','N','',4428257,1,'N','N',1,0,0,0,0,'','N','',1,1568181023,0,0,0,'72cd1ade-adc0-414f-adfe-c9a98f6e7b8d','C:\\Users\\Gaonsds\\Pictures\\IE002418920_STD.jpg|293570|1280|855|/data/20190911/1568677160.jpg','C:\\Users\\Gaonsds\\Pictures\\IE002418920_STD.jpg|293570|1280|855|/data/20190911/1568788709.jpg,C:\\Users\\Gaonsds\\Pictures\\images (2).jpg|5129|177|284|/data/20190911/1569042308.jpg','','CID0000000000068','QmSJ4nmi5th1Gwpcsmb1fZXofZKo5R9TCGGZcfBHGP4mKC','QmRMu26AHaMVcfhVNZ94QsnKkTzJkkyaD1Qz18C5m5tQJ7','N','N','29242247468673992506164421191386334797060129331920247561235875832394352213859','',2,0,'basicMeta/basicMeta0.json','4805500176199298079116144121440132795916705625654242509792114267501536923906'),(50,'C01','','9bcecd9085fae8fa787ac3f3bd3c2f25a90e0610',0,'1','1','N','',12056907,1,'N','N',0,0,0,0,0,'','N','',1,1568181901,0,0,0,'766628de-be20-4b7c-87d8-ce2f2811d2ce','C:\\Users\\blockchain_nb1\\Desktop\\테스트 동영상\\동영상 캡쳐 이미지\\B-Boy Wing Lil Amok and Popper Dassy Lee dances.mp4_000002680.jpg|22368|640|360|/data/20190911/1569137322.j','','','CID0000000000070','QmVsVUWHtWBdJorwPVQmP4RV7kT4W9GsEdWZXnWkYT51WS','QmQUpgc99a5UEUzHfVBp7u5sKTJZPrXeZSDrzq8jY6wPSq','N','N','71666924568680279238415956783300846489209618523427888166612025794894333634412','',2,0,'basicMeta/basicMeta0.json','59630593762113605947482967978253095655334785269856089544777371820609172466277'),(51,'C01','','9bcecd9085fae8fa787ac3f3bd3c2f25a90e0610',0,'샘플동영상','샘플동영상','N','',119408716,10,'N','N',0,0,0,0,0,'','N','',1,1568183787,0,0,0,'e7d6a33a-7efb-45cb-898f-6c0f4aba1592','C:\\Users\\blockchain_nb1\\Desktop\\테스트 동영상\\동영상 캡쳐 이미지\\B-Boy Wing Lil Amok and Popper Dassy Lee dances.mp4_000002680.jpg|22368|640|360|/data/20190911/1569113078.j','C:\\Users\\blockchain_nb1\\Desktop\\테스트 동영상\\동영상 캡쳐 이미지\\B-Boy Wing Lil Amok and Popper Dassy Lee dances.mp4_000002680.jpg|22368|640|360|/data/20190911/1568563940.jpg,C:\\Users\\blockchain_nb1\\Desktop\\테스트 동영상\\동영상 캡쳐 이미지\\B-Boy Wing Lil Amok and Popper Dassy Lee dances.mp4_000008680.jpg|27065|640|360|/data/20190911/1568473631.jpg,C:\\Users\\blockchain_nb1\\Desktop\\테스트 동영상\\동영상 캡쳐 이미지\\B-Boy Wing Lil Amok and Popper Dassy Lee dances.mp4_000011680.jpg|18450|640|360|/data/20190911/1568973712.jpg,C:\\Users\\blockchain_nb1\\Desktop\\테스트 동영상\\동영상 캡쳐 이미지\\B-Boy Wing Lil Amok and Popper Dassy Lee dances.mp4_000014680.jpg|28620|640|360|/data/20190911/1568940440.jpg,C:\\Users\\blockchain_nb1\\Desktop\\테스트 동영상\\동영상 캡쳐 이미지\\B-Boy Wing Lil Amok and Popper Dassy Lee dances.mp4_000026680.jpg|17137|640|360|/data/20190911/1569105723.jpg','','CID0000000000071','QmPVxRXJEuo6BmBnWjdmCaGLdZuF9sgMvbMdgrsNM61xvj','QmaTGNDuWPdixt29JG1b6NYvjuRLHJzGKiZL9qoV8C3YG8','N','N','14491714613407001567578240457848067069036487331405805114777226309581761908714','',20,0,'basicMeta/basicMeta0.json','68887612626867465596997351076736784027002640046356606709530559800112857671348'),(52,'C13','','9bcecd9085fae8fa787ac3f3bd3c2f25a90e0610',0,'샘플 테스트','100','N','',119408716,100,'N','N',0,0,1,0,0,'','N','',1,1568599751,0,0,0,'72d3ddc2-386a-4b81-ab8b-6e7c9c39c821','','','','CID0000000000075','QmYX35LHykGEiA5KJoyDKdwMyndfV6ftBigLkm3QL2jy64','QmQzKSqy2q1fZ1h2QcNPCLBRxhEUTyRo46FPXZbFszxnZq','N','N','109215638176319109433672907226199641006452755382860663465775935722522296939602','',110,0,'basicMeta/basicMeta0.json','18562151627188082579848832025483674280597987146006338937172922379503544372199'),(53,'C06','','9bcecd9085fae8fa787ac3f3bd3c2f25a90e0610',0,'샘플 100','10','N','',119408716,10,'N','N',0,0,0,0,0,'','N','',1,1568602882,0,0,0,'94e34acc-56c7-45ed-ad51-37cfbc4830f3','C:\\Users\\blockchain_nb1\\Desktop\\샘플영상\\이미지\\sampe100.mp4\\sampe100.mp4_000027920.jpg|518732|3840|2160|/data/20190916/1569100038.jpg','','','CID0000000000076','QmUhP4ETRefbR9FM36x8zxfU9x9dzmkATohYvw7qwxrjht','QmR3VUt1xHMKZRbuh6wUc5S5NKdhbUGLv7Lp9zxcd2zVoL','N','N','50913790659063672296384285580085777606916598313016669697610978115862172345383','',11,0,'basicMeta/basicMeta0.json','31070133580203635573618506150801477978801673163851056307162007425145453165987'),(54,'C06','','9bcecd9085fae8fa787ac3f3bd3c2f25a90e0610',0,'샘플 40','10','N','',41145774,10,'N','N',0,0,0,0,0,'','N','',1,1568603419,0,0,0,'830e5d1d-88d8-40f2-85dc-3131aa9e4f17','C:\\Users\\blockchain_nb1\\Desktop\\샘플영상\\이미지\\sample40.mp4\\sample40.mp4_000012680.jpg|210134|1920|1080|/data/20190916/1569024589.jpg','C:\\Users\\blockchain_nb1\\Desktop\\샘플영상\\이미지\\sample40.mp4\\sample40.mp4_000015680.jpg|216087|1920|1080|/data/20190916/1569330043.jpg','','CID0000000000077','QmPMPwQh4ZBPf8VeUBm35t6KJbUro9Dm5x7CRh9PdoopfB','QmRivpwu6q3fWfiFDWmg5zU9ouNh4p254ojDve6bJAYgwc','N','N','100260361678911449513168856769868556869350902227878596424938159529467826514658','',12,0,'basicMeta/basicMeta0.json','53160356028925786106740733826527556291576691944062604002182133831046532406108'),(55,'C06','','9bcecd9085fae8fa787ac3f3bd3c2f25a90e0610',0,'샘플 테스트','10','N','',119408716,10,'N','N',0,0,0,0,0,'','N','',1,1568616701,0,0,0,'d2f2e538-2c66-4e93-8caa-305e5adac4a4','C:\\Users\\blockchain_nb1\\Desktop\\샘플영상\\이미지\\sampe100.mp4\\sampe100.mp4_000027920.jpg|518732|3840|2160|/data/20190916/1568820211.jpg','C:\\Users\\blockchain_nb1\\Desktop\\샘플영상\\이미지\\sampe100.mp4\\sampe100.mp4_000030920.jpg|529291|3840|2160|/data/20190916/1569312062.jpg','','CID0000000000079','QmSB8yuRc66gLzTC3et1TbDsviogrSd4bhNaSgycH5kNTu','QmXmsCtf5VhjaseEPgeEreMaLBEuwpRzCzvg7ekqTN6iyb','N','N','87829200477563541065998053718010524220827202878743247493878058362822500285754','',15,0,'basicMeta/basicMeta0.json','54889544109623141657967043901328300992303754875350703159401696047268287438104'),(56,'C01','','9bcecd9085fae8fa787ac3f3bd3c2f25a90e0610',0,'샘플 40메가','11','N','',41145774,10,'N','N',0,0,0,0,0,'','N','',1,1568620961,0,0,0,'cdc321d3-05f3-41cc-a37e-7f2892bfa45e','C:\\Users\\blockchain_nb1\\Desktop\\샘플영상\\이미지\\sample40.mp4\\sample40.mp4_000012680.jpg|210134|1920|1080|/data/20190916/1568948279.jpg','','','CID0000000000082','QmS2XYi6tfS9tQBZbAgmiZz9oTBM4LasL46QR6bP15uisi','QmXXGpK1rkUNJohaufduKpAunTrxNZdzg1RjVsG3Y3Bogw','N','N','54124340172238533013223799251450088593562881663293353638050550544133979554200','',15,0,'basicMeta/basicMeta0.json','40400026740247856931219012348095362826552516690038118722835487389203536164067'),(57,'C06','','9bcecd9085fae8fa787ac3f3bd3c2f25a90e0610',0,'40메가 샘플','10','N','',41145774,5,'N','N',0,0,0,0,0,'','N','',1,1568622547,0,0,0,'70354b8a-39c0-4826-8f8a-a0264f27e675','C:\\Users\\blockchain_nb1\\Desktop\\샘플영상\\이미지\\sample40.mp4\\sample40.mp4_000015680.jpg|216087|1920|1080|/data/20190916/1569409381.jpg','','','CID0000000000083','QmVZZVdszr9WikDTR4Axt9H8jfm8ZDrT9WGu2QP9gBnPQ9','QmQqkCa6YUPu42fXFx8Ad3TrVPraMmekoQHsxsDT4BQjNn','N','N','19061384430484594878930551368085566427441715199410347971634839301441966423088','',20,0,'basicMeta/basicMeta0.json','86312693063454546485771388665700401145023967699767862893918366409750711953933'),(58,'C01','','9bcecd9085fae8fa787ac3f3bd3c2f25a90e0610',0,'샘플 100메가','10','N','',119408716,10,'N','N',0,0,0,0,0,'','N','',1,1568623144,0,0,0,'acc6ae73-0bec-4230-b32e-a58b87b1093c','C:\\Users\\blockchain_nb1\\Desktop\\샘플영상\\이미지\\sampe100.mp4\\sampe100.mp4_000027920.jpg|518732|3840|2160|/data/20190916/1569453692.jpg','','','CID0000000000084','QmPozNBxxt4DgxU9ZZseFKTXpvTU6xzLVygFnk8q1Um3RR','QmWXExTM52xM7wtSxRdfkiYmynWAwTnKKtey9n8Mz8PW7t','N','N','21548423889906606905284694651366358440811063282468212111249641869685394363436','',15,0,'basicMeta/basicMeta0.json','48997388020057585041951203359710577177131655845207323399129696838762754397839'),(59,'C01','','9bcecd9085fae8fa787ac3f3bd3c2f25a90e0610',0,'100메가 라스트','1','N','',119408716,10,'N','N',0,0,0,0,0,'','N','',1,1568624865,0,0,0,'7c2480c0-b2d8-495f-85e6-a508fa4c8748','C:\\Users\\blockchain_nb1\\Desktop\\샘플영상\\이미지\\sampe100.mp4\\sampe100.mp4_000027920.jpg|518732|3840|2160|/data/20190916/1569245628.jpg','','','CID0000000000085','QmSWhBFFcYJvwU3CrhXnxpnkA7gSa2cchWJfKr5Ew21cL7','QmNyS59Xn3QCVi3gHFHV88tYJESkp9Ctn9q5X4CWvazTkA','N','N','24597606683106923938568390702048704408825004610293063549079103749778507139136','',15,0,'basicMeta/basicMeta0.json','91222542941416433462574413153808227399533551857421912424181808985183696578633'),(60,'C01','','9bcecd9085fae8fa787ac3f3bd3c2f25a90e0610',0,'4040404040','11','N','',41145774,10,'N','N',0,0,0,0,0,'','N','',1,1568625379,0,0,0,'4758b6cc-666f-4e5d-9ca8-8cc0a10e6df0','C:\\Users\\blockchain_nb1\\Desktop\\샘플영상\\이미지\\sample40.mp4\\sample40.mp4_000015680.jpg|216087|1920|1080|/data/20190916/1569057923.jpg','','','CID0000000000086','QmYoveH67fUNdxKtR5kyCZxNX7DvHzLKzLVrfjnguzbarR','QmZSmkw28RCwAMRfA7dYbHg3BMtgnrM79vMuBH7HgSxkWK','N','N','17678244724488665548104151464750944390207701353598892900001919088808275657592','',20,0,'basicMeta/basicMeta0.json','6848227223315638116632685735161010267501966241139656187949664774463758844829'),(61,'C03','','9bcecd9085fae8fa787ac3f3bd3c2f25a90e0610',0,'샘플','1','N','',119408716,1,'N','N',0,0,0,0,0,'','N','',1,1568626066,0,0,0,'c485ad77-e89c-467d-a0ad-112d029ffef0','C:\\Users\\blockchain_nb1\\Desktop\\샘플영상\\이미지\\sampe100.mp4\\sampe100.mp4_000027920.jpg|518732|3840|2160|/data/20190916/1568759244.jpg','','','CID0000000000087','QmTExPuczujRMXjfByjwZXqWVmy4HPPeVsfmPv5FswenML','QmR16DdF7frafZNsYySEgu5zR3rxyRvU3LmS3t1JRgNGdH','N','N','109491562684066516781277575471205245746796312860392226734512299203449799929785','',2,0,'basicMeta/basicMeta0.json','25941098879000742775288060621078871468633251848838591051915884758796558612709'),(62,'C04','','9bcecd9085fae8fa787ac3f3bd3c2f25a90e0610',0,'블랙핑크 재니 팬 싸인회','10','N','',71965039,2,'N','N',0,0,0,0,0,'','N','',1,1568681781,0,0,0,'8c3e0f2a-45d8-4d67-b925-25374de6424e','C:\\Users\\oh\\Desktop\\테스트 동영상 English\\테스트 이미지\\BLACKPINK-Jennie_Fancam.mp4\\BLACKPINK-Jennie_Fancam.mp4_000008058.jpg|142762|1920|1080|/data/20190917/1569361871.jpg','','','CID0000000000091','QmaymqFT6vi1jayXUuasGgqr5JXWV3FbuZT6iR59Awe8J3','QmaGAjbxCwRnWHQ9wGFXixFzBFTf3SYZFbDwgDVFKtiSLe','N','N','56085928603316883487788927419956813211207253358920099992322670671292538571713','',3,0,'basicMeta/basicMeta0.json','89982151620678432433214669302907385196241847812800274383368814505382777953652'),(63,'C02','','9bcecd9085fae8fa787ac3f3bd3c2f25a90e0610',0,'B-Boy Wing Lil Amok and Popper Dassy Lee dances','1','N','',12056907,1,'N','N',0,0,0,0,0,'','N','',1,1568686045,0,0,0,'1b8217f7-0394-4dae-b126-64534b08af78','','','','CID0000000000093','QmWxBcY1cf9gCo5qiDpcdjuUwvPhmaVFSB2m9XGtzmvhZF','QmVnm8wFGDG1qPqQvoTaYyzwa9AthLJfBnKS3zbV4PqoA8','N','N','35654887723860352358904477223136571741527512568793870617752395015386039432143','',2,0,'basicMeta/basicMeta0.json','86399421196341147049241448337767751930028411360280899008469118288195486830437'),(64,'C02','','9bcecd9085fae8fa787ac3f3bd3c2f25a90e0610',0,'크레용팝 TV','1','N','',361654372,1,'N','N',0,0,0,0,0,'','N','',1,1568686061,0,0,0,'5fd2ec7e-6ca0-4d59-93f0-ab57a4bf1bcb','C:\\Users\\oh\\Desktop\\테스트 동영상 English\\테스트 이미지\\crayonpopTVS02 E07.mp4\\crayonpopTVS02 E07.mp4_000010933.jpg|20229|480|320|/data/20190917/1568949508.jpg','','','CID0000000000092','QmNPJ1Y1Mkvzr6M7cpxK8jgHoqLAjytueNLWJTEe5VvAYm','QmPTLJG4ndsGyDEydTKDT9UtgfUX1aPhVEyXnqJe8WXyzo','N','N','95490558827368117952799519551767323760113190872741468693256107200712132413620','',2,0,'basicMeta/basicMeta0.json','34721489210818179837387456306480559835270651169034547452735247921073425994257'),(65,'C01','','9bcecd9085fae8fa787ac3f3bd3c2f25a90e0610',0,'ㅈ','1','N','',41145774,10,'N','N',0,0,0,0,0,'','N','',1,1568694935,0,0,0,'f52c8b6f-fdba-44f0-a06c-e04898f60c0b','C:\\Users\\blockchain_nb1\\Desktop\\샘플영상\\이미지\\sample40.mp4\\sample40.mp4_000012680.jpg|210134|1920|1080|/data/20190917/1569553539.jpg','','','CID0000000000112','QmWL7hatPuootQtCwW8vq4v4Gi6u5fSGvx2kCsxXMPVJWX','QmeE2L52FCYX7kbnyrMvqXz7e6pFPXpP4G6aJuA3wCvmaH','N','N','34761870644441725411922686635514498982151382621137978685290452685066743290037','',11,0,'basicMeta/basicMeta0.json','20479831177213215763394805017345540445211361996438200440373294984467916178922'),(66,'C06','','9bcecd9085fae8fa787ac3f3bd3c2f25a90e0610',0,'해변','해변 노을','N','',119408716,1,'N','N',0,0,0,0,0,'','N','',1,1568696076,0,0,0,'bea440d7-c187-4183-af4d-2a24e8491018','C:\\Users\\blockchain_nb1\\Desktop\\샘플영상\\이미지\\sampe100.mp4\\sampe100.mp4_000027920.jpg|518732|3840|2160|/data/20190917/1569435894.jpg','','','CID0000000000113','QmRB4iQwRvd9HBrLr9SResgABXz19CjWg8V8SQX6xMNuwu','QmWcbDKdMf27Zjgs31ZSYiZGndnbHXNEtp8FR9mCQ27Eku','N','N','107109634636421963294424385496313211867505097018983380339323366753679617145162','',2,0,'basicMeta/basicMeta0.json','113845641335082388876138675597158322888368216265332693060560826293517968150571'),(67,'C05','','9bcecd9085fae8fa787ac3f3bd3c2f25a90e0610',0,'Dog - 15305','1','N','',9564846,1,'N','N',0,0,1,0,0,'','N','',1,1568702375,0,0,0,'f46800a8-8448-407a-a36f-88d59e2630f5','C:\\Users\\oh\\Desktop\\테스트 동영상 English\\테스트 이미지\\Dog - 15305.mp4\\Dog - 15305.mp4_000002080.jpg|195798|1920|1080|/data/20190917/1569637505.jpg','','','CID0000000000117','QmTCWaG2AUSSCH5e7BEfsgePX8u4CBaPHEtyrmNyRAXn9t','QmTtppdxTZ8pUxS4eZCHEbfH3A6nKK3Vfv56Qr6ZaVXdZk','N','N','78901899584928611702394437793684649955385715281848926298100009435383701658310','',2,0,'basicMeta/basicMeta0.json','85627791247248504629602063127569010658022848417802790859074589322787811665025'),(68,'C06','','9bcecd9085fae8fa787ac3f3bd3c2f25a90e0610',0,'캠핑의 즐거움','2','N','',7098421,1,'N','N',0,0,0,0,0,'','N','',1,1568702399,0,0,0,'43497cc0-6d81-4a28-b857-6636c771f164','C:\\Users\\oh\\Desktop\\테스트 동영상 English\\테스트 이미지\\camping.mp4\\camping.mp4_000015708.jpg|52481|720|406|/data/20190917/1569527889.jpg','','','CID0000000000115','QmTsprrhmhm7fbW6s1tULvZnxcLhdg8EM9aazDUu3iTYbN','QmYgsCxEb8fLHUaMpHYDMLtAnB3pRs7aeTEN2wvE4aFCw4','N','N','77547897004764396066332288841223887979838741490554914985852157528170606018263','',2,0,'basicMeta/basicMeta0.json','86843287695842066016411642225306494594817632660830224674285895384719794649038'),(69,'C02','','9bcecd9085fae8fa787ac3f3bd3c2f25a90e0610',0,'B-Boy Wing Lil Amok and Popper Dassy Lee dances','1','N','',12056907,1,'N','N',0,0,0,0,0,'','N','',1,1568702438,0,0,0,'6e5bbff7-4f69-489b-8a10-dc3b7a6df06e','C:\\Users\\oh\\Desktop\\테스트 동영상 English\\테스트 이미지\\B-Boy Wing Lil Amok and Popper Dassy Lee dances.mp4\\B-Boy Wing Lil Amok and Popper Dassy Lee dances.mp4_000002680.jpg|22368|640|360|/data/20190917/1569063375.j','','','CID0000000000114','QmZdBdjWTKJwZrwr2pvVFVmqBgyZtAbzjT4GWmsCbM8GME','Qman3VNAtwNfijELpXKarUebYg87we3ZcopJczA4DRKL2b','N','N','114982974072885297872858601175642345556081858251390030590599638031001611338914','',2,0,'basicMeta/basicMeta0.json','92684088421257115317414595676654850970224439713577046565173098999203881682652'),(70,'C02','','9bcecd9085fae8fa787ac3f3bd3c2f25a90e0610',0,'Cute Video (TWICE) - FANCY','1','N','',31698978,1,'N','N',1,0,1,0,0,'','N','',1,1568702457,0,0,0,'24aab551-376a-4e21-afd9-1ebc983dd4a0','C:\\Users\\oh\\Desktop\\테스트 동영상 English\\테스트 이미지\\Cute Video (TWICE) - FANCY.mp4\\Cute Video (TWICE) - FANCY.mp4_000001301.jpg|55970|608|1080|/data/20190917/1569043870.jpg','','','CID0000000000120','QmUsXktTAwp7JRX343g9S7ymoWtHG5UgM1N4A2r9qstnjG','QmPmCsBJ61gk5ReUwkuoJe9jvXx7qQCJtAgZs6VxHgR1CD','N','N','67677635719206695061962909822434074738680108633961436848223339771686404486099','',2,0,'basicMeta/basicMeta0.json','58642937451704651373940316855603576442150648143547929222343592422774799966255'),(71,'C05','','9bcecd9085fae8fa787ac3f3bd3c2f25a90e0610',0,'Monkey - 2076.mp4','1','N','',12640666,1,'N','N',1,0,0,0,0,'','N','',1,1568702474,0,0,0,'4078a9e8-7020-43be-a5d9-41de8d729dab','C:\\Users\\oh\\Desktop\\테스트 동영상 English\\테스트 이미지\\Monkey - 2076.mp4\\Monkey - 2076.mp4_000001634.jpg|263155|1920|1080|/data/20190917/1569108446.jpg','','','CID0000000000119','QmQFbHnXdYT2C47LQfQsaHAWxZzEKcahfcjxP9wCk2Uv3y','QmXvADgdVmUpCGC1orc8WwisJP2AEVgALkoFrJjWhgC7Pz','N','N','39546286564019707949763177580279353530328431862541203991816691528153326894738','',2,0,'basicMeta/basicMeta0.json','9187759011889409514307951941572096044876483285765926191806307274806147821402'),(72,'C04','','9bcecd9085fae8fa787ac3f3bd3c2f25a90e0610',0,'[MV]TWICE - HAPPY HAPPY','11','N','',263186795,1,'N','N',0,0,0,0,0,'','N','',1,1568702493,0,0,0,'bdac668a-084d-4ac5-91c4-96c4d4a40199','C:\\Users\\oh\\Desktop\\테스트 동영상 English\\테스트 이미지\\[MV]TWICE - HAPPY HAPPY.mp4\\[MV]TWICE - HAPPY HAPPY.mp4_000011969.jpg|137828|1920|1080|/data/20190917/1569670520.jpg','','','CID0000000000116','QmeU1ZACbstF1gAUPkiX1kFeXz8CsYKCGTHtb5FJJ8BeVU','Qmdv6jqpv69YgqSJXJXkKvFe2kj1rbvwGso8Z7XicFs5sS','N','N','102551916641872572782556358836500282321804441701435731906688751766308270011368','',2,0,'basicMeta/basicMeta0.json','83225405101656609805335563347282775047489793913421082425433108838776940398296'),(73,'C01','','9bcecd9085fae8fa787ac3f3bd3c2f25a90e0610',0,'BLACKPINK Fancam.mp4','1','N','',74333964,1,'N','N',2,0,0,0,0,'','N','',1,1568702505,0,0,0,'d7a3de02-d0e4-4a34-898c-3bfa6469af5e','C:\\Users\\oh\\Desktop\\테스트 동영상 English\\테스트 이미지\\BLACKPINK Fancam.mp4\\BLACKPINK Fancam.mp4_000031765.jpg|155156|1920|1080|/data/20190917/1569255891.jpg','','','CID0000000000121','QmW6pPtjYXWBBWj8jXcVseC9ARqCx5jDmP4T2J9jYYpRvx','QmcVeWWQEWohuRJBX7nkJSgbeKyY5rAxebkCaJJhDnto6B','N','N','72434438853256444652235435971901128015207481435565951292902428923698242274909','',2,0,'basicMeta/basicMeta0.json','57836467552507429915179947202089509247845243410752840994755818395305124532136'),(74,'C06','','9bcecd9085fae8fa787ac3f3bd3c2f25a90e0610',0,'해변 석양','석양','N','',119408716,2,'N','N',1,0,0,0,0,'','N','',1,1568705197,0,0,0,'1d7b72d5-6b46-48e8-a137-73903a9af9f7','C:\\Users\\blockchain_nb1\\Desktop\\샘플영상\\이미지\\sampe100.mp4\\sampe100.mp4_000030920.jpg|529291|3840|2160|/data/20190917/1569010753.jpg','','','CID0000000000134','QmdyVKVdwLvxtYZHgiDoAAhytoQXD8qy6Zh9RsNMVakDWw','QmSuwH4LbmcBQb232dwsYSjwTBhLRXhWmWQ9aPMexoxNhU','N','N','86074931926135603413859792890362245208641740702930415291412527266739331292966','',3,0,'basicMeta/basicMeta0.json','85708761268382601031469742211158156652165284633865909219998839073052848387625'),(75,'C06','','9bcecd9085fae8fa787ac3f3bd3c2f25a90e0610',0,'석양','석양','N','',41145774,2,'N','N',1,0,0,0,0,'','N','',1,1568706155,0,0,0,'5b1f8930-96cc-4793-80b9-adfa807b2741','C:\\Users\\blockchain_nb1\\Desktop\\샘플영상\\이미지\\sample40.mp4\\sample40.mp4_000015680.jpg|216087|1920|1080|/data/20190917/1568826128.jpg','','','CID0000000000135','QmV68yT2JK9rmAcSPf8pLmxwNWPD9scdRause5fJrmx3ho','QmXroyTJkAxGn7sfDsw4us1bzxekJbkgbJ5bSZQJWgBsN1','N','N','18626439412726945835393399461514008521259234025447832491779832926113737461799','',3,0,'basicMeta/basicMeta0.json','112421586042788722268671363374620877579125463261313050541334673239027795374015'),(76,'C06','','9bcecd9085fae8fa787ac3f3bd3c2f25a90e0610',0,'해변 여행','해변 여행','N','',41145774,10,'N','N',1,0,1,0,0,'','N','',1,1568709630,0,0,0,'8759ac07-3363-4f77-b2b7-a8dea8585162','C:\\Users\\blockchain_nb1\\Desktop\\샘플영상\\이미지\\sample40.mp4\\sample40.mp4_000015680.jpg|216087|1920|1080|/data/20190917/1569704223.jpg','','','CID0000000000138','QmNsamUrEvYJnMKEpwxSxaxrXffaKK1hwNgn8wPu4NyB5c','QmdZ5E5rxM5PJSbgR7sgaWxoqWXAqSTsCk6Gq5rryuqZQV','N','N','20363428379027770652466632062691037566730783577301844479791933583476088935099','',12,0,'basicMeta/basicMeta0.json','32803555419971553505268323446395338398917506496693797099344634299844023568422'),(77,'C13','','9bcecd9085fae8fa787ac3f3bd3c2f25a90e0610',0,'sampe100.mp4','1','N','',119408716,1,'N','N',1,0,0,0,0,'','N','',1,1568772447,0,0,0,'8c579f83-b8c8-4d72-aa11-81195ac0ad7e','C:\\Users\\oh\\Desktop\\테스트 동영상 English\\테스트 이미지\\sampe100.mp4\\sampe100.mp4_000027920.jpg|518732|3840|2160|/data/20190917/1569668362.jpg','','','CID0000000000136','QmfSDH6siGtZpV2tpUMu2mXwyAePQ5uTNyrhkKTqh6LE1Q','QmaAMeLb8p95aL6EAbLxitsJacLD3biFSn9WaHXpv81T7C','N','N','95577474357460428577084685666434370007213292428857790319571914270071986550922','',2,0,'basicMeta/basicMeta0.json','76461310168477191287114497779817854990136680598010672898549179407728101850246'),(78,'C01','','9bcecd9085fae8fa787ac3f3bd3c2f25a90e0610',0,'100메가 테스트','1','N','',119408716,1,'N','N',1,0,0,0,0,'','N','',1,1568773633,0,0,0,'eac7294a-2d5a-4217-8f76-660a93610bbc','C:\\Users\\oh\\Desktop\\테스트 동영상 English\\테스트 이미지\\sampe100.mp4\\sampe100.mp4_000027920.jpg|518732|3840|2160|/data/20190918/1569767046.jpg','','','CID0000000000141','QmfTwxb6w5qhVXsA4tFxdDxb56iUozRWYFP9CbHuUjnNny','QmVQqfdERyYN6eRBoEzohatA5P63TECr8Wx2734nyVAPRe','N','N','82273182558987994966264298419314696125868642951232864770934991079569297528347','',2,0,'basicMeta/basicMeta0.json','71042624754350842509632652111740187874806028098494054511230989060409845219434'),(79,'C01','','9bcecd9085fae8fa787ac3f3bd3c2f25a90e0610',0,'이리온','11111111111111111','N','',33505479,1000,'N','N',2,0,1,0,0,'','N','',1,1568776213,0,0,0,'89832959-6ec7-452d-b67b-525d5780dfd9','C:\\toystory.mp4.jpg|254252|1018|684|/data/20190918/1569393383.jpg','','','CID0000000000140','QmXYszMHtrhGwy6QyBcLVS4S5ojUae2T2YGrXKoV6Uu5vu','QmSNdodnqFc4zT7cACLNRtYkqMVmZyqnH1yAcYXVm63uA4','N','N','33932227715880817120620633156622201543230932791056071732303877991762902665796','',1100,0,'basicMeta/basicMeta0.json','37091420764493526517937822427610366538143167256295114820717834796440927440513'),(80,'C06','','9bcecd9085fae8fa787ac3f3bd3c2f25a90e0610',0,'여름헤변2','여름','N','',41145774,10,'N','N',1,0,1,0,0,'','N','',1,1568778598,0,0,0,'94404d41-17b6-4f15-8cc7-7d899b938230','C:\\Users\\blockchain_nb1\\Desktop\\샘플영상\\이미지\\sample40.mp4\\sample40.mp4_000015680.jpg|216087|1920|1080|/data/20190918/1569357672.jpg','','','CID0000000000145','QmdHXqfXcnJFW2Sk9XEpYvNYwonDzmvpb4Y52RU1inUtpn','QmcYiQxfYzgkVHHVYsbUFRm3LPvnRhwQXBeKyvtRSvo4H1','N','N','38771440018121141346478071965243735308889932428653274890796876432172450756191','',11,0,'basicMeta/basicMeta0.json','29999498853895323155577692763496573424063911850912573837307845971395683948350'),(81,'C01','','9bcecd9085fae8fa787ac3f3bd3c2f25a90e0610',0,'100','100','N','',119408716,1,'N','N',2,0,0,0,0,'','N','',1,1568779236,0,0,0,'2a503a66-1f0f-434c-b9e4-00f362ceb070','C:\\Users\\oh\\Desktop\\테스트 동영상 English\\테스트 이미지\\sampe100.mp4\\sampe100.mp4_000030920.jpg|529291|3840|2160|/data/20190918/1569255706.jpg','','','CID0000000000146','QmNbEW3Z5HmWbpGGBZ4zUp96Y4M4ARnBDwpZvLS7maLppr','QmSBst3oSuaWqUSeT1y5ZjMP6PrAwU2yQoxT9jWZmgWvH8','N','N','93204325156036302306982403309359658596850686001447306858022761725104197424386','',2,0,'basicMeta/basicMeta0.json','85172365046460878502751415345992212855940951447373136958123245355859294298248'),(82,'C03','','9bcecd9085fae8fa787ac3f3bd3c2f25a90e0610',0,'4040','1','N','',41145774,1,'N','N',1,0,1,0,0,'','N','',1,1568779502,0,0,0,'daa801ab-4277-4209-b772-84de07e0cf7b','C:\\Users\\oh\\Desktop\\테스트 동영상 English\\테스트 이미지\\sample40.mp4\\sample40.mp4_000012680.jpg|210134|1920|1080|/data/20190918/1569011285.jpg','','','CID0000000000147','QmfXWSRmq8JFnXdDTLH99PBFS8U7VM9aD3SGFgquRF14ss','QmR1eU3AbFFLTYqKVJg6dZVubE8Sb3ixfTzvCfkiKZWcBh','N','N','27184926580437627858901449276174888567731527796985329297847224854327431139920','',2,0,'basicMeta/basicMeta0.json','45240531867008996974113529499796121892994147158569194598622299836754203790717'),(83,'C06','','9bcecd9085fae8fa787ac3f3bd3c2f25a90e0610',0,'여행3','여행3','N','',41145774,10,'N','N',1,0,1,0,0,'','N','',1,1568782106,0,0,0,'f9427dd3-dc6a-40fa-bbc4-adef778f236a','C:\\Users\\blockchain_nb1\\Desktop\\샘플영상\\이미지\\sample40.mp4\\sample40.mp4_000015680.jpg|216087|1920|1080|/data/20190918/1569689762.jpg','','','CID0000000000148','QmdqxgREsi4Fvtgmdviay3C7J2pdFdu7C4wp173dAJpkP8','QmS2zqmvQfp99LrptYSHB2sMkSGtVCvYGEHdDgCNPezgcV','N','N','85888363344217728724764481224170434693360055149347928959034637619523607170000','',12,0,'basicMeta/basicMeta0.json','71899302457090282390629452360327880091714722668986228847342123826930140213748'),(84,'C06','','9bcecd9085fae8fa787ac3f3bd3c2f25a90e0610',0,'해변여행','해변여행','N','',41145774,10,'N','N',1,0,1,0,0,'','N','',1,1568786336,0,0,0,'9379e165-fc44-45b5-9823-0d2734050cd1','C:\\Users\\blockchain_nb1\\Desktop\\샘플영상\\이미지\\sample40.mp4\\sample40.mp4_000015680.jpg|216087|1920|1080|/data/20190918/1569513728.jpg','','','CID0000000000149','QmUzcAXNvYiAwkjXNEo2USifwk2mHmp8B6yGcmkYM6crDk','QmSM8CGRFhs2SzBEibnu62xLD6VXZ5FLpz7ttnGDgctdX1','N','N','71409371428597680423985874046919777648168087516546005416214534663162483879556','',12,0,'basicMeta/basicMeta0.json','53117875001289559484169614171435279605440936980640741965870231567260659979215'),(85,'C04','','9bcecd9085fae8fa787ac3f3bd3c2f25a90e0610',0,'토스트','1','N','',42024527,1,'N','N',1,0,1,0,0,'','N','',1,1568792699,0,0,0,'b52b12ed-641d-42b5-af85-0f8b652e1ac0','C:\\Users\\oh\\Desktop\\테스트 동영상 English\\테스트 이미지\\Bacon Toast - Korean Street Food.mp4\\Bacon Toast - Korean Street Food.mp4_000141066.jpg|72006|1280|720|/data/20190918/1568921240.jpg','','','CID0000000000152','QmdWeJbuChv7NwpryF9rD6N4uZoaCxppyQFnMxjWLdxhTg','QmQ9GJDpMEZgFhrHZ2wT3MATWNWmFxvjx43qDtGVckB4WD','N','N','93275055007638455253480190772319608176884301303745965335235339228272414882730','',2,0,'basicMeta/basicMeta0.json','69062324899976219724532372015004633602968413683594303855771843818988460228044'),(86,'C04','','9bcecd9085fae8fa787ac3f3bd3c2f25a90e0610',0,'테스트1','내용입니다.','N','',119408716,7,'N','N',1,0,1,0,0,'','N','',1,1568794119,0,0,0,'2cb8b098-cdfc-409e-8784-26e53b3aec8a','C:\\Users\\blockchain_nb1\\Desktop\\샘플영상\\이미지\\sampe100.mp4\\sampe100.mp4_000027920.jpg|518732|3840|2160|/data/20190918/1569184059.jpg','','','CID0000000000160','QmNeXZn8ZJZaFXCArEjz3xNkXwRBMTc9uac4MPN6hdFo6x','QmfXPXabbCTxKBqkgQW89KtrkfGP5dyYeKYSFQYzi1Hp4L','N','N','1792003946610477337309185376538587742126900148654608042739003777232311027519','',10,0,'basicMeta/basicMeta0.json','92630641039693081177984013407836162172901259418384131579984831214268774786623'),(87,'C01','','9bcecd9085fae8fa787ac3f3bd3c2f25a90e0610',0,'333','1','N','',25380741,1,'N','N',2,0,0,0,0,'','N','',1,1568795934,0,0,0,'09bab41a-26c2-4031-9b2b-c0e18ad7da02','C:\\Users\\oh\\Desktop\\테스트 동영상 English\\테스트 이미지\\B-Boy Wing Lil Amok and Popper Dassy Lee dances.mp4\\B-Boy Wing Lil Amok and Popper Dassy Lee dances.mp4_000002680.jpg|22368|640|360|/data/20190918/1569015293.j','','','CID0000000000157','QmdGVzZrfmBuyeyeNQyQHgyZw8DdDxseV6CK3QM4MSs3d5','Qmdxk1c5iwgDjPW8yM5kkXSGsXueN3WsG6drepNRzqPm1L','N','N','98599908522684508137709331338703829650517355786345204573427702854054452622147','',2,0,'basicMeta/basicMeta0.json','57844827025586915200252561330386318268557886000834639136293600173591696524372'),(88,'C01','','9bcecd9085fae8fa787ac3f3bd3c2f25a90e0610',0,'55','1','N','',28703623,1,'N','N',2,0,0,0,0,'','N','',1,1568795949,0,0,0,'b508ddfe-8b63-4cca-804d-b975a5cb7645','C:\\Users\\oh\\Desktop\\테스트 동영상 English\\테스트 이미지\\Michael Hooper - Rugbys Biggest Thugs.mp4\\Michael Hooper - Rugbys Biggest Thugs.mp4_000010610.jpg|52441|1280|720|/data/20190918/1569296437.jpg','','','CID0000000000158','QmQDWUqvAx34e5PzY5VGkjHMKT4rsioDif9QZvWsJwj2Fb','QmRWo5Fk9R6AdRTsaEus7qCAzTwyZ5qLkSgNTQNm7vu2Xn','N','N','84804712576173444917441074681514265225957381269810765530865534133673720571721','',2,0,'basicMeta/basicMeta0.json','6789565618663090309568709022104915428331493142058218623762668150372659878135'),(89,'C01','','9bcecd9085fae8fa787ac3f3bd3c2f25a90e0610',0,'영상','1','N','',119408716,1,'N','N',2,0,0,0,0,'','N','',1,1568796485,0,0,0,'faeb4ff6-baad-4d9a-8d7a-053a6d254934','C:\\Users\\oh\\Desktop\\테스트 동영상 English\\테스트 이미지\\sampe100.mp4\\sampe100.mp4_000027920.jpg|518732|3840|2160|/data/20190918/1569594353.jpg','','','CID0000000000163','QmRcvryngh3HstS8ig8mshqNHc6KmgDGjGQJe8wWKCYWdX','QmVfdKxtuZm26W3K7SUYRiscZ3uNsi1vuS1t4iz9L1h9x9','N','N','79903957703088813318149446251823996915869073467407471452275450720674326273408','',2,0,'basicMeta/basicMeta0.json','63503309658646220698196881891812214486211576087487502572766187127310055089693'),(90,'C03','','9bcecd9085fae8fa787ac3f3bd3c2f25a90e0610',0,'소정석2','테스트','N','',119408716,5,'N','N',1,0,0,0,0,'','N','',1,1568798637,0,0,0,'b2f102bb-6bc3-4bc9-96da-cd7b652df83e','C:\\Users\\blockchain_nb1\\Desktop\\샘플영상\\이미지\\sampe100.mp4\\sampe100.mp4_000030920.jpg|529291|3840|2160|/data/20190918/1569127654.jpg','','','CID0000000000162','QmPZ48RWu1QMH8uruGeDG5p2GiRxP1mwkZf2wp2mkmPWsw','QmYxkhuaYhM4M5AUPzCTNVdzuv4VmnG9QyNomRm5RxZyac','N','N','99516746937268475967743547926400604083945301826352064746942473695412690628867','',15,0,'basicMeta/basicMeta0.json','39517088107282011357435489440500385276697553043480900403257428633560430690258'),(91,'C01','','9bcecd9085fae8fa787ac3f3bd3c2f25a90e0610',0,'sam','1','N','',119408716,1,'N','N',1,0,0,0,0,'','N','',1,1568800532,0,0,0,'b7929a1c-ef07-4ad5-b3d6-bf34ab95f99b','C:\\Users\\oh\\Desktop\\테스트 동영상 English\\테스트 이미지\\sampe100.mp4\\sampe100.mp4_000030920.jpg|529291|3840|2160|/data/20190918/1569286739.jpg','','','CID0000000000166','QmNZETnbDYP1s2gDQ6mnskb8RUiHsikZoXpebUJQcZRDk5','QmWECcfcERk2MUUDKLXCkaebe8igRWH33v55Fa2YahQG95','N','N','1669194665131670053870388261769087013352591096676088419443824066714624801689','',2,0,'basicMeta/basicMeta0.json','106167078246161470350892327708680384227783207706061251255563156266290878737410'),(92,'C01','','9bcecd9085fae8fa787ac3f3bd3c2f25a90e0610',0,'소정석3','내용','N','',119408716,10,'N','N',1,0,0,0,0,'','N','',1,1568801559,0,0,0,'13e27b5a-9ec9-4419-a62a-0b4ba10a40c0','C:\\Users\\blockchain_nb1\\Desktop\\샘플영상\\이미지\\sampe100.mp4\\sampe100.mp4_000027920.jpg|518732|3840|2160|/data/20190918/1569141942.jpg','','','CID0000000000167','QmZJtbnAXkWSnmPZWKCjzsWL2fnFzdMyaaC5L2rU46Hj2y','QmW8UpRMCtbp2bRqejrQxsSrf7fAqUpvyNDas2sj2xLRnu','N','N','8781874951452570974542345447253790438311184058695340043063881094699289759538','',30,0,'basicMeta/basicMeta0.json','39390803701521693569063302566446944824042173641403237359874568080295163122789'),(93,'C01','','9bcecd9085fae8fa787ac3f3bd3c2f25a90e0610',0,'콘텐츠 입력','콘텐츠 입력','N','',119408716,1000,'N','N',2,0,0,0,0,'','N','',1,1568806551,0,0,0,'05dd4b8e-3410-4c67-a840-5e6a3ba5305e','C:\\Users\\blockchain_nb1\\Desktop\\샘플영상\\이미지\\sampe100.mp4\\sampe100.mp4_000030920.jpg|529291|3840|2160|/data/20190918/1569718876.jpg','','','CID0000000000169','QmYYA8B8XLtfGwZNXSnKbMfpRTRxbmaHF52cLMWgQpjrZY','QmRihwh6eoo7Dk8sbujvsyFepdTQ64XZsAdpeWi9bTQv8G','N','N','79214051047740842096326543614777505613722696036227477344303647557089804785601','',1010,0,'basicMeta/basicMeta0.json','77053420467876623796146432770195656433197911865171949117245179482928403917993'),(94,'C01','','9bcecd9085fae8fa787ac3f3bd3c2f25a90e0610',0,'100','100','N','',119408716,10,'N','N',2,0,0,0,0,'','N','',1,1568806735,0,0,0,'012e265b-754b-4f12-8b46-b6c0ae89969f','C:\\Users\\blockchain_nb1\\Desktop\\샘플영상\\이미지\\sampe100.mp4\\sampe100.mp4_000027920.jpg|518732|3840|2160|/data/20190918/1569248245.jpg','','','CID0000000000168','QmcfoPCbVCqyZ18Ry9x5thaPsm6Ve1GQt2t18m3qxCFpRP','QmSbxy96i8NQjq4CjqzXuMNK3APTyaukHJ1eP2EcnBXRPa','N','N','11405015642117264280696781600618626528430616276907996431978519207309091189657','',101,0,'basicMeta/basicMeta0.json','30139157144471625847984620603305854195803450979192356384225991977802700175575'),(95,'C06','','9bcecd9085fae8fa787ac3f3bd3c2f25a90e0610',0,'석양이 아름다운 해변','석양이 아름다운 OOO 해변입니다.','N','',41145774,1000,'N','N',1,0,1,0,0,'','N','',1,1568811347,0,0,0,'d2003d32-3e27-4c2d-ae95-b93697b2da97','C:\\Users\\blockchain_nb1\\Desktop\\샘플영상\\이미지\\sample40.mp4\\sample40.mp4_000012680.jpg|210134|1920|1080|/data/20190918/1569090607.jpg','','','CID0000000000170','QmdcJBFSdBuj4cF49P41G42ar3KduU8BJyS2y88VNm1oAf','QmYCK9f2kznAHvCvdiKf3GJ4Dbwa3C95x76PK756ideRfs','N','N','37797643285267788697194063551559005301235757129532331967988554166712775540604','',1020,0,'basicMeta/basicMeta0.json','5890632848213036820968870109665728996744610239035668422081767843229969383014'),(96,'C06','','9bcecd9085fae8fa787ac3f3bd3c2f25a90e0610',0,'해변여행 석양','해변여행 석양입니다.','N','',41145774,1000,'N','N',2,0,1,0,0,'','N','',1,1568871519,0,0,0,'44060794-2c9b-4687-890b-28e3a201d7be','C:\\Users\\blockchain_nb1\\Desktop\\샘플영상\\이미지\\sample40.mp4\\sample40.mp4_000012680.jpg|210134|1920|1080|/data/20190919/1569048404.jpg','','','CID0000000000171','QmTMVXhdba97PvMGpiGaj7EGAH724hsNoXVKG6TYULqnv9','QmSJuQkmtnCYp7AXDxAtLvS6qVdhN4uRqpHdKLLXu17NvS','N','N','28760621533920975748867571616582010939808721759173830122987997617759393505548','',1020,0,'basicMeta/basicMeta0.json','46794663940368228372319082969170789665635325730691687257601486106313641872752'),(97,'C01','','9bcecd9085fae8fa787ac3f3bd3c2f25a90e0610',0,'base64콘텐츠테스트2','1','N','',4428257,10,'N','N',2,0,0,0,0,'','N','',1,1569376449,0,0,0,'bf6985bc-e6ab-48a6-a529-31b3ce09b876','C:\\Users\\Gaonsds\\Pictures\\6.jpg|366513|903|1288|/data/20190925/1569862641.jpg','C:\\Users\\Gaonsds\\Pictures\\2018112111082779720_l.jpg|319066|640|426|/data/20190925/1569939783.jpg,C:\\Users\\Gaonsds\\Pictures\\black-panther-poster.jpg|178117|648|960|/data/20190925/1570197395.jpg','','CID0000000000185','QmVpbaMK3ox4yUk2XjjBWatktGY218eiDCheFZ93MnNd45','QmawJcLGktkG5nZyo113hrbaZPWZFjrzWPyzzQJB51nU8D','N','N','5242254057186056907578538389845417325599844727491755917612012492817164673385','',11,0,'basicMeta/basicMeta0.json','12568840917827998767302422568839714512675188776996295410570095588739756019902'),(98,'C01','','9bcecd9085fae8fa787ac3f3bd3c2f25a90e0610',0,'테스트','테스트','N','',7098421,10,'N','N',2,0,0,0,0,'','N','',1,1569380101,0,0,0,'4f9daa75-d28c-4c3b-bf25-872d23782735','C:\\Users\\blockchain_nb1\\Desktop\\샘플영상\\이미지\\sample40.mp4\\sample40.mp4_000012680.jpg|210134|1920|1080|/data/20190925/1570094593.jpg','C:\\Users\\blockchain_nb1\\Desktop\\샘플영상\\이미지\\sampe100.mp4\\sampe100.mp4_000027920.jpg|518732|3840|2160|/data/20190925/1569785223.jpg,C:\\Users\\blockchain_nb1\\Desktop\\샘플영상\\이미지\\sampe100.mp4\\sampe100.mp4_000030920.jpg|529291|3840|2160|/data/20190925/1570124563.jpg','','CID0000000000186','QmeyxVuN85ySmFBDi7ydMQxn3JkUxrTip9K8AG9gAE7pyn','QmSx8qXQZXbrF1M4Ux2NnyHfMSwiXVs1ymbNggUfcCjQvq','N','N','69953428953342550578495806863539444208057931229163050689177382811260214316460','',11,0,'basicMeta/basicMeta0.json','81699549363792295236506334653245173349745215423767919064223605004132531369225'),(99,'C01','','9bcecd9085fae8fa787ac3f3bd3c2f25a90e0610',0,'영상석양_TEST','영상석양_TEST','N','',119408716,100,'N','N',2,0,0,0,0,'','N','',1,1569832694,0,0,0,'11333e62-6ec6-4e1e-ab42-ecb1bfab39e3','C:\\Users\\blockchain_nb1\\Desktop\\샘플영상\\이미지\\sample40.mp4\\sample40.mp4_000012680.jpg|210134|1920|1080|/data/20190930/1570124183.jpg','','','CID0000000000226','QmU48xME8iVksnss2Dk5gLGmL6fyZMEUxTUHCvcETBpr3q','QmZN2QAcC8ST4cSWmz2geqwV7YDQLcKPRpTTrfi5D9vZ6i','N','N','77394546929883801274086139908212612739744217689736709471684427491397501413438','',101,0,'basicMeta/basicMeta0.json','26818794879370504874207367997210463565028158123988299741835403450610680321655'),(100,'C01','','9bcecd9085fae8fa787ac3f3bd3c2f25a90e0610',0,'TEST crayonpop','TEST crayonpop','N','',361654372,100,'N','N',2,0,0,0,0,'','N','',1,1569892769,0,0,0,'0f836f20-5785-455d-a0ba-6236f0840ecc','C:\\Users\\blockchain_nb1\\Desktop\\샘플영상\\이미지\\sample40.mp4\\sample40.mp4_000012680.jpg|210134|1920|1080|/data/20191001/1570123204.jpg','','','CID0000000000227','QmXb3cW86Kvov4LjzrrwgFKy6dAoxyzFRiufW8gaoGkCu9','QmfCpV5HpLQD3AixoyMeKZLs2vaLSQBLoQBwJ7T64BAdYC','N','N','23708258675090914620887912200298429398488813384604629622434336406735954243052','',120,0,'basicMeta/basicMeta0.json','105966984973791379028872986684524204027907009427926040419798329670959863625690'),(101,'C01','','9bcecd9085fae8fa787ac3f3bd3c2f25a90e0610',0,'BTS_DNA_TEST','BTS_DNA_TEST','N','',956367390,50,'N','N',1,0,0,0,0,'','N','',1,1569903544,0,0,0,'d8bcc339-e42d-4da2-a6d6-be40bd091494','C:\\Users\\blockchain_nb1\\Desktop\\동영상\\캡쳐 이미지\\Monkey - 2076.mp4\\Monkey - 2076.mp4_000007640.jpg|298192|1920|1080|/data/20191001/1570595517.jpg','','','CID0000000000228','QmQT8nrMQeUtf5MaaP9eQsy8yy4hiXutqdGWLSAnRySLGn','QmbQ9hMoMHjfFCr5T3v9bf2wn2AG2qXSV1rMgBnocJFGog','N','N','106646947885807759490096224184984234924630482829086647613552657940313041632263','',60,0,'basicMeta/basicMeta0.json','88508349221212003719249929320701735398876784285306298161347732828314499548443'),(102,'C01','','9bcecd9085fae8fa787ac3f3bd3c2f25a90e0610',0,'BTS_TEST_1','BTS_TEST_1','N','',91912390,15,'N','N',1,0,0,0,0,'','N','',1,1569915821,0,0,0,'dd3a4eb6-3e3f-4411-a8b8-12de0fa92321','C:\\Users\\blockchain_nb1\\Desktop\\동영상\\캡쳐 이미지\\cat&cat.mp4\\cat&cat.mp4_000016125.jpg|31764|720|376|/data/20191001/1570465172.jpg','','','CID0000000000229','Qmdq6LVgndeg6VWWfeZ4F7ZcGSFYGEqdiUAHyr5hF4AbZR','QmXkVeuJmyjZiUbtJJbXgmiAmwbQxF8pn9avUFtbRg3nZa','N','N','9986290039047962947251508604447442653784623944436526967737635209458897838005','',20,0,'basicMeta/basicMeta0.json','114290482782792038304524538778108763274573408033402678165216116970132022819771'),(103,'C01','','9bcecd9085fae8fa787ac3f3bd3c2f25a90e0610',0,'sample data test','sample data test','N','',119408716,12,'N','N',1,0,0,0,0,'','N','',1,1569920167,0,0,0,'1d3e6456-48b8-42af-b28b-24e09c70ff36','C:\\Users\\blockchain_nb1\\Desktop\\동영상\\캡쳐 이미지\\BLACKPINK-Jennie_Fancam.mp4\\BLACKPINK-Jennie_Fancam.mp4_000011061.jpg|103366|1920|1080|/data/20191001/1570524220.jpg','','','CID0000000000230','QmTiBiqWgPGrUHBcC2wz4uGmZ7nZaq6dGAyoyFiqCRjkCh','QmfQbvfSB32Qr7iC23E4DEKiKrLGuDrzgYPpAxdEfJAUfJ','N','N','59843494524534322192868752153388021849467534984039130701734374829871859010245','',15,0,'basicMeta/basicMeta0.json','111226970896164902009956016354246969537651314344271822018264723879590558923946'),(104,'C01','','9bcecd9085fae8fa787ac3f3bd3c2f25a90e0610',0,'TESTESTEST','TESTESTEST','N','',361654372,30,'N','N',1,0,0,0,0,'','N','',1,1569927810,0,0,0,'396e92a3-1b3f-46e7-9aa2-c935024f8d6f','C:\\Users\\blockchain_nb1\\Desktop\\샘플영상\\이미지\\sample40.mp4\\sample40.mp4_000015680.jpg|216087|1920|1080|/data/20191001/1570478378.jpg','','','CID0000000000231','QmfSzPaqUJ63gZwXDh8vTw99vE2WCvm16horXFPyVBmpzu','QmRsLRUcCh1rGgQk4qLUfGkaws4zqRr8UxzGVbzTCDBkVs','N','N','109631771267750839530371390711951256383187243016747662358723046313345513401539','',40,0,'basicMeta/basicMeta0.json','111074167875343820824793634555487886938018193582611580752852793677503086887170'),(105,'C01','','9bcecd9085fae8fa787ac3f3bd3c2f25a90e0610',0,'트와이스 해피해피','트와이스 해피해피','N','',263186795,100,'N','N',1,0,0,0,0,'','N','',1,1569977397,0,0,0,'8d3574eb-706e-4c92-9363-a631ab1be181','C:\\Users\\blockchain_nb1\\Desktop\\동영상\\캡쳐 이미지\\[MV] BTS-DOPE.mp4\\[MV] BTS-DOPE.mp4_000021354.jpg|60491|1280|720|/data/20191002/1570822868.jpg','','','CID0000000000232','Qmf1miNtLKhtXQdwDtkj4Y2h381qEPEZoA7EfsXMytX428','QmToSn2V7SkDmdYbo1dESFAjmUWFKaPRqGFbiDkwZJQyG4','N','N','75024805983399315993872208066817239389388331937249658409287741650488518729442','',150,0,'basicMeta/basicMeta0.json','100827857164141420097413571471121914547895419759311257371160572672396266424620'),(106,'C01','','9bcecd9085fae8fa787ac3f3bd3c2f25a90e0610',0,'크레용팝 테스트_1','크레용팝 테스트_1','N','',361654372,100,'N','N',1,0,0,0,0,'','N','',1,1569977417,0,0,0,'9e9d4ecf-5d79-49c6-816a-24f23ef93557','C:\\Users\\blockchain_nb1\\Desktop\\동영상\\캡쳐 이미지\\BLACKPINK Fancam.mp4\\BLACKPINK Fancam.mp4_000016750.jpg|142100|1920|1080|/data/20191002/1570439266.jpg','','','CID0000000000233','QmSMjY3DfKBPX4C7UdxnvCQWj12HkRUQyi5qSLrMPq4jU1','Qmc2AoDmBtQya7JLVZWwKe4yjRrZKLJ9ByfqCxNkkxpRnR','N','N','83254492134305288013391743548712272294235304030142877690048534679415365994592','',120,0,'basicMeta/basicMeta0.json','10487357675491673732606324294338563837603508377075877356911889687490578708904'),(107,'C01','','9bcecd9085fae8fa787ac3f3bd3c2f25a90e0610',0,'TEST 영상 1','TEST 영상 1','N','',119408716,30,'N','N',1,0,0,0,0,'','N','',1,1569977983,0,0,0,'d9fb5098-6ec0-48f6-93cf-643b1b01b592','C:\\Users\\blockchain_nb1\\Desktop\\샘플영상\\이미지\\sampe100.mp4\\sampe100.mp4_000027920.jpg|518732|3840|2160|/data/20190930/1570679907.jpg','','','CID0000000000221','QmNvp5WJ2iHHJuvbvPzJg51vNqcRujyPq2gPM8HXKiBTVp','QmPtwynZGBeJgvq6jXYwRYb8A4ukEs527SxPApewreRTw8','N','N','80739764629993509446107941154173504320807015499551876523040920509219912401992','',31,0,'basicMeta/basicMeta0.json','25524825525284630547396634671332121372356057379643725827549370133579991141054'),(108,'C01','','9bcecd9085fae8fa787ac3f3bd3c2f25a90e0610',0,'블랙핑크_1','블랙핑크_1','N','',74333964,80,'N','N',1,0,0,0,0,'','N','',1,1569985061,0,0,0,'57462580-6835-44b4-a5fa-b6e8f48d9656','C:\\Users\\blockchain_nb1\\Desktop\\동영상\\캡쳐 이미지\\camping.mp4\\camping.mp4_000015708.jpg|52481|720|406|/data/20191002/1570414366.jpg','','','CID0000000000234','QmXmrUobCGN4CmXfXoLgGnJfpeFV46dCsaXwvsNYJcQFA5','QmPAyyTZCF5x1mWW5QCKJZGRi919123i4vmkKZQ5hJbwP2','N','N','51501743628798814957249161707471504429834838398237819446059115818993602883629','',100,0,'basicMeta/basicMeta0.json','49132119911470438532243362416181727914663970037849678132493138912062496493414'),(109,'C01','','9bcecd9085fae8fa787ac3f3bd3c2f25a90e0610',0,'블랙핑크_1','블랙핑크_1','N','',74333964,80,'N','N',1,0,0,0,0,'','N','',1,1569985079,0,0,0,'03968714-ef88-4049-be1b-716769d4488e','C:\\Users\\blockchain_nb1\\Desktop\\동영상\\캡쳐 이미지\\camping.mp4\\camping.mp4_000015708.jpg|52481|720|406|/data/20191002/1570414366.jpg','','','CID0000000000235','QmVPLfxLXTm6oGyf7EkKYR55WeDv9nzDdAsGpqYLaFS6bf','QmbwTCNatvs8SNQrbkiaYSg3EPSk3mx4e72MFkMBkBtT44','N','N','15646103168827546915413542840618025210944544437479395442362915684165803217810','',100,0,'basicMeta/basicMeta0.json','47612403226297988832485184716969946126271948517907595691230856704800441399253'),(110,'C03','','9bcecd9085fae8fa787ac3f3bd3c2f25a90e0610',0,'비행기','ㅎㅎ','N','',6048279,1,'N','N',1,0,0,0,0,'','N','',1,1569998484,0,0,0,'c58d5967-7249-4c0c-8b9e-b8533555421d','C:\\Users\\oh\\Desktop\\테스트 동영상 English\\테스트 이미지\\Negative G torture.mp4\\Negative G torture.mp4_000063413.jpg|26382|640|360|/data/20191002/1570899662.jpg','','','CID0000000000236','QmPgAvSesEgfrXrLSCVHi9Pi4PVP5ufmwGPLHFkwBaNnpj','QmfE7arGGLmNazRoRfkcsDJpYz1uDBohoAMvDg37NHrUh3','N','N','101108469243026531732985766003809899707900958029038735218540816279796639360342','',2,0,'basicMeta/basicMeta0.json','29459051699339073964729829683363609411319328262195077691635835725901832658736'),(111,'C04','','9bcecd9085fae8fa787ac3f3bd3c2f25a90e0610',0,'토스트 만들기','','N','',42024527,1,'N','N',1,0,0,0,0,'','N','',1,1570179297,0,0,0,'55b7ae31-3478-4ef8-a8b4-6a991ee54454','C:\\Users\\oh\\Desktop\\테스트 동영상 English\\테스트 이미지\\Bacon Toast - Korean Street Food.mp4\\Bacon Toast - Korean Street Food.mp4_000011733.jpg|89177|1280|720|/data/20191004/1570448710.jpg','','','CID0000000000252','QmSEGg7SFKtmmVFooo4Mn75UPyJb3pguuqThRoTk2f2cWm','Qmat246NReuoQ7wx2axUEhtkfpWyEdtBQCoHN79Ux5gdNM','N','N','41113993400834884115015481775333052645777850144594482043502293016923321415011','',2,0,'basicMeta/basicMeta0.json','9199551056008922646490106305659556407966034245352258806782233529398472818246'),(112,'C04','','9bcecd9085fae8fa787ac3f3bd3c2f25a90e0610',0,'노래_방탄소년단','노래_방탄소년단','N','',956367390,100,'N','N',2,0,0,0,0,'','N','',1,1570409355,0,0,0,'56741f67-987d-400f-bd72-8644f9545b62','C:\\Users\\blockchain_nb1\\Desktop\\샘플영상\\이미지\\sample40.mp4\\sample40.mp4_000012680.jpg|210134|1920|1080|/data/20191007/1571326135.jpg','','','CID0000000000255','QmQ2pqhYUj6qothLByKkTBfcGdutJfYaASqaUQLnUnNrQ6','QmVVarJkj3mkt5p32t1F2uxuSgjecEKU9uRPCnnqrmfbWw','N','N','42217720417267273812863593320978760637078961632777827888943045887264081447611','',120,0,'basicMeta/basicMeta0.json','87071569538462690323508678292746226654947261065304488711312550057995006924473'),(113,'C01','','9bcecd9085fae8fa787ac3f3bd3c2f25a90e0610',0,'TESTESTEST','TESTESTEST','N','',956367390,100,'N','N',1,0,0,0,0,'','N','',1,1570501293,0,0,0,'c77a17c7-b3ad-43da-b556-e1de02c62b0a','C:\\Users\\blockchain_nb1\\Desktop\\동영상\\캡쳐 이미지\\camping.mp4\\camping.mp4_000020708.jpg|44284|720|406|/data/20191008/1570966074.jpg','','','CID0000000000262','QmfBy2u4KqwE83NHFNf4P1ix2FWmBACgi8ATVMBcR7dULX','QmQnzNyf1mZWt5UDyqhzGgqPcSv96WCSQQZucFJ2ot3Hn2','N','N','49797790800247612397455971013644970729038166233462870071882698067759791253654','',110,0,'basicMeta/basicMeta0.json','81997659236984796026726060702024486949425145236475663468882781314813755945610'),(114,'C01','','9bcecd9085fae8fa787ac3f3bd3c2f25a90e0610',0,'트와이스 해피해피해피','트와이스 해피해피해피','N','',263186795,15,'N','N',1,0,0,0,0,'','N','',1,1570509767,0,0,0,'93154859-4546-45da-be6b-fd624eb1bdfa','C:\\Users\\blockchain_nb1\\Desktop\\동영상\\캡쳐 이미지\\BLACKPINK-Jennie_Fancam.mp4\\BLACKPINK-Jennie_Fancam.mp4_000011061.jpg|103366|1920|1080|/data/20191008/1570934935.jpg','','','CID0000000000263','QmajHAxa9rQWqeb1RjUGhAqa69aLNsKdwYE1xbWfGy6nhN','QmQGRoqRmKeQ9Xcyb9eT31FawNSpDg6dQQPA44dWyozkQH','N','N','11666049588312174805383259579266471584472300189458643954239792195286189360591','',20,0,'basicMeta/basicMeta0.json','114410783140671562692892403699969892641541593701635075825768316886525390566164'),(115,'C01','','9bcecd9085fae8fa787ac3f3bd3c2f25a90e0610',0,'sample File 2개','sample File 2개','N','',160554490,20,'N','N',1,0,0,0,0,'','N','',1,1570517973,0,0,0,'5cb27416-ab61-43e1-abc5-290ca381c532','C:\\Users\\blockchain_nb1\\Desktop\\동영상\\캡쳐 이미지\\BLACKPINK-Jennie_Fancam.mp4\\BLACKPINK-Jennie_Fancam.mp4_000011061.jpg|103366|1920|1080|/data/20191008/1571068543.jpg','','','CID0000000000264','QmQWzM3bzBue3HRfTzfBN18BCdCPEtWrNTsBx32k1H26U6','QmQoqcDvWNnaiQdXwD3bHmhoPPYHPaepywUuemLo9KkvVr','N','N','23209823676061773209534703684317275421471129320045448990291259896650344881649','',30,0,'basicMeta/basicMeta0.json','248931677667650338332177998911596340317324314333533049342747059412161631181'),(116,'C01','','9bcecd9085fae8fa787ac3f3bd3c2f25a90e0610',0,'크레옹팝 2개','크레옹팝 2개','N','',780041980,30,'N','N',0,0,0,0,0,'','N','',1,1570522536,0,0,0,'a04ba173-c5b9-4b03-93fe-8e73ca1d0936','C:\\Users\\blockchain_nb1\\Desktop\\샘플영상\\이미지\\sampe100.mp4\\sampe100.mp4_000030920.jpg|529291|3840|2160|/data/20191008/1570971417.jpg','','','CID0000000000266','QmQfuu575AnNtpp5bV3im2dfYVXcVdUrukyUCQetjgkyfY','QmSEwHdGg4rmo7sph7SbYX7mLF3YUSzdVQqtJ25Ys52u8s','N','N','64627506877562505445701311307443901341576860489688075221100114421807830253899','',50,0,'basicMeta/basicMeta0.json','57423711916969335482725952672997500295458241454865880191849235074677161228992'),(117,'C01','','9bcecd9085fae8fa787ac3f3bd3c2f25a90e0610',0,'DOPE_TEST','DOPE_TEST','N','',91912390,10,'N','N',1,0,0,0,0,'','N','',1,1570670659,0,0,0,'d8b0dac6-6d8f-409b-aa55-a479432df06d','C:\\Users\\blockchain_nb1\\Desktop\\동영상\\캡쳐 이미지\\BLACKPINK-Jennie_Fancam.mp4\\BLACKPINK-Jennie_Fancam.mp4_000017067.jpg|111696|1920|1080|/data/20191010/1571656882.jpg','','','CID0000000000272','QmNmkJcDXhTTUEuN45dCN71WB7F7FYRkanh1UPzPjx1U8W','QmdNBV8NzCyzJADkwFM7Jjnn8jFvGj3xR3NWKqoWokHaJo','N','N','104047574746694284101915834557449196200473576216891612572880748790160674512283','',20,0,'basicMeta/basicMeta0.json','83606525652766325254038318874661489097027505019655191624982893345670127533574'),(118,'C13','','9bcecd9085fae8fa787ac3f3bd3c2f25a90e0610',0,'가오','1','N','',5036226811,1,'N','N',2,0,0,0,0,'','N','',1,1570692777,0,0,0,'e25a463b-25fc-41ed-86ab-381e7091a2c0','C:\\Users\\oh\\Desktop\\테스트 동영상 English\\테스트 이미지\\witch.mp4\\witch.mp4_000932732.jpg|80547|1920|1080|/data/20191010/1571601930.jpg','','','CID0000000000273','QmU7QEs7dBDUMxyp1m1DxiBxjDvFFHWFsfNdeT1bntHD73','QmdU1f6WSNzdqwqWU4FdQa5TAjL2sgY4c4RB2JqW6Lm3tC','N','N','105770866207102542401818697927901946820249565684015056383931859223037361249387','',100,0,'basicMeta/basicMeta0.json','87873126660381931368780404384507238772605474204815685235901456510386201074841'),(119,'C02','','9bcecd9085fae8fa787ac3f3bd3c2f25a90e0610',0,'트와이스','영상','N','',263186795,10,'N','N',1,0,0,0,0,'','N','',1,1571103021,0,0,0,'82ef711f-ac1c-4644-a631-5c36e87112ab','C:\\Users\\oh\\Desktop\\테스트 동영상 English\\테스트 이미지\\[MV]TWICE - HAPPY HAPPY.mp4\\[MV]TWICE - HAPPY HAPPY.mp4_000011969.jpg|137828|1920|1080|/data/20191015/1571282583.jpg','','','CID0000000000285','Qme4KFACw2JtiFM3qfMah3oWBVPudhnCkYk9zC16qY1wXR','QmSSJ7dPGF92p9Qfij6yge6cktHZCGsJEmRnWfc2mHLqnG','N','N','70954546871252071895235556978779929845233291066461276285700087411874551260623','',30,0,'basicMeta/basicMeta0.json','39406079381517518450457100747752150185471688130971852546793944124276273916061'),(120,'C01','','9bcecd9085fae8fa787ac3f3bd3c2f25a90e0610',0,'1','3','N','',9868268,2,'N','N',1,0,0,0,0,'','N','',1,1571103186,0,0,0,'12d57770-e7bd-4176-9ead-3fcaacf1a738','C:\\Users\\Gaonsds\\Pictures\\6.jpg|366513|903|1288|/data/20191015/1571215646.jpg','','','CID0000000000282','QmTgcNWXRPH9UZbAkMyGiwebhGP9TzVfmXwRK1gZoAdH9z','QmdsnZNEjjjZCCTY7EY4M2bkitMjFg5WzAFQeNMafjjp23','N','N','79774672779498078183329044653119039978899042017272899342174159789078009615283','',3,0,'basicMeta/basicMeta0.json','44216788519484844850094383844649469250346070235119165469745195873592294589306'),(121,'C04','','9bcecd9085fae8fa787ac3f3bd3c2f25a90e0610',0,'토스트','토스트','N','',42024527,10,'N','N',1,0,0,0,0,'','N','',1,1571104770,0,0,0,'bab85d25-536c-4158-88f6-3ac973fbea8e','C:\\Users\\oh\\Desktop\\테스트 동영상 English\\테스트 이미지\\Bacon Toast - Korean Street Food.mp4\\Bacon Toast - Korean Street Food.mp4_000130933.jpg|162708|1280|720|/data/20191015/1571282173.jpg','','','CID0000000000289','QmWkhJoUSQJrWtc4Efim7LcxppsDDPNGUsJNEWYp7q5Q2c','QmVtHLaMerQcs3ye3PsaHpizf5W54obP2rYVSNc6akjTpx','N','N','96823436604296491839661216686862422291245727452559096044451985558283448763498','',30,0,'basicMeta/basicMeta0.json','52926882124775927240068912916584038138492875236728402096523215208073094358547'),(122,'C05','','9bcecd9085fae8fa787ac3f3bd3c2f25a90e0610',0,'고양이','고양이 영상','N','',13056112,10,'N','N',1,0,0,0,0,'','N','',1,1571105274,0,0,0,'8e1b76b9-5b9d-4e7f-bab1-1a6ac6fe192e','C:\\Users\\oh\\Desktop\\테스트 동영상 English\\테스트 이미지\\cat water.mp4\\cat water.mp4_000001333.jpg|46553|480|852|/data/20191015/1571561920.jpg','','','CID0000000000290','QmbcFjwocWzvcSNE7XLx8M2Vsu3XzNb6PySBBUHmQReeCW','Qmez15DpCMs6MkS3jtENBxcaXAQSWG7nGCfyqfeUozq7YR','N','N','87836333375567898534620680412644134716299139954178310107744373023881753594344','',30,0,'basicMeta/basicMeta0.json','38266923356490946367705050513643622243198202626867677923269265183692602265405'),(123,'C01','','9bcecd9085fae8fa787ac3f3bd3c2f25a90e0610',0,'테스트05','테스트05','N','',33505479,10000,'N','N',1,0,0,0,0,'','N','',1,1571121559,0,0,0,'30d49bc5-ab94-4b55-a89e-88cd4bed95ca','C:\\toystory.mp4.jpg|254252|1018|684|/data/20191015/1571233530.jpg','','','CID0000000000295','QmbnxM88euY1PnnjbhjLbfWx5zrVaQKNPGDYpcW4QzoTkM','QmbQYVnCdFySapG9KVsxLGUH9drhapzadCibzvFZWyLYkq','N','N','95100677637373321972020857117425526689074146268416146761204965334358806854055','',10001,0,'basicMeta/basicMeta0.json','98234337269499236865655725215965260558236295255985481937816146480423159987193'),(124,'C01','','9bcecd9085fae8fa787ac3f3bd3c2f25a90e0610',0,'cat','1','N','',4189421,10,'N','N',1,0,0,0,0,'','N','',1,1571122711,0,0,0,'fafc3bbc-d83c-487f-844c-bff6ea74da90','C:\\Users\\oh\\Desktop\\테스트 동영상 English\\테스트 이미지\\cat doll.mp4\\cat doll.mp4_000004375.jpg|41046|852|480|/data/20191015/1571421762.jpg','','','CID0000000000296','QmcX8KK33fZSWU5CxMoUBD53CjG6VpbvPLsrxUTGmuGcdF','QmRHEx25DycuzDoxrpEQpzVCAMgpnDf6GDtmhW49Ysntsa','N','N','75796188031602287670488299346364524220068902429489661457941152668470580419371','',20,0,'basicMeta/basicMeta0.json','32768385936590973005963085951105747282476977705471849820783822785663632962255'),(125,'C03','','9bcecd9085fae8fa787ac3f3bd3c2f25a90e0610',0,'스케이트','1','N','',30860860,1,'N','N',1,0,0,0,0,'','N','',1,1571203298,0,0,0,'a65b690a-6a5d-4bf4-8180-ad584ebc0fc9','C:\\Users\\oh\\Desktop\\테스트 동영상 English\\테스트 이미지\\Longboarding 91kph From the Top.mp4\\Longboarding 91kph From the Top.mp4_000009560.jpg|46358|1280|720|/data/20191016/1571896463.jpg','','','CID0000000000301','QmRMZXrTTAP97vzhrsieipULnVMdz2v58BqoYEayFjVn7z','QmRZrYBUhA6FCp6LQw7pZMX4DVu7p1oCofvxtkuLhEcPCS','N','N','19679520163113324289186450933365316446175966378782922998662835715487326470000','',20,0,'basicMeta/basicMeta0.json','7663627330052251734914640492407640816453525208623326127021621809976814985008'),(126,'C13','','9bcecd9085fae8fa787ac3f3bd3c2f25a90e0610',0,'2.3 기가','1','N','',2497182996,1,'N','N',1,0,0,0,0,'','N','',1,1571203334,0,0,0,'2f6836f1-97e0-43e9-9a7a-c8edeb31b77f','C:\\Users\\oh\\Desktop\\테스트 동영상 English\\테스트 이미지\\two_three GIGA.mp4\\two_three GIGA.mp4_003266083.jpg|79847|1920|1080|/data/20191016/1571589692.jpg','','','CID0000000000302','QmQeomVyxAxfGN1CwWC4WEYYgudP1q3rGiMtAjzKXEW2nR','QmS7aSGANM84gfHPEArBafrdtLek14wfMG9PTLJaCWQonQ','N','N','72674492288500640622872390739325604170095432529258551297599898862570802165267','',30,0,'basicMeta/basicMeta0.json','90394399035369363641170734661971643975186686794006610686767654717701156838269'),(127,'C13','','9bcecd9085fae8fa787ac3f3bd3c2f25a90e0610',0,'5기가','1','N','',5624907849,1,'N','N',1,0,0,0,0,'','N','',1,1571203364,0,0,0,'7759e491-db6c-4841-9b73-4a499c285c0f','C:\\Users\\oh\\Desktop\\테스트 동영상 English\\테스트 이미지\\five giga.mp4\\five giga.mp4_001938945.jpg|102521|1280|720|/data/20191016/1571496434.jpg','','','CID0000000000304','QmWfyxjhzyCpXXgUqx5ypccCLq6JatmHyj6xzB3YgkrDX7','QmbtVct6Enm1x2hYdnWWbMSc6nFZWcmHhDaEkpPTq33NWj','N','N','5430195945904660837901544702545798234513585215494743581403889155240768119130','',30,0,'basicMeta/basicMeta0.json','39381868377608172167321681138349918553470312864013486548762661176228473180449'),(128,'C02','','0a0da66920b729538330c8ad79ca2a1afbea8d45',0,'test','테스트','N','',115802950,10,'N','N',0,0,0,0,0,'','N','',1,1571278830,0,0,0,'240855e8-d511-491d-b5fb-7f5da932030f','C:\\Users\\blockchain_nb1\\Desktop\\샘플영상\\이미지\\sample40.mp4\\sample40.mp4_000012680.jpg|210134|1920|1080|/data/20191017/1572260760.jpg','','','CID0000000000012','Qmb25q6XfftdFSAchbgjvBEwkn2y3RpgihcUXrCUveLgCB','QmdiLF57fTCHdAwp3985RvCt11YLQfhBZ3Eoz8H9NywGCa','N','N','101230933943566732071335379026162758341462765916908090300407902127826713430874','',15,0,'basicMeta/basicMeta0.json','42915970372646962401144459593363275397101594599622468934718656801267755352124'),(129,'C03','','9bcecd9085fae8fa787ac3f3bd3c2f25a90e0610',0,'11','테스트','N','',119408716,100,'N','N',1,0,0,0,0,'','N','',1,1571279999,0,0,0,'d6be0e28-f3a5-4de1-9333-4cda12a13788','C:\\Users\\aero\\Desktop\\테스트 영상\\이미지\\sample100.mp4_000027920.jpg|518732|3840|2160|/data/20191017/1572109434.jpg','','','CID0000000000016','QmdieEYWW4zRDPdpfCZAUEoFpsPeuqvkkvF7MsRU6hkbT7','QmWANVgpmmLfedQt2AQZQ31StJa3hrbz7ijXurmZyJHygj','N','N','66299236427189869940715512737925146441557314943391478774530119029811690669980','',150,0,'basicMeta/basicMeta0.json','113226674731547770703475153831386802851219986666985732108116460340941319216550'),(130,'C01','','9bcecd9085fae8fa787ac3f3bd3c2f25a90e0610',0,'7777','테스트','N','',119408716,2,'N','N',1,0,0,0,0,'','N','',1,1571288830,0,0,0,'4daeeab8-4feb-414c-8b89-84db9fb8d761','C:\\Users\\oh\\Desktop\\테스트 동영상 English\\테스트 이미지\\sampe100.mp4\\sampe100.mp4_000030920.jpg|529291|3840|2160|/data/20191017/1571725981.jpg','','','CID0000000000020','QmS2fbeMptsH5qXCMXNPxcSd5D3X6xqwk3uC7zVhA8ssb9','QmeXNxo7FYCaNq88fwu448mbSwkzHqxLe8pgUU7PGRbhh3','N','N','67597347539435398403044379939980027977701976724602706219609781683663623640606','',30,0,'basicMeta/basicMeta0.json','51842953198843333899603911233844872435460786100858712676466542772182602014317'),(131,'C01','','9bcecd9085fae8fa787ac3f3bd3c2f25a90e0610',0,'8888','테스트','N','',25380741,1,'N','N',1,0,0,0,0,'','N','',1,1571289302,0,0,0,'93845dbd-8353-44aa-83e8-6c0a5dbcff32','C:\\Users\\oh\\Desktop\\테스트 동영상 English\\테스트 이미지\\B-Boy Wing Lil Amok and Popper Dassy Lee dances.mp4\\B-Boy Wing Lil Amok and Popper Dassy Lee dances.mp4_000026680.jpg|17137|640|360|/data/20191017/1571484197.j','','','CID0000000000021','QmTp6DdCnTg6qqzJ3y87xjqsamY2DmhKUui54eEAj5bA4V','QmQYSoJQzmSD8H1tcFRMuv7fLQKnEaNRuG2k6jDJ7jRZzM','N','N','20894420326270474068298104223116914639365342914057388184262485356899291537027','',10,0,'basicMeta/basicMeta0.json','74092474237390531116254773988053396245518050008409478398561685011718043584223'),(132,'C01','','703f9b74c4cb2870fb3856433cdb224093266e29',0,'test3 ','테스트','N','',41145774,100,'N','N',0,0,0,0,0,'','N','',1,1571292020,0,0,0,'4f64f60f-d0d9-4188-a805-f7d2c456646f','C:\\Users\\blockchain_nb1\\Desktop\\샘플영상\\이미지\\sample40.mp4\\sample40.mp4_000012680.jpg|210134|1920|1080|/data/20191017/1572193167.jpg','','','CID0000000000030','QmQMQoFnkxK3tgPLev5xDnzWDSrzvV9yMEsczPNP9BhjBQ','QmWCiX6qaerD67DB2AJPm3uY851zYkgyepTuSSMUVSPEup','N','N','21634916690902155149351108862033423597398004247627260046963338924804465208536','',110,0,'basicMeta/basicMeta0.json','67289197829131666726592678877957118075143694702208477957371330785797561861071'),(133,'C01','','9bcecd9085fae8fa787ac3f3bd3c2f25a90e0610',0,'테스트1000','테스트','N','',33505479,100,'N','N',1,0,0,0,0,'','N','',1,1571296149,0,0,0,'b3683dc7-cf40-4dd2-90df-7ba743d85f4b','C:\\toystory.mp4.jpg|254252|1018|684|/data/20191017/1571880591.jpg','','','CID0000000000036','QmP7Aof4yB8i4yU2b8MWFTpsX26LJFk8XjjWXQ9E6Us9VA','QmYBcnz3BW7KDaFpsUnbGVsCRDTxK5sRLF21c8ve5B3Gzo','N','N','66014222053350305364348888737939338051367026097075078495417093990594103738061','',101,0,'basicMeta/basicMeta0.json','27765651270699026843465704795663237387595742418533194028680552025026997988053'),(134,'C01','','9bcecd9085fae8fa787ac3f3bd3c2f25a90e0610',0,'테스트1000','테스트','N','',33505479,100,'N','N',0,0,0,0,0,'','N','',1,1571360587,0,0,0,'b3683dc7-cf40-4dd2-90df-7ba743d85f4b','C:\\toystory.mp4.jpg|254252|1018|684|/data/20191017/1571880591.jpg','','','CID0000000000036','QmP7Aof4yB8i4yU2b8MWFTpsX26LJFk8XjjWXQ9E6Us9VA','QmYBcnz3BW7KDaFpsUnbGVsCRDTxK5sRLF21c8ve5B3Gzo','N','N','104492672096429072432048190204741161577380405174165579232952241771521054993906','',101,0,'basicMeta/basicMeta0.json','27765651270699026843465704795663237387595742418533194028680552025026997988053'),(135,'C01','','9bcecd9085fae8fa787ac3f3bd3c2f25a90e0610',0,'롱보드','테스트','N','',30860860,20,'N','N',1,0,0,0,0,'','N','',1,1571362267,0,0,0,'1c3ad908-4cb0-4b44-a492-958cb3152c7a','C:\\Users\\oh\\Desktop\\테스트 동영상 English\\테스트 이미지\\Longboarding 91kph From the Top.mp4\\Longboarding 91kph From the Top.mp4_000092160.jpg|50786|1280|720|/data/20191018/1571617199.jpg','','','CID0000000000038','Qme6Vg3rFQMsCs9yAbNpYHRz44dbstwph82mTknbZSX4at','QmfGTRUTYMRPb1a7k4TJRTFqhMRDeN5JMPeUxhouhhYZ5n','N','N','17059958378132694496946845396543965306536751174942119829477306806876663332599','',50,0,'basicMeta/basicMeta0.json','41570020503619095382559348727138245781745930628392836056895795088821533196959'),(136,'C02','','9bcecd9085fae8fa787ac3f3bd3c2f25a90e0610',0,'ipfs 검색 api','테스트','N','',9868268,100,'N','N',0,0,0,0,0,'','N','',1,1571380159,0,0,0,'56307043-0018-4483-9e6a-7af40e8335ce','C:\\Users\\Gaonsds\\Pictures\\EelKdXmA-1768x1262.jpeg|1214388|1768|1262|/data/20191018/1571661739.jpeg','','','CID0000000000051','QmbHTswsiyUQKCAUdKm9Xh8qryJ4wQkfQKWLAzSQ1TU3Pg','QmTjLaTLWnnFu7xyzRQurstgqJcfSR3RQpxTzi9p71Y8xC','N','N','102074140061421347647363076989825127797729181626676282402289995241166498356250','',101,0,'basicMeta/basicMeta0.json','49691802446492676134346326339045863573061978440675183713455102721333391093767'),(137,'C01','','ebeda4ef9c0cc1a9eba23198064dc3916dd54b77',0,'asss','테스트','N','',13954511,100,'N','N',1,0,0,0,0,'','N','',1,1571399268,0,0,0,'79089f53-a983-4495-a517-4628d25c68df','C:\\Users\\blockchain_nb1\\Desktop\\동영상\\캡쳐 이미지\\Dog - 15305.mp4\\Dog - 15305.mp4_000002080.jpg|195798|1920|1080|/data/20191018/1571703871.jpg','','','CID0000000000002','QmVtEu8sTis5KeYVPfHMfaBZC5pDnuyA4YAyjxrSXf9gTo','Qmf36R6D5SN2peKSKCWeR6NLSxXFqyxeuxBaKQxZtPgsgq','N','N','51535596336017036440098704219920018162951089400402884724983519164063411064391','',101,0,'basicMeta/basicMeta0.json','82866184216254750492325910546170039937272577184521595451469941483776782282939'),(138,'C01','','919fd1bc6e3bb5f8d23da768989bebb782dc9244',0,'2test','테스트','N','',13056112,100,'N','N',2,0,0,0,0,'','N','',1,1571402865,0,0,0,'1e2a530c-e8c5-404f-ad6d-481b1420c899','C:\\Users\\blockchain_nb1\\Desktop\\동영상\\캡쳐 이미지\\Seoul - 23258.mp4\\Seoul - 23258.mp4_000002833.jpg|384945|1920|1080|/data/20191018/1571982777.jpg','','','CID0000000000001','QmcByeoHZyQB2kM7b9yzz6Ega6pQFVRrQ7WJTS5M1CFRbP','QmX2Sf9pdXx8ryhREG7WvhZ75xpGEbUd9RP9ApNcwzHZhn','N','N','67448025158937621226422720020458925349128845463993834843002927374906066323602','',101,0,'basicMeta/basicMeta0.json','52016454763514751576411611162015204175184458400060344731223173257823515569774'),(139,'C02','','d604ce6a4ed429cce174b07467223358595873ec',0,'TEST_1','테스트','N','',119408716,100,'N','N',1,0,0,0,0,'','N','',1,1571624996,0,0,0,'02646f1e-7ec1-432b-8735-e904d1d305a4','C:\\Users\\aero\\Desktop\\테스트 영상\\이미지\\sample100.mp4_000027920.jpg|518732|3840|2160|/data/20191021/1572468849.jpg','','','CID0000000000017','QmPLoifsvi5sB5Lcs5zdK2Uv4muPD2V6D1qp7MHZYXeKeb','QmRbv4ByTo8adfigZYVb44zXBx4goKv6cfTnXtC1tL13Yh','N','N','43728995391725289678183301020376609966871077717011974566719515100119040179446','',101,0,'basicMeta/basicMeta0.json','34980469497129821494750453040427638347838745238374064793170927212339677290611'),(140,'C01','','9bcecd9085fae8fa787ac3f3bd3c2f25a90e0610',0,'123456','테스트','N','',119408716,100,'N','N',1,0,0,0,0,'','N','',1,1571640512,0,0,0,'2a90ca1b-88b5-4ae3-9700-891b0e0dd42e','C:\\Users\\blockchain_nb1\\Desktop\\샘플영상\\이미지\\sample40.mp4\\sample40.mp4_000015680.jpg|216087|1920|1080|/data/20191021/1572563354.jpg','','','CID0000000000020','QmTK24GYrxrf2WnuQTCWyhd79PwCENcLytHQDk8uh4Bx5P','QmdAmpWGU7ANZyptCmweGz7wsLpZAybU8r1VVXkkjJse7k','N','N','87363033215821695730452826878576222691367184535667682625460874158847515447999','',110,0,'basicMeta/basicMeta0.json','13195553406009357210069947784043009504723851046748517811688876534021277272309'),(141,'C01','','9bcecd9085fae8fa787ac3f3bd3c2f25a90e0610',0,'블랙핑크','테스트','N','',71965039,1,'N','N',1,0,0,0,0,'','N','',1,1571641018,0,0,0,'778eaaf8-4ccd-4da1-abbb-5b981a7ae8db','C:\\Users\\oh\\Desktop\\테스트 동영상 English\\테스트 이미지\\BLACKPINK Fancam.mp4\\BLACKPINK Fancam.mp4_000007741.jpg|157846|1920|1080|/data/20191021/1571742246.jpg','','','CID0000000000021','QmRBYxGrjpu9unZ9FpN14W2Q1Hq5RBq3AL7GWKvGXeE8jV','QmUHmUgGQuscASysv9UeXZFzNjy5XT7ikqAdkw6YeAW9uW','N','N','109404644200854706228628716657501480977673734626156566620554582254692566302850','',50,0,'basicMeta/basicMeta0.json','57729027385144587185509460588051119636699655700636473936742756282970691325829'),(142,'C01','','9bcecd9085fae8fa787ac3f3bd3c2f25a90e0610',0,'666','테스트','N','',25380741,100,'N','N',2,0,0,0,0,'','N','',1,1571641451,0,0,0,'73f9be7b-53b4-4eb8-8656-5f027d3a35b8','C:\\Users\\oh\\Desktop\\테스트 동영상 English\\테스트 이미지\\Bboy Lil Amok 2H2B Practice 2019.mp4\\Bboy Lil Amok 2H2B Practice 2019.mp4_000001700.jpg|88000|1280|720|/data/20191021/1571962939.jpg','','','CID0000000000019','QmVVFzDrw7Sc1tf5sFNRGo7NGai3udqp8AvDDeXhH7ysAy','QmW3XcD57ghwuMZzbNijPBYLYsZ3jkm2yfk2gRghK2sGTX','N','N','8941843907528111439393847522429310700903469269610068421351165375418928587601','',200,0,'basicMeta/basicMeta0.json','86901503703663332323469435657877886911253495356242033810588736003304337392207'),(143,'C01','','9bcecd9085fae8fa787ac3f3bd3c2f25a90e0610',0,'cat','테스트','N','',13056112,10,'N','N',1,0,0,0,0,'','N','',1,1571643115,0,0,0,'76fa8b31-ef2f-4696-b28e-aef55267a4a9','C:\\Users\\oh\\Desktop\\테스트 동영상 English\\테스트 이미지\\cat water.mp4\\cat water.mp4_000007333.jpg|45588|480|852|/data/20191021/1572195865.jpg','','','CID0000000000018','QmQgX5AnVBf17ydD15pAJdsKXnJuELuiwk8GodRWT3Z7Cb','QmYVosuUMPHC6C7mMKiDigG7nm2qCdS5jd9KZSBhFZqkza','N','N','95062189242612593595607074042859420366597647441875986201486513695043853064969','',200,0,'basicMeta/basicMeta0.json','110918937098359446943199265957768714796879964556200946798344521433708219810623'),(144,'C13','','9bcecd9085fae8fa787ac3f3bd3c2f25a90e0610',0,'tttttt','테스트','N','',119408716,100,'N','N',1,0,0,0,0,'','N','',1,1571644358,0,0,0,'7023b9ff-6f35-48f2-80d6-35ccb9b60312','C:\\Users\\aero\\Desktop\\테스트 영상\\이미지\\sample100.mp4_000027920.jpg|518732|3840|2160|/data/20191021/1572072143.jpg','','','CID0000000000022','QmbJVtrjc88dsso7QLteACJXBJKUHngMpg5FMN6qKctD6V','QmTEjGFLQ9s3eYqvTB7XN6duuBsWmPwB63Fgvb6Cfpar12','N','N','85206313222157216545651222249191256224661633750888711094642446440432044833091','',200,0,'basicMeta/basicMeta0.json','9526375758620384976663343974603032567516502514986227484686948578280330982350'),(145,'C04','','9bcecd9085fae8fa787ac3f3bd3c2f25a90e0610',0,'마마무','테스트','N','',22406131,10,'N','N',1,0,0,0,0,'','N','',1,1571724577,0,0,0,'0f358ab5-11f9-4574-b127-5e8b7e151141','C:\\Users\\oh\\Desktop\\테스트 동영상 English\\테스트 이미지\\[MV] MAMAMOO_Starry night.mp4\\[MV] MAMAMOO_Starry night.mp4_000112362.jpg|17204|640|360|/data/20191022/1572464871.jpg','','','CID0000000000023','QmZSN9KPTtfawBJFKN6V2XRwAh2b2Caz4eqzyFVHXyQwkF','QmdWnpi3yKTKZsfGFj6XUiuKpn9vFuMtfNhfdDnwEvBTeo','N','N','55619672708173779682089553673891204848696988619099460065165383417692422440243','',100,0,'basicMeta/basicMeta0.json','98794694323823444696021475651366542311305786219889693905219883976983249594866'),(146,'C01','','9bcecd9085fae8fa787ac3f3bd3c2f25a90e0610',0,'테스트이종태','테스트','N','',33505479,100,'N','N',2,0,0,0,0,'','N','',1,1571967585,0,0,0,'2b3ff5c2-0c75-49f2-a349-b8e9e37d394d','C:\\toystory.mp4.jpg|254252|1018|684|/data/20191025/1572662416.jpg','','','CID0000000000041','QmdGEjvNuD69TL65gG9N2x6TfZZZLDcwYpMM6XPh1WnDj2','QmbXX1JwGFsF7CgbGXkrT2QLfPMgfbCnTkK8JqJHmHPeJL','N','N','53413934305703629771240644064376363915230658966966396959031114430485427900752','',101,0,'basicMeta/basicMeta0.json','24173780345984963082795727548265275622089587196214524967272748247700863278915'),(147,'C03','','9bcecd9085fae8fa787ac3f3bd3c2f25a90e0610',0,'c','테스트','N','',28703623,100,'N','N',1,0,0,0,0,'','N','',1,1571968284,0,0,0,'fa12ab7b-62a8-4991-9ac0-6507c36b7a16','C:\\Users\\oh\\Desktop\\테스트 동영상 English\\테스트 이미지\\Michael Hooper - Rugbys Biggest Thugs.mp4\\Michael Hooper - Rugbys Biggest Thugs.mp4_000010610.jpg|52441|1280|720|/data/20191025/1572469950.jpg','','','CID0000000000042','QmPHfGinB645dn4oNwq4WRese2gckWnjGnjucyvW9ar518','QmRyg3gyBdyR17MVuRbEkvhqYj1dhCrW5sm95WsFwmb3Kh','N','N','3295891098559826917792625134692322286716969279589819393255283610469328064655','',200,0,'basicMeta/basicMeta0.json','1582856539171154758295052593932966166566983084826487924599290796471108787138'),(148,'C01','','9bcecd9085fae8fa787ac3f3bd3c2f25a90e0610',0,'트와이스','테스트','N','',31698978,100,'N','N',1,0,0,0,0,'','N','',1,1571969472,0,0,0,'e01d7902-bef7-479d-8f86-c92d9c69cad9','C:\\Users\\oh\\Desktop\\테스트 동영상 English\\테스트 이미지\\Cute Video (TWICE) - FANCY.mp4\\Cute Video (TWICE) - FANCY.mp4_000001301.jpg|55970|608|1080|/data/20191025/1572769556.jpg','','','CID0000000000043','QmUnfQRX1KWDDqHpzppCGNyMbVfqokSDXf4AxTUDuiGoPF','QmbpoAQs565xvvo2RZ4vzbbPqumVfqNu4LiDqrJuBvJfRU','N','N','3823792334340486175298175992255316329191936894026051817425677245504094950890','',200,0,'basicMeta/basicMeta0.json','109826747237824681255053161529710425948497176024044042349729907734805906256122'),(149,'C01','','9bcecd9085fae8fa787ac3f3bd3c2f25a90e0610',0,'19성인테스트','테스트','N','',4428257,100,'Y','N',0,0,0,0,0,'','N','',1,1571969722,0,0,0,'ee8c2fb3-c438-4137-952b-f30239cdb082','C:\\Users\\Gaonsds\\Pictures\\k3p442sg6754iibr1hlw.jpg|89903|700|500|/data/20191025/1572686333.jpg','C:\\Users\\Gaonsds\\Pictures\\k3p442sg6754iibr1hlw.jpg|89903|700|500|/data/20191025/1572401734.jpg,C:\\Users\\Gaonsds\\Pictures\\movie_image (30).jpg|116593|665|443|/data/20191025/1572341595.jpg,C:\\Users\\Gaonsds\\Pictures\\다운로드 - 복사본.jpg|11640|188|268|/data/20191025/1572520090.jpg','','CID0000000000040','QmNYNPGSWibmsaLdGCmn4W5h3MWYQxqnRKZNFigkCcLZRU','Qmb933PPfpoJCkQ9cD1rJNkZtBqUX5f7fDoKpBycYnY9BV','N','N','30981595237705184597396744955160810559202869586922345569571680129615772011425','',101,0,'basicMeta/basicMeta0.json','60601414102319608648899110779266189040417320260993158175796817098499568631068'),(150,'C01','','9bcecd9085fae8fa787ac3f3bd3c2f25a90e0610',0,'cat','테스트','N','',13954511,100,'N','N',0,0,0,0,0,'','N','',1,1571970972,0,0,0,'2e675969-b101-4450-bd58-07bf37ae13bd','C:\\Users\\oh\\Desktop\\테스트 동영상 English\\테스트 이미지\\cat&cat.mp4\\cat&cat.mp4_000025125.jpg|27567|720|376|/data/20191025/1572228041.jpg','','','CID0000000000045','QmevuQg9RpShikJEwAT2psDmpSaMbMbfAMdDMBCa4LkPRz','QmW1sqVE7wMcVE7Sv276Ndt3AhLGXq37Lg2Ex4kYGvqjse','N','N','94369869043236575842028840428696243605569238423360784809598624671134623401120','',200,0,'basicMeta/basicMeta0.json','20728860065576222131304168889469077741488685017018152735765616086743004435546'),(151,'C01','','9bcecd9085fae8fa787ac3f3bd3c2f25a90e0610',0,'회 먹자','테스트','N','',2297552,100,'N','N',1,0,0,0,0,'','N','',1,1571971010,0,0,0,'62c1a913-1e15-4ef4-9b8e-22e0ec058802','C:\\Users\\oh\\Desktop\\테스트 동영상 English\\테스트 이미지\\Raw fish.mp4\\Raw fish.mp4_000001083.jpg|32600|720|376|/data/20191025/1572511231.jpg','','','CID0000000000044','QmbUheJ5rPxcDN3RWmAA3H7T8XoVJKfZF5Vmdfv1aGTj36','QmbGbDxMTPcQQSPh6i5EW6ZucCyAtGLAj1gH64sV9CsaFe','N','N','107824288240755874791473614075172196117511424302929720971336216287946020372485','',200,0,'basicMeta/basicMeta0.json','80548488590602934763905966340287867852952110872917525832447600860932043326777'),(152,'C02','','9bcecd9085fae8fa787ac3f3bd3c2f25a90e0610',0,'비보이','테스트','N','',12056907,100,'N','N',1,0,0,0,0,'','N','',1,1572844035,0,0,0,'13fde000-d1b0-4b38-8f45-0c351b8065ff','C:\\Users\\oh\\Desktop\\테스트 동영상 English\\테스트 이미지\\B-Boy Wing Lil Amok and Popper Dassy Lee dances.mp4\\B-Boy Wing Lil Amok and Popper Dassy Lee dances.mp4_000008680.jpg|27065|640|360|/data/20191104/1573674476.j','','','CID0000000000066','QmPEhVCLhiv8NNQ34ktAo4iEUjZ2CMvHyfBuEkZA7XFy9z','QmZ69Z8NKz1vUquwLCSxjrJ65PSnbxVHvdXEZQUR4borB1','N','N','9102822599613139981512845707009781280923228732725879228433129866612567705686','',150,0,'basicMeta/basicMeta0.json','97683385744874380729381684506585432821513711805280553727070380927387600529600'),(153,'C01','','9bcecd9085fae8fa787ac3f3bd3c2f25a90e0610',0,'1111','테스트','N','',4428257,100,'N','N',0,0,0,0,0,'','N','',1,1572844542,0,0,0,'7f9d9931-87ab-422b-a1c1-6c7b58b2807c','C:\\Users\\Gaonsds\\Pictures\\black-panther-poster.jpg|178117|648|960|/data/20191104/1573027218.jpg','C:\\Users\\Gaonsds\\Pictures\\2018112111082779720_l.jpg|319066|640|426|/data/20191104/1573181457.jpg','','CID0000000000069','QmcCzuABev8JCdYbfZdFkyvW4WH7GFStWfERNnmLMHeXx2','QmPGuRGQfpuaMRff7MSZYJuDMBnNs2CWwBd1JTEyaPjmWH','N','N','6893511187809910187721713678902788808937702759174867434709570973939391423557','',101,0,'basicMeta/basicMeta0.json','64195213731238810009587815033226607562152236580575567027245756415924481925355'),(154,'C01','','9bcecd9085fae8fa787ac3f3bd3c2f25a90e0610',0,'aabcc','테스트','N','',9868268,100,'N','N',1,0,0,0,0,'','N','',1,1572844556,0,0,0,'0a4751fd-9759-4adb-ac08-84b69404c215','C:\\Users\\Gaonsds\\Pictures\\EelKdXmA-1768x1262.jpeg|1214388|1768|1262|/data/20191104/1573761869.jpeg','C:\\Users\\Gaonsds\\Pictures\\IE002418920_STD.jpg|293570|1280|855|/data/20191104/1573016430.jpg,C:\\Users\\Gaonsds\\Pictures\\images (1).jpg|7730|181|278|/data/20191104/1573629495.jpg','','CID0000000000068','QmXQHB3ZceXLUEC5isk5WQnCC56TYdTthQbBi3FfzZowLz','QmRc4dxkSDqTwgGFYfaeXWd3afW7P5yqhCMDC31UEQXHef','N','N','80048651220730888946712650873948902734084307594516145221646483651129184735594','',101,0,'basicMeta/basicMeta0.json','87777867253015949098306351627587978660750625657095864536222570503130222084092'),(155,'C01','','9bcecd9085fae8fa787ac3f3bd3c2f25a90e0610',0,'111144222','테스트','N','',9868268,100,'N','N',0,0,0,0,0,'','N','',1,1572916623,0,0,0,'0ba39642-ac64-4334-8e63-edbbeb9f1754','C:\\Users\\Gaonsds\\Pictures\\IE002418920_STD.jpg|293570|1280|855|/data/20191105/1573740920.jpg','','','CID0000000000078','QmRXtnSsKA8Gi47quZUARXdqK2goU94f83XrAVNYBPV7W1','QmTYke7UM32un4VUyV65bxuDyizVUJoEKkeuSYZW6QDDCH','N','N','65363078825069986954853628507123066294410385625185470760046739388807158261126','',101,0,'basicMeta/basicMeta0.json','30447494114211283482340675764377655995142787537943208031788421411741079660604'),(156,'C01','','9bcecd9085fae8fa787ac3f3bd3c2f25a90e0610',0,'22222','테스트','N','',71965039,100,'N','N',0,0,0,0,0,'','N','',1,1572916663,0,0,0,'45323b12-c4ba-45e4-9a52-6cc3b96e42b3','C:\\Users\\oh\\Desktop\\테스트 동영상 English\\테스트 이미지\\BLACKPINK Fancam.mp4\\BLACKPINK Fancam.mp4_000007741.jpg|157846|1920|1080|/data/20191105/1573472851.jpg','','','CID0000000000077','QmQHVnw975vf59GgPWGJwVsvmix8tnP9P4eZtuGMa1xxhW','QmWz6sXPvan2WZaA2LCkWVrvjsB8wx5aFYDHMK582EkqYq','N','N','68184364313963138785982794812186023569312160346720451558183648630276017066297','',101,0,'basicMeta/basicMeta0.json','68678702541351174757490649693796009567645585501054802310632552104091088724325'),(157,'C01','','9bcecd9085fae8fa787ac3f3bd3c2f25a90e0610',0,'검색5','테스트','N','',9868268,100,'N','N',0,0,0,0,0,'','N','',1,1573014945,0,0,0,'d2c9028c-3bea-49b9-a06b-86c25b4f1852','C:\\Users\\Gaonsds\\Pictures\\EelKdXmA-1768x1262.jpeg|1214388|1768|1262|/data/20191105/1573666376.jpeg','','','CID0000000000093','QmWwoq6SRn8JnSJJHNQJHZER4Ho4tdVYBpuP5KZ6SyGbhM','QmPGqHcT4Jy5G1pte2QWuUkYiEg1dowtkQnxWYrKz883tc','N','N','94271277287068095875025085146369890719427942326279332225103389396107574946815','',101,0,'basicMeta/basicMeta0.json','58513408865700134904904590475783087451105390153411274386113862795304476571775'),(160,'C01','','9bcecd9085fae8fa787ac3f3bd3c2f25a90e0610',0,'개발 3','테스트','N','',33505479,100,'N','N',1,0,0,0,0,'','N','',1,1573102282,0,0,0,'493815a9-ff3d-4640-98be-a30b16df68e1','C:\\toystory.mp4.jpg|254252|1018|684|/data/20191107/1573649411.jpg','','','CID0000000000104','QmRdoAqFTGQZEXzqhaBZSDgpdjMQaWM48p2F61eiVsP8RA','QmUXbPxQnsxKYcsx4hrRDe9FiRhLGu1gNVtyh3HYGUPirT','N','N','46454781133490142499214961248826208303751219041353874066810041762467288124903','',1000,0,'basicMeta/basicMeta0.json','100511924272686826454117883160389322731391706756100593315230889923345493706783'),(161,'C01','','9bcecd9085fae8fa787ac3f3bd3c2f25a90e0610',0,'비보이','테스트','N','',33489759,100,'N','N',1,0,0,0,0,'','N','',1,1573102898,0,0,0,'fba64c4e-8d19-4ddb-9008-fbb49e07fdac','C:\\Users\\oh\\Desktop\\테스트 동영상 English\\테스트 이미지\\Machine vs James  CALL OUT  World Bboy Classic 2019.mp4\\Machine vs James  CALL OUT  World Bboy Classic 2019.mp4_000255421.jpg|26751|640|360|/data/20191107/1573255174.mp4_0002554','','','CID0000000000105','QmUo6vyWZ5PP4jDXiwKnCfv6hzSpNAUUvWUpoqEznEkE7j','QmdSMyRTPeh3byUuNJPFNconEQVW87YmcooUqN3nhPZKn2','Y','Y','23392447076210785961186171014227826663522537569809310125391227285743507785210','',200,0,'basicMeta/basicMeta0.json','110098591982227429233086587980846663803218839615875336057094650507366929260779'),(162,'C01','','9bcecd9085fae8fa787ac3f3bd3c2f25a90e0610',0,'111111--111','테스트','N','',4428257,100,'N','N',1,0,0,0,0,'','N','',1,1573103064,0,0,0,'d54411f8-ba55-48eb-8d09-7350dea1c21f','C:\\Users\\Gaonsds\\Pictures\\EelKdXmA-1768x1262.jpeg|1214388|1768|1262|/data/20191107/1573779574.jpeg','','','CID0000000000103','QmdaFwczVXT9WLbD88qKpYc47ZrVSijS6H3WVmRG8Cw2Q9','QmT3fP1tdusRNjn5d68sFQYKavfoZ6Hn7k4HrTFVTusP9j','N','N','60686377567302450642621678269458495259269969986928009641423072476278533530150','',101,0,'basicMeta/basicMeta0.json','20867989237789686908027595222416198281430931858031497892506006756465686560796'),(163,'C01','','9bcecd9085fae8fa787ac3f3bd3c2f25a90e0610',0,'고양이','테스트','N','',21952730,100,'N','N',1,0,0,0,0,'','N','',1,1573103183,0,0,0,'95c37eb5-fac0-4d44-9bd4-e761656d8da3','C:\\Users\\oh\\Desktop\\테스트 동영상 English\\테스트 이미지\\Funny and Cute Animals Compilation 2019 - CuteVN.mp4\\Funny and Cute Animals Compilation 2019 - CuteVN.mp4_000007166.jpg|41632|1280|720|/data/20191107/1573310908.','','','CID0000000000106','QmfMviRDJjYEADAdgL77G7oiMzZjGwC7Fvb6fViqMo7huW','QmdDMxvDFVRzrYR2t9RG5pLNEuEsr4Zf7oBBW25FrKmQUK','N','N','82932079335606396173312701791150184230245391546521606908423493837256094806414','',200,0,'basicMeta/basicMeta0.json','31203029056225271621108032387512459741108795034981579663205716199167551542535'),(164,'C01','','9bcecd9085fae8fa787ac3f3bd3c2f25a90e0610',0,'개발 4','테스트','N','',33505479,100,'N','N',1,0,0,0,0,'','N','',1,1573104911,0,0,0,'2890ac49-4ff8-4e43-93bd-587fa9eca497','C:\\toystory.mp4.jpg|254252|1018|684|/data/20191107/1573479733.jpg','','','CID0000000000113','QmVoU2EwavJCQ39rYuw6esRbQ6RKjZSsaZuc3PuoTeh3mw','QmPihLiMm9Vak2zaBLw7WeKTw57mHPJvHy8KR7XvtzNKvJ','Y','N','10512433204243272312209267283575319511521394895072399021985084692413728964747','',200,0,'basicMeta/basicMeta0.json','74113581560815015340867706156311376460941717785913379910141164891789479879920'),(165,'C02','','9bcecd9085fae8fa787ac3f3bd3c2f25a90e0610',0,'비보이 (체크)','테스트','N','',33489759,100,'N','N',1,0,0,0,0,'','N','',1,1573104926,0,0,0,'83b46b5f-95e2-4484-a94b-a35ff91626e7','C:\\Users\\oh\\Desktop\\테스트 동영상 English\\테스트 이미지\\Machine vs James  CALL OUT  World Bboy Classic 2019.mp4\\Machine vs James  CALL OUT  World Bboy Classic 2019.mp4_000348514.jpg|23411|640|360|/data/20191107/1574033983.mp4_0003485','','','CID0000000000112','QmXjaxkAjBV3uB92GfzXt9BgTrLc7d1ZvCCrZCV7zzMTUB','QmT9A48t3TEmh2DaQ2r4Y3gm2Rf4omGZDRW11sDiiWWPW9','Y','Y','99522938422170878717586676514957176725122564328564155526303412243734860772696','',200,0,'basicMeta/basicMeta0.json','86536189479390851357507057857094254519630925793103713577241616882702208908414'),(166,'C01','','9bcecd9085fae8fa787ac3f3bd3c2f25a90e0610',0,'비보이 (미체크)','테스트','N','',33489759,100,'N','N',1,0,0,0,0,'','N','',1,1573104938,0,0,0,'ed23e158-5ba1-43d2-841e-3024c3b65b35','C:\\Users\\oh\\Desktop\\테스트 동영상 English\\테스트 이미지\\Machine vs James  CALL OUT  World Bboy Classic 2019.mp4\\Machine vs James  CALL OUT  World Bboy Classic 2019.mp4_000255421.jpg|26751|640|360|/data/20191107/1573472616.mp4_0002554','','','CID0000000000111','QmXd5kb8zMLePRAVg7Wii2vL1FHyaoiq6LGfhCJVAn23aM','QmY8dvPHXoxm7LxTMd68AmdSXf3Av8bEQjXiewBg9UJQUm','N','N','1723300369926001983815139879048043551637494532968342540925668337458017778138','',200,0,'basicMeta/basicMeta0.json','26612806401161784596717355340130226327307008826904937191122864582026044025790'),(167,'C01','','9bcecd9085fae8fa787ac3f3bd3c2f25a90e0610',0,'show2','테스트','N','',25380741,100,'N','N',1,0,0,0,0,'','N','',1,1573104968,0,0,0,'9b2f3a8c-999b-4ae9-93d6-264037ea27d6','C:\\Users\\oh\\Desktop\\테스트 동영상 English\\테스트 이미지\\Bboy Lil Amok 2H2B Practice 2019.mp4\\Bboy Lil Amok 2H2B Practice 2019.mp4_000001700.jpg|88000|1280|720|/data/20191107/1573814591.jpg','','','CID0000000000110','QmZu8v5CCai99gTVHgkDxLdkrWs9q77eukTyfm4TnpSSP2','QmWYrtXn9v5RoLcThYUpt2HVac7qAxdmkAwd7MejwvxZ3P','N','N','114811956304220657680662992267701485755959509379468394714888766573080132695951','',200,0,'basicMeta/basicMeta0.json','101785082669407736205045727164491988711535395814760505260968818224067421862565'),(168,'C01','','9bcecd9085fae8fa787ac3f3bd3c2f25a90e0610',0,'show','테스트','N','',12056907,100,'N','N',1,0,0,0,0,'','N','',1,1573104986,0,0,0,'1932f40c-6a36-48de-9faf-11cfe9da099c','C:\\Users\\oh\\Desktop\\테스트 동영상 English\\테스트 이미지\\B-Boy Wing Lil Amok and Popper Dassy Lee dances.mp4\\B-Boy Wing Lil Amok and Popper Dassy Lee dances.mp4_000026680.jpg|17137|640|360|/data/20191107/1573631974.j','','','CID0000000000109','QmeG9aT6RZVEZa4c7qKitiiE7X3Hyn6j3KumbzxuaJapje','QmSihqqFvJieayfmzoLp2Ptg3MkQKor8YBodDWnjGk3Jjz','N','N','74783972072627408362881662547402757248517601294740036997826067814624260242586','',300,0,'basicMeta/basicMeta0.json','980717828244654802866594870752986038857377174242371330230738246917627531422'),(169,'C01','','9bcecd9085fae8fa787ac3f3bd3c2f25a90e0610',0,'다람쥐','테스트','N','',15006461,50,'N','N',1,0,0,0,0,'','N','',1,1573104999,0,0,0,'b7799bff-d3e2-423e-8fb3-fe88ce5aef07','C:\\Users\\oh\\Desktop\\테스트 동영상 English\\테스트 이미지\\Squirrel - 2717.mp4\\Squirrel - 2717.mp4_000001368.jpg|224491|1920|1080|/data/20191107/1573311430.jpg','','','CID0000000000108','QmRzqKZxyzeZGG1edNZUBHiZfwozEvH6z6RGsUrHY412MQ','QmNe4SRaxz6wAqPBVh2NucXorbxputaUih3WRXtPcUorDe','N','N','101161003120095426538544569653202686480026338204514875041854950387036226866921','',300,0,'basicMeta/basicMeta0.json','110308295068463662886502545060053563602974875197809039347039285386637753573685'),(170,'C05','','9bcecd9085fae8fa787ac3f3bd3c2f25a90e0610',0,'원숭이','테스트','N','',12640666,100,'N','N',1,0,0,0,0,'','N','',1,1573105011,0,0,0,'fc1f3222-c7cf-4658-9045-9cb858975961','C:\\Users\\oh\\Desktop\\테스트 동영상 English\\테스트 이미지\\Monkey - 2076.mp4\\Monkey - 2076.mp4_000001634.jpg|263155|1920|1080|/data/20191107/1573718613.jpg','','','CID0000000000107','QmWWx1rg4ujMV4jHRTvmKkPyoAR3gUELK5PQgewYgqtpyY','QmRDPBDF2eABJ3AiotDpYJYf6yRX4naN5uKbzXTvjgZFeL','Y','Y','57429825171825735619512640976165424940528046541305772662170587979296518277318','',200,0,'basicMeta/basicMeta0.json','74585795140910169899606947320507530131496953968095472413274775565922355212581'),(171,'C01','','9bcecd9085fae8fa787ac3f3bd3c2f25a90e0610',0,'토스트','테스트','N','',47084133,100,'N','N',1,0,0,0,0,'','N','',1,1573105824,0,0,0,'025b31e9-9782-4893-9538-360a51f6fd90','C:\\Users\\oh\\Desktop\\테스트 동영상 English\\테스트 이미지\\41 Next-Level Pizza Slices Across The US  The Ultimate List.mp4\\41 Next-Level Pizza Slices Across The US  The Ultimate List.mp4_000056056.jpg|96525|1280|720|/data/20191107/1573364969.mp4','','','CID0000000000114','Qmc13RTpvXXwWk85PnXG9LKrwX5FHYRpzYuNaYchfNptBK','QmevoP8DTYCRqwa1mrAwWmpJtgqk4bcXkCeaKqgY6Let3u','N','N','26179754655102287867493697858746872549882603178140254752860483787642419428625','',200,0,'basicMeta/basicMeta0.json','62748589827201892941121210483250317084019476425704155288162046332298470318901'),(172,'C01','','9bcecd9085fae8fa787ac3f3bd3c2f25a90e0610',0,'1111111','테스트','N','',45574031,100,'N','N',1,0,0,0,0,'','N','',1,1573109942,0,0,0,'3f943cf3-45e8-4598-b7e6-cb1f2c8ad76a','C:\\Users\\Gaonsds\\Pictures\\2018112111082779720_l.jpg|319066|640|426|/data/20191107/1573690627.jpg','','','CID0000000000117','QmYThf4r3NgRMGxsfxYKa6ZbiCk2VoGCVPgeBPP9Azc8wp','QmYJx9iwUqZRFrSoDERRNFupFPEMJRBbNUjxptMgKui7V1','N','N','15596526977955279660397462381978581735053677282754693476711605023221839262577','',200,0,'basicMeta/basicMeta0.json','100099055650977803875460198224380303245165568142588250637618505091581123327022'),(173,'C04','','9bcecd9085fae8fa787ac3f3bd3c2f25a90e0610',0,'피짜','테스트','N','',47084133,100,'N','N',1,0,0,0,0,'','N','',1,1573109953,0,0,0,'6355fe5f-3953-4827-b8ad-2340606d0f40','C:\\Users\\oh\\Desktop\\테스트 동영상 English\\테스트 이미지\\41 Next-Level Pizza Slices Across The US  The Ultimate List.mp4\\41 Next-Level Pizza Slices Across The US  The Ultimate List.mp4_000174841.jpg|95349|1280|720|/data/20191107/1573857194.mp4','','','CID0000000000116','QmViHQHcCjHYqpg3RXw5rxJ5eBNwkdHwVr9FmJH9tZ9ovX','QmWye5beChrB61wmC4VoWz2wQacHzAmtyHNH4sK6f8aj1M','N','N','13993235216937260388159197666360678153831496151782848166093230883075053849217','',200,0,'basicMeta/basicMeta0.json','81756459534118136034485335532056141237242356347463115879109866335011757399634'),(174,'C01','','9bcecd9085fae8fa787ac3f3bd3c2f25a90e0610',0,'베이컨 토스트','테스트','N','',42024527,100,'N','N',1,0,0,0,0,'','N','',1,1573110445,0,0,0,'4e79b178-1355-4563-8bb2-5835a40722a5','C:\\Users\\oh\\Desktop\\테스트 동영상 English\\테스트 이미지\\Bacon Toast - Korean Street Food.mp4\\Bacon Toast - Korean Street Food.mp4_000038733.jpg|102759|1280|720|/data/20191107/1573610441.jpg','','','CID0000000000121','QmZBWstrjVKTWpbkjuxBN8phaKPUBv8eYdLFjskmpdCrck','Qmb7wykRN7eq5GCoNVjkVVndwfzNfgeyCW4xSWb5x8ExXV','N','N','90482352098093050791447225662968532642159687896991194286073922744258854559906','',101,0,'basicMeta/basicMeta0.json','111970013682747227274985939161283240215482633761760811648097909265164361617310'),(175,'C01','','9bcecd9085fae8fa787ac3f3bd3c2f25a90e0610',0,' Bboy Classic','테스트','N','',33489759,100,'N','N',1,0,0,0,0,'','N','',1,1573110459,0,0,0,'71d5214b-3ff3-47e0-9621-5ba3a5b1bfec','C:\\Users\\Gaonsds\\Pictures\\black-panther-poster.jpg|178117|648|960|/data/20191107/1573355560.jpg','','','CID0000000000120','QmXiDYR3BdZ8pY9Sbr9chWthkWNjTdCRC4xrWZBtQS4KSn','Qma2L3ZonHqNc3yoFyPJSJ5q6GmsLLEu5s9czu8NwiSMQ1','N','N','8151711853679671426096114569411153379044948698506506449004706733424738573443','',101,0,'basicMeta/basicMeta0.json','49468383526587351544462529261718768984478112364335160945017710870212981764583'),(176,'C01','','9bcecd9085fae8fa787ac3f3bd3c2f25a90e0610',0,'Ultimate List','테스트','N','',47084133,100,'N','N',1,0,0,0,0,'','N','',1,1573110472,0,0,0,'4384bc31-7ac3-48c4-815e-a51b2bfdbdb0','C:\\Users\\Gaonsds\\Pictures\\2d73b26df0d6a09584110aafc1cbd0ee.jpg|87219|720|504|/data/20191107/1573768429.jpg','','','CID0000000000119','QmZYdoTPmD3J9ZLzk9WcRr1Mg2JknjrHrSUUA72vpMFJBt','Qmd6BmP76dHkSYNbrTzd7oNnzR7urwQRzjmVdpgairLzJ2','N','N','67274596080270681509849748115495587620080327809519890970948909263385275758538','',101,0,'basicMeta/basicMeta0.json','46259860456316908323424712296177303681967464904831332629728985503273415958117'),(177,'C02','','9bcecd9085fae8fa787ac3f3bd3c2f25a90e0610',0,'비보이들','테스트','N','',33489759,100,'Y','N',0,0,0,0,0,'','N','',1,1573113015,0,0,0,'05699ea2-3b3c-44ce-ba1e-57c88de3057c','C:\\Users\\oh\\Desktop\\테스트 동영상 English\\테스트 이미지\\Machine vs James  CALL OUT  World Bboy Classic 2019.mp4\\Machine vs James  CALL OUT  World Bboy Classic 2019.mp4_000255421.jpg|26751|640|360|/data/20191107/1573544791.mp4_0002554','','','CID0000000000122','QmbMJ5iuMu2KBnAKHASgvcjRZjjomLaQ5cpun4hg9tTcwD','QmZSP6GYjRMU4RwjCKRVWHuK9eBEi7uBtGnCutnbqqD4R7','Y','Y','82924433366138194801660826991213321802425901477700534384969323638843458190020','',200,0,'basicMeta/basicMeta0.json','16856284122274330766590957811644669157782358592124268450455168822758016668989'),(178,'C01','','9bcecd9085fae8fa787ac3f3bd3c2f25a90e0610',0,'아보카도 피자','테스트','N','',47084133,100,'N','N',1,0,0,0,0,'','N','',1,1573113075,0,0,0,'5bc1f739-5336-440e-a295-3cb94cd87bf6','C:\\Users\\oh\\Desktop\\테스트 동영상 English\\테스트 이미지\\41 Next-Level Pizza Slices Across The US  The Ultimate List.mp4\\41 Next-Level Pizza Slices Across The US  The Ultimate List.mp4_000295628.jpg|109040|1280|720|/data/20191107/1573872325.mp4','','','CID0000000000123','QmVEULdvPq7GDWgypxFweE8GfehBcdmEBKnR77XBpcuXW7','QmQh1tzUcpchVyqEmbCsdKsZUcsJzXoTbwXBaG2kA7pfEs','N','N','34219369750875661407731383896004484994235731239127368979929111919813030911389','',300,0,'basicMeta/basicMeta0.json','36675459533952265955402542482495143957211029466534469224283967731855920051097'),(179,'C06','','9bcecd9085fae8fa787ac3f3bd3c2f25a90e0610',0,'river','테스트','N','',8340098,100,'N','N',1,0,0,0,0,'','N','',1,1573175722,0,0,0,'d1d116df-9eaf-4825-909c-dab314c54429','C:\\Users\\oh\\Desktop\\테스트 동영상 English\\테스트 이미지\\River - 14205.mp4\\River - 14205.mp4_000001960.jpg|232870|1920|1080|/data/20191108/1573775983.jpg','','','CID0000000000124','QmTu1qgSFxTgAq9saP4UHjbL9GPkJ7V2v6ykpFwKPPyLYk','QmTQ5Qt4FDiCwY3RmgJrR4yj6jEc7V3gJBW4rLx1tKJEMb','N','N','101640965177651895157912687973670826542708575141099423123110908202611975059797','',200,0,'basicMeta/basicMeta0.json','49514134838741579191674001995190239484786731728431716734882969050663353082646'),(180,'C02','','9bcecd9085fae8fa787ac3f3bd3c2f25a90e0610',0,'크레용팝','테스트','N','',418387608,100,'N','N',1,0,0,0,0,'','N','',1,1573175733,0,0,0,'225e6ea7-94b5-45e5-9106-bbd3316e9cc4','C:\\Users\\oh\\Desktop\\테스트 동영상 English\\테스트 이미지\\crayonpopTVS02 E08.mp4\\crayonpopTVS02 E08.mp4_000076766.jpg|27547|480|320|/data/20191108/1573818995.jpg','','','CID0000000000125','QmeWiuEjmxS5Bt4oQWN1V1jvz5qxGAS7fZEADozxEh7Wcs','QmdButxWo4i51FBKXMDPF7yiQQ8TrCA2uv1qfDX35HsjkD','N','N','60569094358476671645430450043726200923980536944158460569414369917934222684705','',200,0,'basicMeta/basicMeta0.json','107387283434596362727797621394674471775679837839105003571271502951524500001609'),(181,'C02','','9bcecd9085fae8fa787ac3f3bd3c2f25a90e0610',0,'트와이스','테스트','N','',31698978,100,'N','N',1,0,0,0,0,'','N','',1,1573175745,0,0,0,'4dd87989-bb8a-4b9b-8a2c-9f4437eb8866','C:\\Users\\oh\\Desktop\\테스트 동영상 English\\테스트 이미지\\Cute Video (TWICE) - FANCY.mp4\\Cute Video (TWICE) - FANCY.mp4_000010310.jpg|56584|608|1080|/data/20191108/1573706442.jpg','','','CID0000000000126','QmXBY3W81Rg99LHiGjddy9HKA6f1UFCQ3TTs7GKiEkTaCU','QmQMvnqFRzC2iBYBXhhEPmmVK2dspYHwWi5RRfj8XBLHwA','Y','Y','86691220066455620661128718622389152965783288976742733226798126440157504612666','',200,0,'basicMeta/basicMeta0.json','21425519878628149577985471997636673096652802118913992453161651638086324127206'),(182,'C01','','1e7581aaabeefba292dd4ad6107293d45049b3ee',0,'test ','테스트','N','',119408716,100,'N','N',1,0,0,0,0,'','N','',1,1573449274,0,0,0,'ba42b933-ba4e-4eb9-8354-12d4d99d9952','','','','CID0000000000128','QmZcWcUpZfvM9a5TiHxkKvFa8NxmN7ryn9RKEhivS9tkoX','QmeZEScXg5SbhcXSqj6e1YHgCBDLFUcQ9hpPDaZfjinqHW','N','N','36833385071799730598769335026258239565970873770465337609474040291075882002662','',101,0,'basicMeta/basicMeta0.json','82345827437677714605805872754826907005028988957157838294285152726041207229096'),(183,'C01','','9bcecd9085fae8fa787ac3f3bd3c2f25a90e0610',0,'Longboarding 91kph From the Top','테스트','N','',30860860,100,'N','N',0,0,0,0,0,'','N','',1,1573454141,0,0,0,'89dc2dd1-22e6-4854-a955-40167fca66eb','C:\\Users\\oh\\Desktop\\테스트 동영상 English\\테스트 이미지\\Longboarding 91kph From the Top.mp4\\Longboarding 91kph From the Top.mp4_000025600.jpg|60097|1280|720|/data/20191111/1574247855.jpg','','','CID0000000000130','Qmd4d8oZToG1HLreki7ZxgjvFuLvVySSdGxd4xJkFVeTnH','QmRK4MT8MWciX4JCgfk4yvdR5UhrwM84BaCGmpPR3BxzPc','N','N','38994711536810272509554666240347847161574505158433102132256978117858498553679','',200,0,'basicMeta/basicMeta0.json','112109473655627100475768465761249951415415478163803582826830273097126045151884'),(184,'C02','','9bcecd9085fae8fa787ac3f3bd3c2f25a90e0610',0,'다람쥐','테스트','N','',15006461,100,'N','N',0,0,0,0,0,'','N','',1,1573454155,0,0,0,'7f808053-2fe1-43c1-af5e-7d7e830afa46','C:\\Users\\oh\\Desktop\\테스트 동영상 English\\테스트 이미지\\Squirrel - 2717.mp4\\Squirrel - 2717.mp4_000007374.jpg|251718|1920|1080|/data/20191111/1573886154.jpg','','','CID0000000000131','Qmc3MTWDH81nmASBu3HmmB3cxc6AVQWVyKwvqjestnNpFN','QmPc2cjWik3G6zEj8MFnMRVUnEJoH7bsjcH3kFm7gvbzGU','N','N','11809112292806204876659668726161424187040931900265211353913500032541465979831','',250,0,'basicMeta/basicMeta0.json','101809865035849005649297470566234468852024988015132175142219989653460376474284'),(185,'C02','','9bcecd9085fae8fa787ac3f3bd3c2f25a90e0610',0,'비보이','테스트','N','',25380741,100,'N','N',1,0,0,0,0,'','N','',1,1573454169,0,0,0,'2b055b47-264d-4082-a3ee-00ab91ad8977','C:\\Users\\oh\\Desktop\\테스트 동영상 English\\테스트 이미지\\Bboy Lil Amok 2H2B Practice 2019.mp4\\Bboy Lil Amok 2H2B Practice 2019.mp4_000001700.jpg|88000|1280|720|/data/20191111/1574229462.jpg','','','CID0000000000132','QmYntuBymJz7S1TZ5NuHyKkvfhJ1QhbZUXqt5SjsmWxbPD','QmX8UTSjkT7cCnMg6jvVP5UTtNfAmeowUmVMQ9SHDeDuTK','N','N','66477151076712947915979185441489118013227965630575174373418651360157204889706','',280,0,'basicMeta/basicMeta0.json','103632547276604547779743470285690547168634330234516996178042433507681861039263'),(190,'C01','','9bcecd9085fae8fa787ac3f3bd3c2f25a90e0610',0,'11223344','테스트','N','',4428257,100,'Y','N',0,0,0,0,0,'','N','',1,1573620155,0,0,0,'957b5f2e-a698-4e21-9717-b21d23c1c7d8','http://coimg.circler.co.kr/2019/11/13/1573620155_9afa48337975f4ca4970bbebc8964b44.jpg','','','CID0000000000138','QmNmKnBoL5BuznxoGM4Pv3DGuC8zdHyXWtL4N6Fjg99AoQ','QmUquQo2nLsjXizkuXAGxDgJRNBuQoPcfs5KnyipR3mA5c','Y','Y','90909999400191881463071352310175587213840272252071823884118992554194087659057','',200,0,'',''),(191,'C01','','9bcecd9085fae8fa787ac3f3bd3c2f25a90e0610',0,'aabbcc','테스트','N','',9868268,100,'N','N',2,0,0,0,0,'','N','',1,1573621266,0,0,0,'9c80db34-f7c5-4ff4-a75a-f4a63d67de97','http://coimg.circler.co.kr/2019/11/13/1573621265_a72be942488f3b888e1ee1b2053023b6.jpg','http://coimg.circler.co.kr/2019/11/13/1573621265_bcc48c30a84b77ca86e631960fffcb4e.jpg,http://coimg.circler.co.kr/2019/11/13/1573621266_5cc16280b383b0c2fa01474bb0b9a32c.jpg,http://coimg.circler.co.kr/2019/11/13/1573621266_1c22096801ebf3d33945b80a61796c67.jpg,http://coimg.circler.co.kr/2019/11/13/1573621266_e65efa9be857dd92cafc86ce3fe784a8.jpg','','CID0000000000139','QmfA7bMLXCtXiX1g9t4kQrfvidCpM2Dfxt37jVR7s6tJkH','QmdPa8g2zw1yTRDxntKefLYuyP11n6eUUSV55EHA896jCQ','N','N','14659972283809493645190032207282225044917322256724300484138283833442397189004','',200,0,'',''),(192,'C01','','9bcecd9085fae8fa787ac3f3bd3c2f25a90e0610',0,'5555','테스트','N','',4189421,100,'N','N',2,0,0,0,0,'','N','',1,1573623725,0,0,0,'1099c92d-f372-4ec8-96fb-399af8f2b00e','http://coimg.circler.co.kr/2019/11/13/1573623725_b19211432d3547b9143ac7e202ea3ef5.jpg','','','CID0000000000141','QmbX5xUgQYw6Q5QWGzDXMg6LekuSrWQrVyet8tAz52YXQt','QmXezAqXbUbfMTA9B1cfPMmXxHN3ZyiEi89fH4Mt54YsxT','N','N','100182902650389569641485471327418549220585804119028844396989435842940107025488','',200,0,'',''),(193,'C01','','9bcecd9085fae8fa787ac3f3bd3c2f25a90e0610',0,'0000','테스트','N','',22406131,100,'N','N',1,0,0,0,0,'','N','',1,1573623951,0,0,0,'2cb77132-4277-469b-b5c5-b8ec82033036','http://coimg.circler.co.kr/2019/11/13/1573623950_6926f5221f823a670fb365d0ac06ae8d.jpg','http://coimg.circler.co.kr/2019/11/13/1573623950_c2cefd0f2f11a896188183f7a1ceee9b.jpg,http://coimg.circler.co.kr/2019/11/13/1573623950_13b55513077fcc23d02371618c24be97.jpg,http://coimg.circler.co.kr/2019/11/13/1573623950_59c4902981033212e76053db717ab7eb.jpg,http://coimg.circler.co.kr/2019/11/13/1573623950_b4ba0b8af94a278bbdb782698ad727fd.jpg,http://coimg.circler.co.kr/2019/11/13/1573623950_e638cf1a6bf61c8470eb66ff02574011.jpg','','CID0000000000143','QmUxNau5sqo6CckgGqpq8ryWck8vjtvPiDU2BqRWJdF6RE','QmdcKWyUi6FcsQTgPSewifmiZmZHQZrDeCjos7VzgCBom8','N','N','68650609564834068247663948129295380564839843437145506011228587863159501585385','',300,0,'',''),(194,'C01','','9bcecd9085fae8fa787ac3f3bd3c2f25a90e0610',0,'3333','테스트','N','',15006461,100,'N','N',1,0,0,0,0,'','N','',1,1573624042,0,0,0,'1ce85e31-ab79-4f8b-ba3e-41fa0cb5608b','http://coimg.circler.co.kr/2019/11/13/1573624042_3f8fb16a94fa94266708a7078c19c443.jpg','','','CID0000000000142','QmXBzAEaxajVhbBTD1o1cj5JK3sct3xVPE5ecjrotnBQnm','QmPaoncnabSPK36fnFjhFHpK4JEHmSFLPe4F8F2zVpfJCE','N','N','31551851193044585588759344998855125070554262921632295846354607036742198249128','',500,0,'',''),(195,'C01','','9bcecd9085fae8fa787ac3f3bd3c2f25a90e0610',0,'112233','테스트','N','',119408716,100,'N','N',2,0,0,0,0,'','N','',1,1573627865,0,0,0,'e7757a55-870c-4960-b6c7-2240a11cea4d','','','','CID0000000000145','QmZVaLQeUTDJiYpHaYHmfx88cP8uwNvg74k1ThAmtfEUyc','QmX7jvsa16Eyv4SEB8UcropLoTFJCjT7XNEnd3TUCWX1yR','N','N','40118973810475923325703466369184712930199141119144147455326547009181171658227','',211,0,'basicMeta/basicMeta0.json','106368562621345157661338909120387045331761400198817392840010366552494760364381'),(196,'C01','','9bcecd9085fae8fa787ac3f3bd3c2f25a90e0610',0,'11retset','테스트','N','',4428257,100,'N','N',0,0,0,0,0,'','N','',1,1573692796,0,0,0,'6da1f612-a608-486b-ae8a-d93027e9272d','http://coimg.circler.co.kr/2019/11/14/1573692795_20a5b97398fddeadfb3587bf5d08bd79.jpg','http://coimg.circler.co.kr/2019/11/14/1573692795_dc04e3fdf3fc51b7800f5da33fd3b832.jpg,http://coimg.circler.co.kr/2019/11/14/1573692795_87493f5689ec9da94fb5e9229af96b9c.jpg,http://coimg.circler.co.kr/2019/11/14/1573692795_a72be942488f3b888e1ee1b2053023b6.jpg,http://coimg.circler.co.kr/2019/11/14/1573692796_9afa48337975f4ca4970bbebc8964b44.jpg','','CID0000000000146','QmS289UYksevRduwWQzQXJmvYpHorR3avBhG8K7mLWpi8j','QmT4aSy8aShUVArEemiFQH4kujWwbYMvnrWvcMgCSqBA7n','N','N','70140070457972199882095672064561622197484344096441713234357411221418686535281','',300,0,'',''),(197,'C01','','9bcecd9085fae8fa787ac3f3bd3c2f25a90e0610',0,'인형~~~','테스트','N','',4189421,100,'N','N',1,0,0,0,0,'','N','',1,1573693835,0,0,0,'b49c3c63-8250-4230-a723-1359adcd68e4','http://coimg.circler.co.kr/2019/11/14/1573693835_b19211432d3547b9143ac7e202ea3ef5.jpg','','','CID0000000000148','QmPyRcprKfM66xe9B6Kes25L9ZJe87XTrGQYEYSZmu9sNP','QmQvXjg9dvYjUChJkBtEqR4b9efUSdy3u33D3yXh86g9dY','N','N','9115625457387465366212276360207737501772902786382408853495657303693472257884','',200,0,'',''),(198,'C01','','9bcecd9085fae8fa787ac3f3bd3c2f25a90e0610',0,'cat&cat.mp4','테스트','N','',13954511,100,'N','N',2,0,0,0,0,'','N','',1,1573695388,0,0,0,'f33ff0b0-728a-4a0c-88e5-4f2ec2e2e286','http://coimg.circler.co.kr/2019/11/14/1573695387_1d5f44343af44aac72cb7a8e076bf55e.jpg','http://coimg.circler.co.kr/2019/11/14/1573695387_1d5f44343af44aac72cb7a8e076bf55e.jpg,http://coimg.circler.co.kr/2019/11/14/1573695387_e986d691adecf1dc08a67630b0965fe7.jpg,http://coimg.circler.co.kr/2019/11/14/1573695387_80ea953cbbdb416629d37da9b1eb1c28.jpg,http://coimg.circler.co.kr/2019/11/14/1573695388_35d6bb938576b5e5d910024e1589d568.jpg,http://coimg.circler.co.kr/2019/11/14/1573695388_3ea0a4074df583bb7aaacbc0331368c0.jpg,http://coimg.circler.co.kr/2019/11/14/1573695388_934218ab6bf714700dee8df2812dbc78.jpg','','CID0000000000149','QmR5p3izSc3tAMkcgsxZ6TfDi9fWLiLYxxa5qsmxDWKitu','QmcJvhtc7HTPeGZx7oZ5f4N8TLhhssPxa92wYQTJpjCpwo','Y','Y','104460403422772836200005281569781212778775600497183851205162337020267121225794','',300,0,'',''),(199,'C01','','9bcecd9085fae8fa787ac3f3bd3c2f25a90e0610',0,'강아지','테스트\r\n도그\r\n갈색\r\n쇼파','N','',9564846,100,'Y','N',1,0,1,0,0,'','N','',1,1573700045,0,0,0,'1ccc5149-9da1-4589-b005-e02dd853006b','http://coimg.circler.co.kr/2019/11/14/1573700045_7a2f7e20a02340ac77683e40c780a745.jpg','','','CID0000000000151','QmYDFrXKnbBFcEiU5v9vsxugPWsTVbNbS8p85XT4KJqrhN','QmPJQueBrWoA848qxsY21XvGEjezcuWYJzdZJxyttcjtoe','Y','Y','41977886018079262201270332461313879312773301668696211095327932819439811437624','',300,0,'',''),(200,'C13','','9bcecd9085fae8fa787ac3f3bd3c2f25a90e0610',0,'어벤져스앤드게임 예고편','새로운 조합을 이룬 어벤져스,역대 최강 빌런 타노스에 맞서세계의 운명이 걸린 인피니티 스톤을 향한무한 대결이 펼쳐진다!','N','',76138463,100,'N','N',1,0,0,0,0,'','N','',1,1574225750,0,0,0,'f92a8bdb-b475-426c-b7e8-40eef3c8d219','http://coimg.circler.co.kr/2019/11/20/1574225750_98a8bfe9a1ede9850560e239be06310e.jpg','http://coimg.circler.co.kr/2019/11/20/1574225750_b4555987a5e0ca3f6d7c54d3b95ef912.jpg,http://coimg.circler.co.kr/2019/11/20/1574225750_505a3398cd934acf10a68319be5f8922.jpg,http://coimg.circler.co.kr/2019/11/20/1574225750_98a8bfe9a1ede9850560e239be06310e.jpg','','CID0000000000177','QmWQLTuD7Zrf83HYEFCcj8oG8jgQgtV1PFWxDCsSo9YQZc','Qmbjm7VLrW2bPc3JWxWbiFDWCJJPUJQPUDF6edSS6dhSsU','N','N','90091336064067312119128386938626104919141477341760610710705123805124739411777','',120,0,'',''),(201,'C13','','68f521a52416859a078547d199b48b390a3feea0',0,'어벤져스','테스트 영상','N','',76138463,100,'N','N',1,0,0,0,0,'','N','',1,1574402971,0,0,0,'f96d9489-7ce1-4c08-80d0-7c7f65e6f7f5','http://coimg.circler.co.kr/2019/11/22/1574402970_b4555987a5e0ca3f6d7c54d3b95ef912.jpg','http://coimg.circler.co.kr/2019/11/22/1574402970_1688e21f0fbbe8fc02e1e70ca64e9a9e.jpg,http://coimg.circler.co.kr/2019/11/22/1574402970_e330ec8c81d05b66c55e41ba8f9d4266.jpg,http://coimg.circler.co.kr/2019/11/22/1574402970_ced741a965b3dcfff04828b603fc12d3.jpg,http://coimg.circler.co.kr/2019/11/22/1574402971_e470c0c4b2e992dc14a48ab5e98c2822.jpg,http://coimg.circler.co.kr/2019/11/22/1574402971_505a3398cd934acf10a68319be5f8922.jpg,http://coimg.circler.co.kr/2019/11/22/1574402971_98a8bfe9a1ede9850560e239be06310e.jpg','','CID0000000000202','Qmaw4akEA7cqkpNDiDZk65mQtxs5Ete6UCKDgKzMyXFEYo','QmNnGz22MgEdn9j12tFpsHh4xQHCU6yD9wHQP4vxvLEbte','Y','Y','24359060586418570161508181923195852806515769160281395804405709761640616418860','',200,0,'',''),(202,'C01','','9bcecd9085fae8fa787ac3f3bd3c2f25a90e0610',0,'ㅁㅁㅁㅁ','테스트','N','',76138463,100,'N','N',1,0,0,0,0,'','N','',1,1574406269,0,0,0,'f19e0e4f-9566-43e9-91cf-953f658916d1','http://coimg.circler.co.kr/2019/11/22/1574406269_b4555987a5e0ca3f6d7c54d3b95ef912.jpg','','','CID0000000000203','QmXqJo7hK5HwCKJPUQhYss7L2eewyDE8iaW2nb5vCN1724','QmZgTMP9YJTr11UuSzhX9JJ9Ag1MGJZdktr1kKXhptHLbK','Y','Y','9703636317265366444698908742572617242594539886461519730274235614026223388655','',500,0,'',''),(203,'C05','','68f521a52416859a078547d199b48b390a3feea0',0,'고양이','테스트 영상','N','',13056112,100,'Y','N',1,0,0,0,0,'','N','',1,1574407972,0,0,0,'cf7ff1f1-e0dd-4545-808a-a4a053b07ba1','http://coimg.circler.co.kr/2019/11/22/1574407971_f5bad5db9f4fe5aa104a1e2a0397a02e.jpg','http://coimg.circler.co.kr/2019/11/22/1574407972_32d26ed355300f78619bba0f33ce7d1e.jpg,http://coimg.circler.co.kr/2019/11/22/1574407972_6c4c3bf548c43f84dcf235127948301c.jpg','','CID0000000000204','QmZgH5SLCVJBq5kdCLRmf4xHkUaWKKNMTgT2FCeaMbPLNy','QmT2BX2FyKwgkPBtn2hTw46CfKbr3PjRnAZE6o8njcovUH','N','Y','10854487479541142754622230166918703829527621399909192497688103014694799564641','',300,0,'',''),(204,'C01','','9bcecd9085fae8fa787ac3f3bd3c2f25a90e0610',0,'11111','테스트','N','',47084133,100,'N','N',1,0,0,0,0,'','N','',1,1574644443,0,0,0,'aea4f965-d250-4c3e-b15e-b45db56a685b','http://coimg.circler.co.kr/2019/11/25/1574644443_7088d23ea18728ae568e7461bc36bfc8.jpg','http://coimg.circler.co.kr/2019/11/25/1574644443_d1769b5964c9b5c51f776593de61e264.jpg,http://coimg.circler.co.kr/2019/11/25/1574644443_07e46b4a8a3348a88142cc0e7044491d.jpg,http://coimg.circler.co.kr/2019/11/25/1574644443_fdf2ee8145ee8b62efb4ab6ee7afe679.jpg','','CID0000000000205','QmPWa7BHvgzwzNLvm8VfjYuxntNdbcukHEjguDc1tt8K5j','QmevFAyQndpghzFqeCedfARuamjWHvMbCEmg7TDdqDWe2N','Y','Y','62451936882244237616196727481393197256825865127403847317429598076273446955134','',200,0,'',''),(205,'C13','','9bcecd9085fae8fa787ac3f3bd3c2f25a90e0610',0,'어벤어벤','테스트','N','',76138463,100,'N','N',1,0,0,0,0,'','N','',1,1574645519,0,0,0,'ce643e2a-4bb8-4f5f-b94f-af360225f393','http://coimg.circler.co.kr/2019/11/25/1574645519_ced741a965b3dcfff04828b603fc12d3.jpg','http://coimg.circler.co.kr/2019/11/25/1574645519_e330ec8c81d05b66c55e41ba8f9d4266.jpg,http://coimg.circler.co.kr/2019/11/25/1574645519_b4555987a5e0ca3f6d7c54d3b95ef912.jpg,http://coimg.circler.co.kr/2019/11/25/1574645519_ced741a965b3dcfff04828b603fc12d3.jpg','','CID0000000000206','QmexWpdLJadnMBAjtRKHotH6AzxDFx8zRupfRd2y8E9bVX','QmV8JubfRypohJWeHc3xchpaCMBr5D6Nxa9x4cVnbrtWkv','Y','Y','23403136758800412896283839010570991148556050144674281135148875757781596366176','',400,0,'',''),(206,'C01','','9bcecd9085fae8fa787ac3f3bd3c2f25a90e0610',0,'555555','테스트','N','',119408716,100,'N','N',2,0,0,0,0,'','N','',1,1574647266,0,0,0,'0cf383ae-c331-4ab1-bad8-e51b32a67d74','http://coimg.circler.co.kr/2019/11/25/1574647265_4a7007e10bb501afd1d0243e4328868f.jpg','http://coimg.circler.co.kr/2019/11/25/1574647265_4a7007e10bb501afd1d0243e4328868f.jpg,http://coimg.circler.co.kr/2019/11/25/1574647266_1dc8c6dd74f2d82f92900ca60b25cb8c.jpg','','CID0000000000207','Qme9QRroiqHFhHGgC8FHWwm1WZqkoSNLwZPc1xSjLjvySr','Qmeyn5WBJ2kQs9pqbRQQVbo9WgiQEb7vp6DPhGmVyZhR1z','Y','Y','105914886905778671431721834690041651864402631404765618509003103768953780739942','',300,0,'',''),(207,'C01','','9bcecd9085fae8fa787ac3f3bd3c2f25a90e0610',0,'77777','테스트','N','',76138463,100,'N','N',2,0,0,0,0,'','N','',1,1574647555,0,0,0,'4b69d587-b981-4c4e-b85a-d562bd2549ab','http://coimg.circler.co.kr/2019/11/25/1574647554_e330ec8c81d05b66c55e41ba8f9d4266.jpg','http://coimg.circler.co.kr/2019/11/25/1574647554_e470c0c4b2e992dc14a48ab5e98c2822.jpg,http://coimg.circler.co.kr/2019/11/25/1574647554_505a3398cd934acf10a68319be5f8922.jpg,http://coimg.circler.co.kr/2019/11/25/1574647555_98a8bfe9a1ede9850560e239be06310e.jpg','','CID0000000000208','QmbDtpuX9vKFBPmhtZeXLVnLNUU96i8Ziv9Hn8HuRhtSTd','Qmdwcni6TDXvQvEJJQTTshP2etjgq9BkErsiCUamvmN8oF','N','N','47519586029151672276450306900992225275085523357662151076401129609881909988581','',300,0,'',''),(208,'C01','','9bcecd9085fae8fa787ac3f3bd3c2f25a90e0610',0,'00000','테스트','N','',119408716,100,'N','N',1,0,0,0,0,'','N','',1,1574647923,0,0,0,'6d7686ca-dd7a-42bd-b288-b83dbb11e187','','','','CID0000000000209','QmY6hKBkn1oGXW3rLCzpr1pAaRBC4evouhm6Yyt7vZHLcw','QmZX2hVfE3m6sS7ZAd1GmcT8GSdL3wHQwXSiEZtEbs2r33','N','N','56605641713469247539176648228847132071910929589132292661397143503955398452320','',200,0,'',''),(209,'C01','','9bcecd9085fae8fa787ac3f3bd3c2f25a90e0610',0,'아디','테스트','N','',14398212,100,'N','N',2,0,0,0,0,'','N','',1,1574649795,0,0,0,'8fabb8f5-6aed-4ed5-862f-44aee3be5486','http://coimg.circler.co.kr/2019/11/25/1574649794_72f21a3ace081dc9cd45f5f9df72c80e.jpg','http://coimg.circler.co.kr/2019/11/25/1574649794_020d22fd8af3d898f3e29bfa3bac8aa9.jpg,http://coimg.circler.co.kr/2019/11/25/1574649794_2acc9335abfdf9214e2a8f5af5d31a3a.jpg,http://coimg.circler.co.kr/2019/11/25/1574649795_7755d45a94709d3250261b1c0513dbf1.jpg','','CID0000000000211','QmaSqQvceDn2ZHJ6E6erWJFDXxRDe31WUtAhavkwno7ey2','QmWpRRqUxMkQogPFu8ZTtByuL6rKfaHPXRjv1J1eXeL4Bv','N','N','21870852760359588034796241601814633176795552320089509986022950913510297041539','',300,0,'',''),(210,'C01','','9bcecd9085fae8fa787ac3f3bd3c2f25a90e0610',0,'cat','테스트','N','',13056112,100,'N','N',2,0,0,0,0,'','N','',1,1574649810,0,0,0,'78a8c35f-aba3-49f2-8dcb-6cf3ecab9e87','http://coimg.circler.co.kr/2019/11/25/1574649810_f24d30e1692d18e10cbc4cbad4fd3396.jpg','','','CID0000000000212','QmNTXr3awvhmEZDqrFR6aLgwCZcw8UY4RVKYp2j1Fkuf6R','QmTRtPr9Ad5WRCoMziGSZVxzAssY3iRdYz48ebqtU9rpMC','N','N','101715758301653972559921787276433976036515641362151241140617891629943332665244','',300,0,'',''),(211,'C13','','ea924f5207b62c87f5003cf3997039121c74beb4',0,'Avengers Endgame Final Battle','테스트','N','',76138463,100,'N','N',1,0,0,0,0,'','N','',1,1574655466,0,0,0,'ff2b4645-278d-48a2-9b4c-53d142fe533f','http://coimg.circler.co.kr/2019/11/25/1574655465_b4555987a5e0ca3f6d7c54d3b95ef912.jpg','http://coimg.circler.co.kr/2019/11/25/1574655465_1688e21f0fbbe8fc02e1e70ca64e9a9e.jpg,http://coimg.circler.co.kr/2019/11/25/1574655465_e330ec8c81d05b66c55e41ba8f9d4266.jpg,http://coimg.circler.co.kr/2019/11/25/1574655465_ced741a965b3dcfff04828b603fc12d3.jpg,http://coimg.circler.co.kr/2019/11/25/1574655465_e470c0c4b2e992dc14a48ab5e98c2822.jpg,http://coimg.circler.co.kr/2019/11/25/1574655465_505a3398cd934acf10a68319be5f8922.jpg,http://coimg.circler.co.kr/2019/11/25/1574655466_98a8bfe9a1ede9850560e239be06310e.jpg','','CID0000000000213','QmfMjFcBRC1vjyEgyEzJeN2yZoNiaJYuLqUHfYUxjFFVTP','QmSFX4bc8cGNvbUtsURByXLmVbjMEsGtCo6QmSwdTRABdM','N','N','77505073389324775728863410197533555420181124729857699167895578130528099956043','',200,0,'',''),(212,'C05','','68f521a52416859a078547d199b48b390a3feea0',0,'고양이','테스트 영상','N','',13056112,100,'Y','N',0,0,0,0,0,'','N','',1,1576569043,0,0,0,'cf7ff1f1-e0dd-4545-808a-a4a053b07ba1','http://coimg.circler.co.kr/2019/12/17/1576569042_f5bad5db9f4fe5aa104a1e2a0397a02e.jpg','http://coimg.circler.co.kr/2019/12/17/1576569042_32d26ed355300f78619bba0f33ce7d1e.jpg,http://coimg.circler.co.kr/2019/12/17/1576569043_6c4c3bf548c43f84dcf235127948301c.jpg','','CID0000000000204','QmZgH5SLCVJBq5kdCLRmf4xHkUaWKKNMTgT2FCeaMbPLNy','QmT2BX2FyKwgkPBtn2hTw46CfKbr3PjRnAZE6o8njcovUH','N','Y','75906391598835449299142123921772167551975565831735431206990881216217601106453','',110,0,'',''),(213,'C01','','9bcecd9085fae8fa787ac3f3bd3c2f25a90e0610',0,'어벤져스 예고편','테스트','N','',76138463,100,'N','N',1,0,1,0,0,'','N','',1,1576569399,0,0,0,'5e88bd5e-1692-4cda-8216-f05d41683e6d','http://coimg.circler.co.kr/2019/12/17/1576569397_1688e21f0fbbe8fc02e1e70ca64e9a9e.jpg','http://coimg.circler.co.kr/2019/12/17/1576569397_e330ec8c81d05b66c55e41ba8f9d4266.jpg,http://coimg.circler.co.kr/2019/12/17/1576569398_b4555987a5e0ca3f6d7c54d3b95ef912.jpg,http://coimg.circler.co.kr/2019/12/17/1576569398_ced741a965b3dcfff04828b603fc12d3.jpg,http://coimg.circler.co.kr/2019/12/17/1576569398_e470c0c4b2e992dc14a48ab5e98c2822.jpg,http://coimg.circler.co.kr/2019/12/17/1576569398_505a3398cd934acf10a68319be5f8922.jpg,http://coimg.circler.co.kr/2019/12/17/1576569398_98a8bfe9a1ede9850560e239be06310e.jpg','','CID0000000000219','QmaZSfB7uJScZPkaUp4f6EAJW9yRtQDMMFVzhHxXWRNG94','QmbjoaW9ALxjBMtmGoyLnDtQrCDC4EDgtc8bnnHFLCwwZe','N','N','5989686823233450376885307089430247990123253232800532659307560701804174485747','',101,0,'','');
/*!40000 ALTER TABLE `CONTENTS` ENABLE KEYS */;
UNLOCK TABLES;

--
-- Table structure for table `CONTENTS_DOWNLOAD_RANK`
--

DROP TABLE IF EXISTS `CONTENTS_DOWNLOAD_RANK`;
/*!40101 SET @saved_cs_client     = @@character_set_client */;
/*!40101 SET character_set_client = utf8 */;
CREATE TABLE `CONTENTS_DOWNLOAD_RANK` (
  `contents_download_id` int(11) unsigned NOT NULL AUTO_INCREMENT COMMENT '고유번호',
  `contents_id` int(11) unsigned NOT NULL COMMENT '컨텐츠번호',
  `download_cnt` int(11) unsigned NOT NULL COMMENT '추천수',
  PRIMARY KEY (`contents_download_id`),
  UNIQUE KEY `contents_id` (`contents_id`)
) ENGINE=InnoDB AUTO_INCREMENT=101 DEFAULT CHARSET=utf8 COMMENT='다운수';
/*!40101 SET character_set_client = @saved_cs_client */;

--
-- Dumping data for table `CONTENTS_DOWNLOAD_RANK`
--

LOCK TABLES `CONTENTS_DOWNLOAD_RANK` WRITE;
/*!40000 ALTER TABLE `CONTENTS_DOWNLOAD_RANK` DISABLE KEYS */;
INSERT INTO `CONTENTS_DOWNLOAD_RANK` VALUES (1,93,1),(2,87,1),(3,88,1),(4,79,1),(5,89,1),(6,81,1),(7,97,2),(8,98,2),(9,99,2),(10,100,2),(11,101,1),(12,102,1),(13,103,1),(14,104,1),(15,105,1),(16,106,1),(17,108,1),(18,109,1),(19,110,1),(20,107,1),(21,111,1),(22,112,2),(23,113,1),(24,114,1),(25,115,1),(26,117,1),(27,118,2),(28,119,1),(29,120,1),(30,121,1),(31,122,1),(32,123,1),(33,124,1),(34,127,1),(35,126,1),(36,125,1),(37,129,1),(38,130,1),(39,131,1),(40,133,1),(41,135,1),(42,137,1),(43,138,2),(44,139,1),(45,140,1),(46,141,1),(47,142,2),(48,143,1),(49,144,1),(50,145,1),(51,146,2),(52,147,1),(53,148,1),(54,151,1),(55,152,1),(56,154,1),(57,160,1),(58,161,1),(59,162,1),(60,163,1),(61,164,1),(62,170,1),(63,166,1),(64,168,1),(65,169,1),(66,167,1),(67,165,1),(68,171,1),(69,173,1),(70,172,1),(71,174,1),(72,176,1),(73,175,1),(74,178,1),(75,179,1),(76,180,1),(77,181,1),(78,182,1),(79,193,1),(80,194,1),(81,191,2),(82,185,1),(83,192,2),(84,195,2),(85,197,1),(86,198,2),(87,199,1),(88,200,1),(89,201,1),(90,202,1),(91,203,1),(92,204,1),(93,205,1),(94,207,2),(95,206,2),(96,208,1),(97,210,2),(98,209,2),(99,211,1),(100,213,1);
/*!40000 ALTER TABLE `CONTENTS_DOWNLOAD_RANK` ENABLE KEYS */;
UNLOCK TABLES;

--
-- Table structure for table `CONTENTS_FILE`
--

DROP TABLE IF EXISTS `CONTENTS_FILE`;
/*!40101 SET @saved_cs_client     = @@character_set_client */;
/*!40101 SET character_set_client = utf8 */;
CREATE TABLE `CONTENTS_FILE` (
  `contents_file_id` bigint(20) unsigned NOT NULL AUTO_INCREMENT COMMENT '고유번호',
  `contents_id` int(11) unsigned NOT NULL COMMENT '컨텐츠번호',
  `userid` varchar(100) NOT NULL COMMENT '회원아이디',
  `folder` varchar(255) NOT NULL COMMENT '폴더명',
  `filename` varchar(255) NOT NULL COMMENT '실제파일명',
  `realsize` bigint(20) NOT NULL DEFAULT '0' COMMENT '업로드된 파일 사이즈',
  `size` bigint(20) unsigned NOT NULL COMMENT '사이즈',
  `state` enum('U','P','C','D') NOT NULL DEFAULT 'U' COMMENT '상태 U=업로드중,C=업로드완료,P=패키징완료,D=다운완료',
  `wdate` int(11) unsigned NOT NULL COMMENT '날짜',
  `sort` int(11) unsigned NOT NULL DEFAULT '0' COMMENT '정렬',
  PRIMARY KEY (`contents_file_id`),
  KEY `contents_idx_index` (`contents_id`),
  KEY `sort_index` (`sort`)
) ENGINE=InnoDB AUTO_INCREMENT=217 DEFAULT CHARSET=utf8 COMMENT='컨텐츠파일';
/*!40101 SET character_set_client = @saved_cs_client */;

--
-- Dumping data for table `CONTENTS_FILE`
--

LOCK TABLES `CONTENTS_FILE` WRITE;
/*!40000 ALTER TABLE `CONTENTS_FILE` DISABLE KEYS */;
INSERT INTO `CONTENTS_FILE` VALUES (32,30,'9bcecd9085fae8fa787ac3f3bd3c2f25a90e0610','C:\\Users\\Gaonsds\\Pictures\\새 폴더','air.mp4',4428257,4428257,'D',1567575530,1),(33,31,'9bcecd9085fae8fa787ac3f3bd3c2f25a90e0610','C:','toystory.mp4',33505479,33505479,'D',1567569659,1),(34,32,'9bcecd9085fae8fa787ac3f3bd3c2f25a90e0610','C:\\Users\\Gaonsds\\Pictures\\새 폴더','abc.mp4',9868268,9868268,'D',1567597625,1),(35,33,'9bcecd9085fae8fa787ac3f3bd3c2f25a90e0610','C:','toystory.mp4',33505479,33505479,'D',1568002706,1),(36,34,'9bcecd9085fae8fa787ac3f3bd3c2f25a90e0610','C:\\Users\\oh\\Desktop\\테스트 동영상 영어','cat doll.mp4',4189421,4189421,'D',1568012081,1),(37,35,'9bcecd9085fae8fa787ac3f3bd3c2f25a90e0610','C:\\Users\\oh\\Desktop\\테스트 동영상 영어','crayonpopTVS02 E08.mp4',418387608,418387608,'D',1568011618,1),(38,36,'9bcecd9085fae8fa787ac3f3bd3c2f25a90e0610','C:\\Users\\oh\\Desktop\\테스트 동영상 영어','Raw fish.mp4',2297552,2297552,'D',1568011275,1),(39,37,'9bcecd9085fae8fa787ac3f3bd3c2f25a90e0610','C:\\Users\\oh\\Desktop\\테스트 동영상 영어','crayonpopTVS02 E07.mp4',361654372,361654372,'D',1568011193,1),(40,38,'9bcecd9085fae8fa787ac3f3bd3c2f25a90e0610','C:\\Users\\oh\\Desktop\\테스트 동영상 영어','cat&cat.mp4',13954511,13954511,'D',1568010951,1),(41,39,'9bcecd9085fae8fa787ac3f3bd3c2f25a90e0610','C:\\Users\\oh\\Desktop\\테스트 동영상 English','Squirrel - 2717.mp4',15006461,15006461,'D',1568015979,1),(42,40,'9bcecd9085fae8fa787ac3f3bd3c2f25a90e0610','C:\\Users\\oh\\Desktop\\테스트 동영상 English','Cute Video (TWICE) - FANCY.mp4',31698978,31698978,'D',1568014548,1),(43,41,'9bcecd9085fae8fa787ac3f3bd3c2f25a90e0610','C:\\Users\\oh\\Desktop\\테스트 동영상 English','Dog - 15305.mp4',9564846,9564846,'D',1568017093,1),(44,42,'9bcecd9085fae8fa787ac3f3bd3c2f25a90e0610','C:\\Users\\oh\\Desktop\\테스트 동영상 English','[MV] BTS-DOPE.mp4',91912390,91912390,'D',1568015140,1),(45,43,'9bcecd9085fae8fa787ac3f3bd3c2f25a90e0610','C:\\Users\\oh\\Desktop\\테스트 동영상 English','[MV]TWICE - HAPPY HAPPY.mp4',263186795,263186795,'D',1568016820,1),(46,44,'9bcecd9085fae8fa787ac3f3bd3c2f25a90e0610','C:\\Users\\Gaonsds\\Pictures\\새 폴더','air.mp4',4428257,4428257,'D',1568018048,1),(47,45,'9bcecd9085fae8fa787ac3f3bd3c2f25a90e0610','C:\\Users\\Gaonsds\\Pictures\\새 폴더','air.mp4',4428257,4428257,'D',1568101450,1),(48,46,'9bcecd9085fae8fa787ac3f3bd3c2f25a90e0610','C:\\Users\\blockchain_nb1\\Desktop\\테스트 동영상','B-Boy Wing Lil Amok and Popper Dassy Lee dances.mp4',12056907,12056907,'D',1568103346,1),(49,47,'9bcecd9085fae8fa787ac3f3bd3c2f25a90e0610','C:\\Users\\oh\\Desktop\\테스트 동영상 English','cat water.mp4',13056112,13056112,'D',1568103490,1),(50,48,'9bcecd9085fae8fa787ac3f3bd3c2f25a90e0610','C:\\Users\\blockchain_nb1\\Desktop\\테스트 동영상','B-Boy Wing Lil Amok and Popper Dassy Lee dances.mp4',12056907,12056907,'D',1568163235,1),(51,49,'9bcecd9085fae8fa787ac3f3bd3c2f25a90e0610','C:\\Users\\Gaonsds\\Pictures\\새 폴더','air.mp4',4428257,4428257,'D',1568176928,1),(52,50,'9bcecd9085fae8fa787ac3f3bd3c2f25a90e0610','C:\\Users\\blockchain_nb1\\Desktop\\테스트 동영상','B-Boy Wing Lil Amok and Popper Dassy Lee dances.mp4',12056907,12056907,'D',1568180585,1),(53,51,'9bcecd9085fae8fa787ac3f3bd3c2f25a90e0610','F:\\샘플영상','sampe100.mp4',119408716,119408716,'D',1568183641,1),(54,52,'9bcecd9085fae8fa787ac3f3bd3c2f25a90e0610','C:\\Users\\blockchain_nb1\\Desktop\\MediaBlockChain','sampe100.mp4',119408716,119408716,'D',1568599101,1),(55,53,'9bcecd9085fae8fa787ac3f3bd3c2f25a90e0610','C:\\Users\\blockchain_nb1\\Desktop\\샘플영상','sampe100.mp4',119408716,119408716,'D',1568602418,1),(56,54,'9bcecd9085fae8fa787ac3f3bd3c2f25a90e0610','C:\\Users\\blockchain_nb1\\Desktop\\샘플영상','sample40.mp4',41145774,41145774,'D',1568603289,1),(57,55,'9bcecd9085fae8fa787ac3f3bd3c2f25a90e0610','C:\\Users\\blockchain_nb1\\Desktop\\샘플영상','sampe100.mp4',119408716,119408716,'D',1568616030,1),(58,56,'9bcecd9085fae8fa787ac3f3bd3c2f25a90e0610','C:\\Users\\blockchain_nb1\\Desktop\\샘플영상','sample40.mp4',41145774,41145774,'D',1568620819,1),(59,57,'9bcecd9085fae8fa787ac3f3bd3c2f25a90e0610','C:\\Users\\blockchain_nb1\\Desktop\\샘플영상','sample40.mp4',41145774,41145774,'D',1568622133,1),(60,58,'9bcecd9085fae8fa787ac3f3bd3c2f25a90e0610','C:\\Users\\blockchain_nb1\\Desktop\\샘플영상','sampe100.mp4',119408716,119408716,'D',1568622949,1),(61,59,'9bcecd9085fae8fa787ac3f3bd3c2f25a90e0610','C:\\Users\\blockchain_nb1\\Desktop\\샘플영상','sampe100.mp4',119408716,119408716,'D',1568624701,1),(62,60,'9bcecd9085fae8fa787ac3f3bd3c2f25a90e0610','C:\\Users\\blockchain_nb1\\Desktop\\샘플영상','sample40.mp4',41145774,41145774,'D',1568625246,1),(63,61,'9bcecd9085fae8fa787ac3f3bd3c2f25a90e0610','C:\\Users\\blockchain_nb1\\Desktop\\샘플영상','sampe100.mp4',119408716,119408716,'D',1568625862,1),(64,62,'9bcecd9085fae8fa787ac3f3bd3c2f25a90e0610','C:\\Users\\oh\\Desktop\\테스트 동영상 English','BLACKPINK-Jennie_Fancam.mp4',71965039,71965039,'D',1568681648,1),(65,63,'9bcecd9085fae8fa787ac3f3bd3c2f25a90e0610','C:\\Users\\oh\\Desktop\\테스트 동영상 English','B-Boy Wing Lil Amok and Popper Dassy Lee dances.mp4',12056907,12056907,'D',1568685558,1),(66,64,'9bcecd9085fae8fa787ac3f3bd3c2f25a90e0610','C:\\Users\\oh\\Desktop\\테스트 동영상 English','crayonpopTVS02 E07.mp4',361654372,361654372,'D',1568685200,1),(67,65,'9bcecd9085fae8fa787ac3f3bd3c2f25a90e0610','C:\\Users\\blockchain_nb1\\Desktop\\샘플영상','sample40.mp4',41145774,41145774,'D',1568693818,1),(68,66,'9bcecd9085fae8fa787ac3f3bd3c2f25a90e0610','C:\\Users\\blockchain_nb1\\Desktop\\샘플영상','sampe100.mp4',119408716,119408716,'D',1568695812,1),(69,67,'9bcecd9085fae8fa787ac3f3bd3c2f25a90e0610','C:\\Users\\oh\\Desktop\\테스트 동영상 English','Dog - 15305.mp4',9564846,9564846,'D',1568697092,1),(70,68,'9bcecd9085fae8fa787ac3f3bd3c2f25a90e0610','C:\\Users\\oh\\Desktop\\테스트 동영상 English','camping.mp4',7098421,7098421,'D',1568696951,1),(71,69,'9bcecd9085fae8fa787ac3f3bd3c2f25a90e0610','C:\\Users\\oh\\Desktop\\테스트 동영상 English','B-Boy Wing Lil Amok and Popper Dassy Lee dances.mp4',12056907,12056907,'D',1568696899,1),(72,70,'9bcecd9085fae8fa787ac3f3bd3c2f25a90e0610','C:\\Users\\oh\\Desktop\\테스트 동영상 English','Cute Video (TWICE) - FANCY.mp4',31698978,31698978,'D',1568698273,1),(73,71,'9bcecd9085fae8fa787ac3f3bd3c2f25a90e0610','C:\\Users\\oh\\Desktop\\테스트 동영상 English','Monkey - 2076.mp4',12640666,12640666,'D',1568697299,1),(74,72,'9bcecd9085fae8fa787ac3f3bd3c2f25a90e0610','C:\\Users\\oh\\Desktop\\테스트 동영상 English','[MV]TWICE - HAPPY HAPPY.mp4',263186795,263186795,'D',1568696990,1),(75,73,'9bcecd9085fae8fa787ac3f3bd3c2f25a90e0610','C:\\Users\\oh\\Desktop\\테스트 동영상 English','BLACKPINK Fancam.mp4',74333964,74333964,'D',1568698490,1),(76,74,'9bcecd9085fae8fa787ac3f3bd3c2f25a90e0610','C:\\Users\\blockchain_nb1\\Desktop\\샘플영상','sampe100.mp4',119408716,119408716,'D',1568704993,1),(77,75,'9bcecd9085fae8fa787ac3f3bd3c2f25a90e0610','C:\\Users\\blockchain_nb1\\Desktop\\샘플영상','sample40.mp4',41145774,41145774,'D',1568706044,1),(78,76,'9bcecd9085fae8fa787ac3f3bd3c2f25a90e0610','C:\\Users\\blockchain_nb1\\Desktop\\샘플영상','sample40.mp4',41145774,41145774,'D',1568709414,1),(79,77,'9bcecd9085fae8fa787ac3f3bd3c2f25a90e0610','C:\\Users\\oh\\Desktop\\테스트 동영상 English','sampe100.mp4',119408716,119408716,'D',1568707564,1),(80,78,'9bcecd9085fae8fa787ac3f3bd3c2f25a90e0610','C:\\Users\\oh\\Desktop\\테스트 동영상 English','sampe100.mp4',119408716,119408716,'D',1568772791,1),(81,79,'9bcecd9085fae8fa787ac3f3bd3c2f25a90e0610','C:','toystory.mp4',33505479,33505479,'D',1568770119,1),(82,80,'9bcecd9085fae8fa787ac3f3bd3c2f25a90e0610','C:\\Users\\blockchain_nb1\\Desktop\\샘플영상','sample40.mp4',41145774,41145774,'D',1568778439,1),(83,81,'9bcecd9085fae8fa787ac3f3bd3c2f25a90e0610','C:\\Users\\oh\\Desktop\\테스트 동영상 English','sampe100.mp4',119408716,119408716,'D',1568779056,1),(84,82,'9bcecd9085fae8fa787ac3f3bd3c2f25a90e0610','C:\\Users\\oh\\Desktop\\테스트 동영상 English','sample40.mp4',41145774,41145774,'D',1568779375,1),(85,83,'9bcecd9085fae8fa787ac3f3bd3c2f25a90e0610','C:\\Users\\blockchain_nb1\\Desktop\\샘플영상','sample40.mp4',41145774,41145774,'D',1568781952,1),(86,84,'9bcecd9085fae8fa787ac3f3bd3c2f25a90e0610','C:\\Users\\blockchain_nb1\\Desktop\\샘플영상','sample40.mp4',41145774,41145774,'D',1568786100,1),(87,85,'9bcecd9085fae8fa787ac3f3bd3c2f25a90e0610','C:\\Users\\oh\\Desktop\\테스트 동영상 English','Bacon Toast - Korean Street Food.mp4',42024527,42024527,'D',1568792008,1),(88,86,'9bcecd9085fae8fa787ac3f3bd3c2f25a90e0610','C:\\Users\\blockchain_nb1\\Desktop\\샘플영상','sampe100.mp4',119408716,119408716,'D',1568793796,1),(89,87,'9bcecd9085fae8fa787ac3f3bd3c2f25a90e0610','C:\\Users\\oh\\Desktop\\테스트 동영상 English','Bboy Lil Amok 2H2B Practice 2019.mp4',25380741,25380741,'D',1568793057,1),(90,88,'9bcecd9085fae8fa787ac3f3bd3c2f25a90e0610','C:\\Users\\oh\\Desktop\\테스트 동영상 English','Michael Hooper - Rugbys Biggest Thugs.mp4',28703623,28703623,'D',1568793593,1),(91,89,'9bcecd9085fae8fa787ac3f3bd3c2f25a90e0610','C:\\Users\\oh\\Desktop\\테스트 동영상 English','sampe100.mp4',119408716,119408716,'D',1568796223,1),(92,90,'9bcecd9085fae8fa787ac3f3bd3c2f25a90e0610','C:\\Users\\blockchain_nb1\\Desktop\\샘플영상','sampe100.mp4',119408716,119408716,'D',1568794950,1),(93,91,'9bcecd9085fae8fa787ac3f3bd3c2f25a90e0610','C:\\Users\\oh\\Desktop\\테스트 동영상 English','sampe100.mp4',119408716,119408716,'D',1568799999,1),(94,92,'9bcecd9085fae8fa787ac3f3bd3c2f25a90e0610','C:\\Users\\blockchain_nb1\\Desktop\\샘플영상','sampe100.mp4',119408716,119408716,'D',1568801338,1),(95,93,'9bcecd9085fae8fa787ac3f3bd3c2f25a90e0610','C:\\Users\\blockchain_nb1\\Desktop\\샘플영상','sampe100.mp4',119408716,119408716,'D',1568805041,1),(96,94,'9bcecd9085fae8fa787ac3f3bd3c2f25a90e0610','C:\\Users\\blockchain_nb1\\Desktop\\샘플영상','sampe100.mp4',119408716,119408716,'D',1568804252,1),(97,95,'9bcecd9085fae8fa787ac3f3bd3c2f25a90e0610','C:\\Users\\blockchain_nb1\\Desktop\\샘플영상','sample40.mp4',41145774,41145774,'D',1568810050,1),(98,96,'9bcecd9085fae8fa787ac3f3bd3c2f25a90e0610','C:\\Users\\blockchain_nb1\\Desktop\\샘플영상','sample40.mp4',41145774,41145774,'D',1568871201,1),(99,97,'9bcecd9085fae8fa787ac3f3bd3c2f25a90e0610','C:\\Users\\Gaonsds\\Pictures\\새 폴더','air.mp4',4428257,4428257,'D',1569373503,1),(100,98,'9bcecd9085fae8fa787ac3f3bd3c2f25a90e0610','C:\\Users\\blockchain_nb1\\Desktop\\동영상','camping.mp4',7098421,7098421,'D',1569378772,1),(101,99,'9bcecd9085fae8fa787ac3f3bd3c2f25a90e0610','C:\\Users\\blockchain_nb1\\Desktop\\샘플영상','sampe100.mp4',119408716,119408716,'D',1569830567,1),(102,100,'9bcecd9085fae8fa787ac3f3bd3c2f25a90e0610','C:\\Users\\blockchain_nb1\\Desktop\\동영상','crayonpopTVS02 E07.mp4',361654372,361654372,'D',1569892389,1),(103,101,'9bcecd9085fae8fa787ac3f3bd3c2f25a90e0610','C:\\Users\\blockchain_nb1\\Desktop\\동영상','[MV] BTS - DNA.mp4',956367390,956367390,'D',1569902821,1),(104,102,'9bcecd9085fae8fa787ac3f3bd3c2f25a90e0610','C:\\Users\\blockchain_nb1\\Desktop\\동영상','[MV] BTS-DOPE.mp4',91912390,91912390,'D',1569914275,1),(105,103,'9bcecd9085fae8fa787ac3f3bd3c2f25a90e0610','C:\\Users\\blockchain_nb1\\Desktop\\샘플영상','sampe100.mp4',119408716,119408716,'D',1569920024,1),(106,104,'9bcecd9085fae8fa787ac3f3bd3c2f25a90e0610','C:\\Users\\blockchain_nb1\\Desktop\\동영상','crayonpopTVS02 E07.mp4',361654372,361654372,'D',1569927411,1),(107,105,'9bcecd9085fae8fa787ac3f3bd3c2f25a90e0610','C:\\Users\\blockchain_nb1\\Desktop\\동영상','[MV]TWICE - HAPPY HAPPY.mp4',263186795,263186795,'D',1569976599,1),(108,106,'9bcecd9085fae8fa787ac3f3bd3c2f25a90e0610','C:\\Users\\blockchain_nb1\\Desktop\\동영상','crayonpopTVS02 E07.mp4',361654372,361654372,'D',1569976792,1),(109,107,'9bcecd9085fae8fa787ac3f3bd3c2f25a90e0610','C:\\Users\\blockchain_nb1\\Desktop\\샘플영상','sampe100.mp4',119408716,119408716,'D',1569824169,1),(110,108,'9bcecd9085fae8fa787ac3f3bd3c2f25a90e0610','C:\\Users\\blockchain_nb1\\Desktop\\동영상','BLACKPINK Fancam.mp4',74333964,74333964,'D',1569984831,1),(111,109,'9bcecd9085fae8fa787ac3f3bd3c2f25a90e0610','C:\\Users\\blockchain_nb1\\Desktop\\동영상','BLACKPINK Fancam.mp4',74333964,74333964,'D',1569984834,1),(112,110,'9bcecd9085fae8fa787ac3f3bd3c2f25a90e0610','C:\\Users\\oh\\Desktop\\테스트 동영상 English','Negative G torture.mp4',6048279,6048279,'D',1569998366,1),(113,111,'9bcecd9085fae8fa787ac3f3bd3c2f25a90e0610','C:\\Users\\oh\\Desktop\\테스트 동영상 English','Bacon Toast - Korean Street Food.mp4',42024527,42024527,'D',1570179033,1),(114,112,'9bcecd9085fae8fa787ac3f3bd3c2f25a90e0610','C:\\Users\\blockchain_nb1\\Desktop\\동영상','[MV] BTS - DNA.mp4',956367390,956367390,'D',1570408518,1),(115,113,'9bcecd9085fae8fa787ac3f3bd3c2f25a90e0610','C:\\Users\\blockchain_nb1\\Desktop\\동영상','[MV] BTS - DNA.mp4',956367390,956367390,'D',1570500567,1),(116,114,'9bcecd9085fae8fa787ac3f3bd3c2f25a90e0610','C:\\Users\\blockchain_nb1\\Desktop\\동영상','[MV]TWICE - HAPPY HAPPY.mp4',263186795,263186795,'D',1570501838,1),(117,115,'9bcecd9085fae8fa787ac3f3bd3c2f25a90e0610','C:\\Users\\blockchain_nb1\\Desktop\\샘플영상','sampe100.mp4',119408716,119408716,'D',1570516906,1),(118,115,'9bcecd9085fae8fa787ac3f3bd3c2f25a90e0610','C:\\Users\\blockchain_nb1\\Desktop\\샘플영상','sample40.mp4',41145774,41145774,'D',1570516906,2),(119,116,'9bcecd9085fae8fa787ac3f3bd3c2f25a90e0610','C:\\Users\\blockchain_nb1\\Desktop\\동영상','crayonpopTVS02 E07.mp4',361654372,361654372,'D',1570521438,1),(120,116,'9bcecd9085fae8fa787ac3f3bd3c2f25a90e0610','C:\\Users\\blockchain_nb1\\Desktop\\동영상','crayonpopTVS02 E08.mp4',418387608,418387608,'D',1570521438,2),(121,117,'9bcecd9085fae8fa787ac3f3bd3c2f25a90e0610','C:\\Users\\blockchain_nb1\\Desktop\\동영상','[MV] BTS-DOPE.mp4',91912390,91912390,'D',1570669932,1),(122,118,'9bcecd9085fae8fa787ac3f3bd3c2f25a90e0610','C:\\Users\\oh\\Desktop\\테스트 동영상 English','witch.mp4',5036226811,5036226811,'D',1570669832,1),(123,119,'9bcecd9085fae8fa787ac3f3bd3c2f25a90e0610','C:\\Users\\oh\\Desktop\\테스트 동영상 English','[MV]TWICE - HAPPY HAPPY.mp4',263186795,263186795,'D',1571102843,1),(124,120,'9bcecd9085fae8fa787ac3f3bd3c2f25a90e0610','C:\\Users\\Gaonsds\\Pictures\\새 폴더','abc.mp4',9868268,9868268,'D',1571102311,1),(125,121,'9bcecd9085fae8fa787ac3f3bd3c2f25a90e0610','C:\\Users\\oh\\Desktop\\테스트 동영상 English','Bacon Toast - Korean Street Food.mp4',42024527,42024527,'D',1571104660,1),(126,122,'9bcecd9085fae8fa787ac3f3bd3c2f25a90e0610','C:\\Users\\oh\\Desktop\\테스트 동영상 English','cat water.mp4',13056112,13056112,'D',1571105186,1),(127,123,'9bcecd9085fae8fa787ac3f3bd3c2f25a90e0610','C:','toystory.mp4',33505479,33505479,'D',1571121161,1),(128,124,'9bcecd9085fae8fa787ac3f3bd3c2f25a90e0610','C:\\Users\\oh\\Desktop\\테스트 동영상 English','cat doll.mp4',4189421,4189421,'D',1571122479,1),(129,125,'9bcecd9085fae8fa787ac3f3bd3c2f25a90e0610','C:\\Users\\oh\\Desktop\\테스트 동영상 English','Longboarding 91kph From the Top.mp4',30860860,30860860,'D',1571198748,1),(130,126,'9bcecd9085fae8fa787ac3f3bd3c2f25a90e0610','C:\\Users\\oh\\Desktop\\테스트 동영상 English','two_three GIGA.mp4',2497182996,2497182996,'D',1571198832,1),(131,127,'9bcecd9085fae8fa787ac3f3bd3c2f25a90e0610','C:\\Users\\oh\\Desktop\\테스트 동영상 English','five giga.mp4',5624907849,5624907849,'D',1571199796,1),(132,128,'0a0da66920b729538330c8ad79ca2a1afbea8d45','C:\\Users\\blockchain_nb1\\Desktop\\샘플영상','민속촌 보내놨더니 여기서도 아마존;; 구역 안 가리고 저세상드립 폭발해버린 민속촌 알바 리뷰 ㅣ워크맨 ep.22.avi',115802950,115802950,'D',1571278059,1),(133,129,'9bcecd9085fae8fa787ac3f3bd3c2f25a90e0610','C:\\Users\\aero\\Desktop\\테스트 영상','sample100.mp4',119408716,119408716,'D',1571279320,1),(134,130,'9bcecd9085fae8fa787ac3f3bd3c2f25a90e0610','C:\\Users\\oh\\Desktop\\테스트 동영상 English','sampe100.mp4',119408716,119408716,'D',1571288381,1),(135,131,'9bcecd9085fae8fa787ac3f3bd3c2f25a90e0610','C:\\Users\\oh\\Desktop\\테스트 동영상 English','Bboy Lil Amok 2H2B Practice 2019.mp4',25380741,25380741,'D',1571289148,1),(136,132,'703f9b74c4cb2870fb3856433cdb224093266e29','C:\\Users\\blockchain_nb1\\Desktop\\샘플영상','sample40.mp4',41145774,41145774,'D',1571291763,1),(137,133,'9bcecd9085fae8fa787ac3f3bd3c2f25a90e0610','C:','toystory.mp4',33505479,33505479,'D',1571295873,1),(138,134,'9bcecd9085fae8fa787ac3f3bd3c2f25a90e0610','C:','toystory.mp4',33505479,33505479,'D',1571295873,1),(139,135,'9bcecd9085fae8fa787ac3f3bd3c2f25a90e0610','C:\\Users\\oh\\Desktop\\테스트 동영상 English','Longboarding 91kph From the Top.mp4',30860860,30860860,'D',1571359104,1),(140,136,'9bcecd9085fae8fa787ac3f3bd3c2f25a90e0610','C:\\Users\\Gaonsds\\Pictures\\새 폴더','abc.mp4',9868268,9868268,'D',1571379997,1),(141,137,'ebeda4ef9c0cc1a9eba23198064dc3916dd54b77','C:\\Users\\blockchain_nb1\\Desktop\\동영상','cat&cat.mp4',13954511,13954511,'D',1571396979,1),(142,138,'919fd1bc6e3bb5f8d23da768989bebb782dc9244','C:\\Users\\blockchain_nb1\\Desktop\\동영상','cat water.mp4',13056112,13056112,'D',1571395315,1),(143,139,'d604ce6a4ed429cce174b07467223358595873ec','C:\\Users\\aero\\Desktop\\테스트 영상','sample100.mp4',119408716,119408716,'D',1571624643,1),(144,140,'9bcecd9085fae8fa787ac3f3bd3c2f25a90e0610','C:\\Users\\blockchain_nb1\\Desktop\\샘플영상','sampe100.mp4',119408716,119408716,'D',1571640384,1),(145,141,'9bcecd9085fae8fa787ac3f3bd3c2f25a90e0610','C:\\Users\\oh\\Desktop\\테스트 동영상 English','BLACKPINK-Jennie_Fancam.mp4',71965039,71965039,'D',1571640430,1),(146,142,'9bcecd9085fae8fa787ac3f3bd3c2f25a90e0610','C:\\Users\\oh\\Desktop\\테스트 동영상 English','Bboy Lil Amok 2H2B Practice 2019.mp4',25380741,25380741,'D',1571633898,1),(147,143,'9bcecd9085fae8fa787ac3f3bd3c2f25a90e0610','C:\\Users\\oh\\Desktop\\테스트 동영상 English','cat water.mp4',13056112,13056112,'D',1571633832,1),(148,144,'9bcecd9085fae8fa787ac3f3bd3c2f25a90e0610','C:\\Users\\aero\\Desktop\\테스트 영상','sample100.mp4',119408716,119408716,'D',1571644153,1),(149,145,'9bcecd9085fae8fa787ac3f3bd3c2f25a90e0610','C:\\Users\\oh\\Desktop\\테스트 동영상 English','[MV] MAMAMOO_Starry night.mp4',22406131,22406131,'D',1571724228,1),(150,146,'9bcecd9085fae8fa787ac3f3bd3c2f25a90e0610','C:','toystory.mp4',33505479,33505479,'D',1571967422,1),(151,147,'9bcecd9085fae8fa787ac3f3bd3c2f25a90e0610','C:\\Users\\oh\\Desktop\\테스트 동영상 English','Michael Hooper - Rugbys Biggest Thugs.mp4',28703623,28703623,'D',1571968009,1),(152,148,'9bcecd9085fae8fa787ac3f3bd3c2f25a90e0610','C:\\Users\\oh\\Desktop\\테스트 동영상 English','Cute Video (TWICE) - FANCY.mp4',31698978,31698978,'D',1571968973,1),(153,149,'9bcecd9085fae8fa787ac3f3bd3c2f25a90e0610','C:\\Users\\Gaonsds\\Pictures\\새 폴더','air.mp4',4428257,4428257,'D',1571966377,1),(154,150,'9bcecd9085fae8fa787ac3f3bd3c2f25a90e0610','C:\\Users\\oh\\Desktop\\테스트 동영상 English','cat&cat.mp4',13954511,13954511,'D',1571970766,1),(155,151,'9bcecd9085fae8fa787ac3f3bd3c2f25a90e0610','C:\\Users\\oh\\Desktop\\테스트 동영상 English','Raw fish.mp4',2297552,2297552,'D',1571970687,1),(156,152,'9bcecd9085fae8fa787ac3f3bd3c2f25a90e0610','C:\\Users\\oh\\Desktop\\테스트 동영상 English','B-Boy Wing Lil Amok and Popper Dassy Lee dances.mp4',12056907,12056907,'D',1572842699,1),(157,153,'9bcecd9085fae8fa787ac3f3bd3c2f25a90e0610','C:\\Users\\Gaonsds\\Pictures\\새 폴더','air.mp4',4428257,4428257,'D',1572844122,1),(158,154,'9bcecd9085fae8fa787ac3f3bd3c2f25a90e0610','C:\\Users\\Gaonsds\\Pictures\\새 폴더','abc.mp4',9868268,9868268,'D',1572843950,1),(159,155,'9bcecd9085fae8fa787ac3f3bd3c2f25a90e0610','C:\\Users\\Gaonsds\\Pictures\\새 폴더','abc.mp4',9868268,9868268,'D',1572916527,1),(160,156,'9bcecd9085fae8fa787ac3f3bd3c2f25a90e0610','C:\\Users\\oh\\Desktop\\테스트 동영상 English','BLACKPINK-Jennie_Fancam.mp4',71965039,71965039,'D',1572916454,1),(161,157,'9bcecd9085fae8fa787ac3f3bd3c2f25a90e0610','C:\\Users\\Gaonsds\\Pictures\\새 폴더','abc.mp4',9868268,9868268,'D',1572939969,1),(162,160,'9bcecd9085fae8fa787ac3f3bd3c2f25a90e0610','C:','toystory.mp4',33505479,33505479,'D',1573101987,1),(163,161,'9bcecd9085fae8fa787ac3f3bd3c2f25a90e0610','C:\\Users\\oh\\Desktop\\테스트 동영상 English','Machine vs James  CALL OUT  World Bboy Classic 2019.mp4',33489759,33489759,'D',1573102724,1),(164,162,'9bcecd9085fae8fa787ac3f3bd3c2f25a90e0610','C:\\Users\\Gaonsds\\Pictures\\새 폴더','air.mp4',4428257,4428257,'D',1573100639,1),(165,163,'9bcecd9085fae8fa787ac3f3bd3c2f25a90e0610','C:\\Users\\oh\\Desktop\\테스트 동영상 English','Funny and Cute Animals Compilation 2019 - CuteVN.mp4',21952730,21952730,'D',1573103070,1),(166,164,'9bcecd9085fae8fa787ac3f3bd3c2f25a90e0610','C:','toystory.mp4',33505479,33505479,'D',1573104706,1),(167,165,'9bcecd9085fae8fa787ac3f3bd3c2f25a90e0610','C:\\Users\\oh\\Desktop\\테스트 동영상 English','Machine vs James  CALL OUT  World Bboy Classic 2019.mp4',33489759,33489759,'D',1573104413,1),(168,166,'9bcecd9085fae8fa787ac3f3bd3c2f25a90e0610','C:\\Users\\oh\\Desktop\\테스트 동영상 English','Machine vs James  CALL OUT  World Bboy Classic 2019.mp4',33489759,33489759,'D',1573104367,1),(169,167,'9bcecd9085fae8fa787ac3f3bd3c2f25a90e0610','C:\\Users\\oh\\Desktop\\테스트 동영상 English','Bboy Lil Amok 2H2B Practice 2019.mp4',25380741,25380741,'D',1573104306,1),(170,168,'9bcecd9085fae8fa787ac3f3bd3c2f25a90e0610','C:\\Users\\oh\\Desktop\\테스트 동영상 English','B-Boy Wing Lil Amok and Popper Dassy Lee dances.mp4',12056907,12056907,'D',1573104239,1),(171,169,'9bcecd9085fae8fa787ac3f3bd3c2f25a90e0610','C:\\Users\\oh\\Desktop\\테스트 동영상 English','Squirrel - 2717.mp4',15006461,15006461,'D',1573104202,1),(172,170,'9bcecd9085fae8fa787ac3f3bd3c2f25a90e0610','C:\\Users\\oh\\Desktop\\테스트 동영상 English','Monkey - 2076.mp4',12640666,12640666,'D',1573104137,1),(173,171,'9bcecd9085fae8fa787ac3f3bd3c2f25a90e0610','C:\\Users\\oh\\Desktop\\테스트 동영상 English','41 Next-Level Pizza Slices Across The US  The Ultimate List.mp4',47084133,47084133,'D',1573105458,1),(174,172,'9bcecd9085fae8fa787ac3f3bd3c2f25a90e0610','C:\\Users\\Gaonsds\\Pictures\\새 폴더','air.mp4',4428257,4428257,'D',1573109874,1),(175,172,'9bcecd9085fae8fa787ac3f3bd3c2f25a90e0610','E:\\샘플영상','sample40.mp4',41145774,41145774,'D',1573109874,2),(176,173,'9bcecd9085fae8fa787ac3f3bd3c2f25a90e0610','C:\\Users\\oh\\Desktop\\테스트 동영상 English','41 Next-Level Pizza Slices Across The US  The Ultimate List.mp4',47084133,47084133,'D',1573109813,1),(177,174,'9bcecd9085fae8fa787ac3f3bd3c2f25a90e0610','C:\\Users\\oh\\Desktop\\테스트 동영상 English','Bacon Toast - Korean Street Food.mp4',42024527,42024527,'D',1573110344,1),(178,175,'9bcecd9085fae8fa787ac3f3bd3c2f25a90e0610','E:\\동영상','Machine vs James  CALL OUT  World Bboy Classic 2019.mp4',33489759,33489759,'D',1573110329,1),(179,176,'9bcecd9085fae8fa787ac3f3bd3c2f25a90e0610','E:\\동영상','41 Next-Level Pizza Slices Across The US  The Ultimate List.mp4',47084133,47084133,'D',1573110284,1),(180,177,'9bcecd9085fae8fa787ac3f3bd3c2f25a90e0610','C:\\Users\\oh\\Desktop\\테스트 동영상 English','Machine vs James  CALL OUT  World Bboy Classic 2019.mp4',33489759,33489759,'D',1573112812,1),(181,178,'9bcecd9085fae8fa787ac3f3bd3c2f25a90e0610','C:\\Users\\oh\\Desktop\\테스트 동영상 English','41 Next-Level Pizza Slices Across The US  The Ultimate List.mp4',47084133,47084133,'D',1573112868,1),(182,179,'9bcecd9085fae8fa787ac3f3bd3c2f25a90e0610','C:\\Users\\oh\\Desktop\\테스트 동영상 English','River - 14205.mp4',8340098,8340098,'D',1573175155,1),(183,180,'9bcecd9085fae8fa787ac3f3bd3c2f25a90e0610','C:\\Users\\oh\\Desktop\\테스트 동영상 English','crayonpopTVS02 E08.mp4',418387608,418387608,'D',1573175206,1),(184,181,'9bcecd9085fae8fa787ac3f3bd3c2f25a90e0610','C:\\Users\\oh\\Desktop\\테스트 동영상 English','Cute Video (TWICE) - FANCY.mp4',31698978,31698978,'D',1573175437,1),(185,182,'1e7581aaabeefba292dd4ad6107293d45049b3ee','D:\\TTA_시험\\1. 대용량데이터 유통 블록체인 구조','test.mp4',119408716,119408716,'D',1573448750,1),(186,183,'9bcecd9085fae8fa787ac3f3bd3c2f25a90e0610','C:\\Users\\oh\\Desktop\\테스트 동영상 English','Longboarding 91kph From the Top.mp4',30860860,30860860,'D',1573453756,1),(187,184,'9bcecd9085fae8fa787ac3f3bd3c2f25a90e0610','C:\\Users\\oh\\Desktop\\테스트 동영상 English','Squirrel - 2717.mp4',15006461,15006461,'D',1573453824,1),(188,185,'9bcecd9085fae8fa787ac3f3bd3c2f25a90e0610','C:\\Users\\oh\\Desktop\\테스트 동영상 English','Bboy Lil Amok 2H2B Practice 2019.mp4',25380741,25380741,'D',1573453868,1),(189,186,'9bcecd9085fae8fa787ac3f3bd3c2f25a90e0610','C:\\Users\\Gaonsds\\Pictures\\새 폴더','air.mp4',4428257,4428257,'D',1573613277,1),(190,187,'9bcecd9085fae8fa787ac3f3bd3c2f25a90e0610','C:\\Users\\Gaonsds\\Pictures\\새 폴더','air.mp4',4428257,4428257,'D',1573613501,1),(191,188,'9bcecd9085fae8fa787ac3f3bd3c2f25a90e0610','C:\\Users\\Gaonsds\\Pictures\\새 폴더','air.mp4',4428257,4428257,'D',1573617635,1),(192,189,'9bcecd9085fae8fa787ac3f3bd3c2f25a90e0610','C:\\Users\\Gaonsds\\Pictures\\새 폴더','abc.mp4',9868268,9868268,'D',1573617846,1),(193,190,'9bcecd9085fae8fa787ac3f3bd3c2f25a90e0610','C:\\Users\\Gaonsds\\Pictures\\새 폴더','air.mp4',4428257,4428257,'D',1573619904,1),(194,191,'9bcecd9085fae8fa787ac3f3bd3c2f25a90e0610','C:\\Users\\Gaonsds\\Pictures\\새 폴더','abc.mp4',9868268,9868268,'D',1573620013,1),(195,192,'9bcecd9085fae8fa787ac3f3bd3c2f25a90e0610','C:\\Users\\oh\\Desktop\\테스트 동영상 English','cat doll.mp4',4189421,4189421,'D',1573622601,1),(196,193,'9bcecd9085fae8fa787ac3f3bd3c2f25a90e0610','C:\\Users\\oh\\Desktop\\테스트 동영상 English','[MV] MAMAMOO_Starry night.mp4',22406131,22406131,'D',1573623804,1),(197,194,'9bcecd9085fae8fa787ac3f3bd3c2f25a90e0610','C:\\Users\\oh\\Desktop\\테스트 동영상 English','Squirrel - 2717.mp4',15006461,15006461,'D',1573623404,1),(198,195,'9bcecd9085fae8fa787ac3f3bd3c2f25a90e0610','C:\\Users\\blockchain_nb1\\Desktop\\샘플영상','sampe100.mp4',119408716,119408716,'D',1573627405,1),(199,196,'9bcecd9085fae8fa787ac3f3bd3c2f25a90e0610','C:\\Users\\Gaonsds\\Pictures\\새 폴더','air.mp4',4428257,4428257,'D',1573629999,1),(200,197,'9bcecd9085fae8fa787ac3f3bd3c2f25a90e0610','C:\\Users\\oh\\Desktop\\테스트 동영상 English','cat doll.mp4',4189421,4189421,'D',1573693403,1),(201,198,'9bcecd9085fae8fa787ac3f3bd3c2f25a90e0610','C:\\Users\\oh\\Desktop\\테스트 동영상 English','cat&cat.mp4',13954511,13954511,'D',1573694992,1),(202,199,'9bcecd9085fae8fa787ac3f3bd3c2f25a90e0610','C:\\Users\\oh\\Desktop\\테스트 동영상 English','Dog - 15305.mp4',9564846,9564846,'D',1573699663,1),(203,200,'9bcecd9085fae8fa787ac3f3bd3c2f25a90e0610','E:\\어벤져스 앤드게임','Avengers Endgame Final Battle.mp4',76138463,76138463,'D',1574225638,1),(204,201,'68f521a52416859a078547d199b48b390a3feea0','E:\\어벤져스 앤드게임','Avengers Endgame Final Battle.mp4',76138463,76138463,'D',1574402713,1),(205,202,'9bcecd9085fae8fa787ac3f3bd3c2f25a90e0610','C:\\Users\\oh\\Desktop\\테스트 동영상 English','Avengers Endgame Final Battle.mp4',76138463,76138463,'D',1574406083,1),(206,203,'68f521a52416859a078547d199b48b390a3feea0','E:\\테스트','cat water.mp4',13056112,13056112,'D',1574407846,1),(207,204,'9bcecd9085fae8fa787ac3f3bd3c2f25a90e0610','C:\\Users\\oh\\Desktop\\테스트 동영상 English','41 Next-Level Pizza Slices Across The US  The Ultimate List.mp4',47084133,47084133,'D',1574643475,1),(208,205,'9bcecd9085fae8fa787ac3f3bd3c2f25a90e0610','C:\\Users\\oh\\Desktop\\테스트 동영상 English','Avengers Endgame Final Battle.mp4',76138463,76138463,'D',1574644880,1),(209,206,'9bcecd9085fae8fa787ac3f3bd3c2f25a90e0610','C:\\Users\\oh\\Desktop\\테스트 동영상 English','sampe100.mp4',119408716,119408716,'D',1574645985,1),(210,207,'9bcecd9085fae8fa787ac3f3bd3c2f25a90e0610','C:\\Users\\oh\\Desktop\\테스트 동영상 English','Avengers Endgame Final Battle.mp4',76138463,76138463,'D',1574647422,1),(211,208,'9bcecd9085fae8fa787ac3f3bd3c2f25a90e0610','E:\\샘플영상','sampe100.mp4',119408716,119408716,'D',1574647766,1),(212,209,'9bcecd9085fae8fa787ac3f3bd3c2f25a90e0610','C:\\Users\\oh\\Desktop\\테스트 동영상 English','Arozin Sabyh - Fall In Love.mp4',14398212,14398212,'D',1574649587,1),(213,210,'9bcecd9085fae8fa787ac3f3bd3c2f25a90e0610','C:\\Users\\oh\\Desktop\\테스트 동영상 English','cat water.mp4',13056112,13056112,'D',1574649691,1),(214,211,'ea924f5207b62c87f5003cf3997039121c74beb4','E:\\어벤져스 앤드게임','Avengers Endgame Final Battle.mp4',76138463,76138463,'D',1574655038,1),(215,212,'68f521a52416859a078547d199b48b390a3feea0','E:\\테스트','cat water.mp4',13056112,13056112,'D',1574407846,1),(216,213,'9bcecd9085fae8fa787ac3f3bd3c2f25a90e0610','E:\\어벤져스 앤드게임','Avengers Endgame Final Battle.mp4',76138463,76138463,'D',1576569192,1);
/*!40000 ALTER TABLE `CONTENTS_FILE` ENABLE KEYS */;
UNLOCK TABLES;

--
-- Table structure for table `CONTENTS_RECOMMAND_RANK`
--

DROP TABLE IF EXISTS `CONTENTS_RECOMMAND_RANK`;
/*!40101 SET @saved_cs_client     = @@character_set_client */;
/*!40101 SET character_set_client = utf8 */;
CREATE TABLE `CONTENTS_RECOMMAND_RANK` (
  `contents_recommand_id` int(11) unsigned NOT NULL AUTO_INCREMENT COMMENT '고유번호',
  `contents_id` int(11) unsigned NOT NULL COMMENT '컨텐츠번호',
  `recommand_cnt` int(11) unsigned NOT NULL COMMENT '추천수',
  PRIMARY KEY (`contents_recommand_id`),
  UNIQUE KEY `contents_id` (`contents_id`)
) ENGINE=InnoDB AUTO_INCREMENT=16 DEFAULT CHARSET=utf8 COMMENT='추천수';
/*!40101 SET character_set_client = @saved_cs_client */;

--
-- Dumping data for table `CONTENTS_RECOMMAND_RANK`
--

LOCK TABLES `CONTENTS_RECOMMAND_RANK` WRITE;
/*!40000 ALTER TABLE `CONTENTS_RECOMMAND_RANK` DISABLE KEYS */;
INSERT INTO `CONTENTS_RECOMMAND_RANK` VALUES (1,82,1),(2,52,1),(3,76,1),(4,84,1),(5,67,1),(6,70,1),(7,83,1),(8,86,1),(9,95,1),(10,85,1),(11,79,1),(12,80,1),(13,96,1),(14,199,1),(15,213,1);
/*!40000 ALTER TABLE `CONTENTS_RECOMMAND_RANK` ENABLE KEYS */;
UNLOCK TABLES;

--
-- Table structure for table `CONTENTS_ZZIM`
--

DROP TABLE IF EXISTS `CONTENTS_ZZIM`;
/*!40101 SET @saved_cs_client     = @@character_set_client */;
/*!40101 SET character_set_client = utf8 */;
CREATE TABLE `CONTENTS_ZZIM` (
  `contents_zzim_id` int(11) unsigned NOT NULL AUTO_INCREMENT COMMENT '고유번호',
  `accountId` varchar(100) NOT NULL COMMENT '아이디',
  `contents_id` int(11) unsigned NOT NULL COMMENT '컨텐츠번호',
  `del_yn` enum('Y','N') NOT NULL DEFAULT 'N' COMMENT 'Y : 삭제  N : 미삭제',
  `expire_date` int(11) unsigned NOT NULL COMMENT '종료날짜',
  PRIMARY KEY (`contents_zzim_id`),
  KEY `accountId_index` (`accountId`),
  KEY `contents_id_index` (`contents_id`),
  KEY `expire_del_yn_index` (`del_yn`,`expire_date`)
) ENGINE=InnoDB AUTO_INCREMENT=26 DEFAULT CHARSET=utf8 COMMENT='찜한콘텐츠';
/*!40101 SET character_set_client = @saved_cs_client */;

--
-- Dumping data for table `CONTENTS_ZZIM`
--

LOCK TABLES `CONTENTS_ZZIM` WRITE;
/*!40000 ALTER TABLE `CONTENTS_ZZIM` DISABLE KEYS */;
INSERT INTO `CONTENTS_ZZIM` VALUES (9,'1ee77618b9e4f7651381e2ede71b0d389f27a5c6',74,'Y',1569379838),(10,'1ee77618b9e4f7651381e2ede71b0d389f27a5c6',67,'N',1569385643),(11,'1ee77618b9e4f7651381e2ede71b0d389f27a5c6',71,'Y',1569390794),(12,'1ee77618b9e4f7651381e2ede71b0d389f27a5c6',70,'N',1569394259),(13,'1ee77618b9e4f7651381e2ede71b0d389f27a5c6',84,'N',1569394397),(14,'1ee77618b9e4f7651381e2ede71b0d389f27a5c6',86,'N',1569399166),(15,'1ee77618b9e4f7651381e2ede71b0d389f27a5c6',95,'N',1569457805),(16,'1ee77618b9e4f7651381e2ede71b0d389f27a5c6',85,'N',1569891222),(17,'1ee77618b9e4f7651381e2ede71b0d389f27a5c6',79,'N',1569894559),(18,'1ee77618b9e4f7651381e2ede71b0d389f27a5c6',80,'N',1569894569),(19,'1ee77618b9e4f7651381e2ede71b0d389f27a5c6',82,'N',1569909358),(20,'1ee77618b9e4f7651381e2ede71b0d389f27a5c6',96,'Y',1569979958),(21,'1ee77618b9e4f7651381e2ede71b0d389f27a5c6',194,'N',1574235070),(22,'1ee77618b9e4f7651381e2ede71b0d389f27a5c6',194,'N',1574235073),(23,'1ee77618b9e4f7651381e2ede71b0d389f27a5c6',194,'N',1574235074),(24,'1ee77618b9e4f7651381e2ede71b0d389f27a5c6',194,'N',1574235101),(25,'1ee77618b9e4f7651381e2ede71b0d389f27a5c6',213,'N',1577174429);
/*!40000 ALTER TABLE `CONTENTS_ZZIM` ENABLE KEYS */;
UNLOCK TABLES;

--
-- Table structure for table `LOG_CONTENTS_RECOMMAND`
--

DROP TABLE IF EXISTS `LOG_CONTENTS_RECOMMAND`;
/*!40101 SET @saved_cs_client     = @@character_set_client */;
/*!40101 SET character_set_client = utf8 */;
CREATE TABLE `LOG_CONTENTS_RECOMMAND` (
  `log_contents_recommand_id` int(11) unsigned NOT NULL AUTO_INCREMENT COMMENT '고유번호',
  `accountId` varchar(100) NOT NULL COMMENT '회원아이디',
  `contents_id` int(11) unsigned NOT NULL COMMENT '컨텐츠번호',
  PRIMARY KEY (`log_contents_recommand_id`),
  KEY `reommand_index` (`accountId`,`contents_id`)
) ENGINE=InnoDB AUTO_INCREMENT=16 DEFAULT CHARSET=utf8 COMMENT='추천 로그';
/*!40101 SET character_set_client = @saved_cs_client */;

--
-- Dumping data for table `LOG_CONTENTS_RECOMMAND`
--

LOCK TABLES `LOG_CONTENTS_RECOMMAND` WRITE;
/*!40000 ALTER TABLE `LOG_CONTENTS_RECOMMAND` DISABLE KEYS */;
INSERT INTO `LOG_CONTENTS_RECOMMAND` VALUES (2,'1ee77618b9e4f7651381e2ede71b0d389f27a5c6',52),(5,'1ee77618b9e4f7651381e2ede71b0d389f27a5c6',67),(6,'1ee77618b9e4f7651381e2ede71b0d389f27a5c6',70),(3,'1ee77618b9e4f7651381e2ede71b0d389f27a5c6',76),(11,'1ee77618b9e4f7651381e2ede71b0d389f27a5c6',79),(12,'1ee77618b9e4f7651381e2ede71b0d389f27a5c6',80),(1,'1ee77618b9e4f7651381e2ede71b0d389f27a5c6',82),(7,'1ee77618b9e4f7651381e2ede71b0d389f27a5c6',83),(4,'1ee77618b9e4f7651381e2ede71b0d389f27a5c6',84),(10,'1ee77618b9e4f7651381e2ede71b0d389f27a5c6',85),(8,'1ee77618b9e4f7651381e2ede71b0d389f27a5c6',86),(9,'1ee77618b9e4f7651381e2ede71b0d389f27a5c6',95),(13,'1ee77618b9e4f7651381e2ede71b0d389f27a5c6',96),(14,'1ee77618b9e4f7651381e2ede71b0d389f27a5c6',199),(15,'1ee77618b9e4f7651381e2ede71b0d389f27a5c6',213);
/*!40000 ALTER TABLE `LOG_CONTENTS_RECOMMAND` ENABLE KEYS */;
UNLOCK TABLES;

--
-- Table structure for table `LOG_POINT`
--

DROP TABLE IF EXISTS `LOG_POINT`;
/*!40101 SET @saved_cs_client     = @@character_set_client */;
/*!40101 SET character_set_client = utf8 */;
CREATE TABLE `LOG_POINT` (
  `log_point_id` int(11) unsigned NOT NULL AUTO_INCREMENT COMMENT '고유번호',
  `accountId` varchar(100) NOT NULL COMMENT '아이디',
  `log_purchase_id` int(11) unsigned NOT NULL COMMENT '구매번호',
  `code` int(11) unsigned NOT NULL COMMENT '1 : 사용 2: 적립',
  `point` int(11) unsigned NOT NULL COMMENT '포인트',
  `info` text NOT NULL COMMENT '내용',
  `wdate` int(11) unsigned NOT NULL COMMENT '날짜',
  `point_type` smallint(1) unsigned NOT NULL DEFAULT '1' COMMENT '1.사용 2.적립',
  PRIMARY KEY (`log_point_id`),
  KEY `accountId_index` (`accountId`),
  KEY `purchase_idx_index` (`log_purchase_id`),
  KEY `code_index` (`code`),
  KEY `point_type_index` (`point_type`)
) ENGINE=InnoDB AUTO_INCREMENT=164 DEFAULT CHARSET=utf8 COMMENT='포인트 사용로그';
/*!40101 SET character_set_client = @saved_cs_client */;

--
-- Dumping data for table `LOG_POINT`
--

LOCK TABLES `LOG_POINT` WRITE;
/*!40000 ALTER TABLE `LOG_POINT` DISABLE KEYS */;
INSERT INTO `LOG_POINT` VALUES (1,'1ee77618b9e4f7651381e2ede71b0d389f27a5c6',13,1001,110,'샘플 테스트',1568599775,1),(2,'1ee77618b9e4f7651381e2ede71b0d389f27a5c6',14,1001,11,'샘플 100',1568602905,1),(3,'1ee77618b9e4f7651381e2ede71b0d389f27a5c6',15,1001,12,'샘플 40',1568603441,1),(4,'1ee77618b9e4f7651381e2ede71b0d389f27a5c6',16,1001,15,'샘플 테스트',1568616740,1),(5,'1ee77618b9e4f7651381e2ede71b0d389f27a5c6',17,1001,15,'샘플 40메가',1568620985,1),(6,'1ee77618b9e4f7651381e2ede71b0d389f27a5c6',18,1001,20,'40메가 샘플',1568622645,1),(7,'1ee77618b9e4f7651381e2ede71b0d389f27a5c6',19,1001,15,'샘플 100메가',1568623174,1),(8,'1ee77618b9e4f7651381e2ede71b0d389f27a5c6',20,1001,15,'100메가 라스트',1568624882,1),(9,'1ee77618b9e4f7651381e2ede71b0d389f27a5c6',21,1001,20,'4040404040',1568625397,1),(10,'1ee77618b9e4f7651381e2ede71b0d389f27a5c6',22,1001,2,'샘플',1568626205,1),(11,'1ee77618b9e4f7651381e2ede71b0d389f27a5c6',23,1001,3,'블랙핑크 재니 팬 싸인회',1568681832,1),(12,'1ee77618b9e4f7651381e2ede71b0d389f27a5c6',24,1001,11,'ㅈ',1568695061,1),(13,'1ee77618b9e4f7651381e2ede71b0d389f27a5c6',25,1001,2,'크레용팝 TV',1568695222,1),(14,'1ee77618b9e4f7651381e2ede71b0d389f27a5c6',26,1001,2,'해변',1568696162,1),(15,'1ee77618b9e4f7651381e2ede71b0d389f27a5c6',27,1001,500,'야생 다람쥐',1568704270,1),(16,'1ee77618b9e4f7651381e2ede71b0d389f27a5c6',28,1001,3,'해변 석양',1568705244,1),(17,'1ee77618b9e4f7651381e2ede71b0d389f27a5c6',29,1001,750,'방탄소년단 - 쩔어',1568705835,1),(18,'1ee77618b9e4f7651381e2ede71b0d389f27a5c6',30,1001,2,'BLACKPINK Fancam.mp4',1568705873,1),(19,'1ee77618b9e4f7651381e2ede71b0d389f27a5c6',31,1001,3,'석양',1568706187,1),(20,'1ee77618b9e4f7651381e2ede71b0d389f27a5c6',32,1001,2,'Monkey - 2076.mp4',1568707421,1),(21,'1ee77618b9e4f7651381e2ede71b0d389f27a5c6',33,1001,12,'해변 여행',1568709782,1),(22,'9bcecd9085fae8fa787ac3f3bd3c2f25a90e0610',34,1001,2,'BLACKPINK Fancam.mp4',1568767710,1),(23,'1ee77618b9e4f7651381e2ede71b0d389f27a5c6',35,1001,2,'sampe100.mp4',1568772461,1),(24,'1ee77618b9e4f7651381e2ede71b0d389f27a5c6',36,1001,2,'100메가 테스트',1568773653,1),(25,'1ee77618b9e4f7651381e2ede71b0d389f27a5c6',37,1001,2,'Cute Video (TWICE) - FANCY',1568773685,1),(26,'1a63f10cfcf51373deefeacedfa94eabb6bb53f6',38,1001,1100,'이리온',1568776401,1),(27,'1ee77618b9e4f7651381e2ede71b0d389f27a5c6',39,1001,11,'여름헤변2',1568778660,1),(28,'1ee77618b9e4f7651381e2ede71b0d389f27a5c6',40,1001,2,'100',1568779272,1),(29,'1ee77618b9e4f7651381e2ede71b0d389f27a5c6',41,1001,2,'4040',1568779523,1),(30,'1ee77618b9e4f7651381e2ede71b0d389f27a5c6',42,1001,2,'마동석',1568780409,1),(31,'1ee77618b9e4f7651381e2ede71b0d389f27a5c6',43,1001,12,'여행3',1568782135,1),(32,'1ee77618b9e4f7651381e2ede71b0d389f27a5c6',44,1001,12,'해변여행',1568786462,1),(33,'1ee77618b9e4f7651381e2ede71b0d389f27a5c6',45,1001,2,'토스트',1568792712,1),(34,'1ee77618b9e4f7651381e2ede71b0d389f27a5c6',46,1001,10,'테스트1',1568794166,1),(35,'1ee77618b9e4f7651381e2ede71b0d389f27a5c6',47,1001,2,'55',1568795976,1),(36,'1ee77618b9e4f7651381e2ede71b0d389f27a5c6',48,1001,2,'333',1568796555,1),(37,'1ee77618b9e4f7651381e2ede71b0d389f27a5c6',49,1001,2,'문제영상',1568797472,1),(38,'1ee77618b9e4f7651381e2ede71b0d389f27a5c6',50,1001,15,'소정석2',1568798659,1),(39,'1ee77618b9e4f7651381e2ede71b0d389f27a5c6',51,1001,2,'sam',1568800583,1),(40,'1ee77618b9e4f7651381e2ede71b0d389f27a5c6',52,1001,30,'소정석3',1568801629,1),(41,'1ee77618b9e4f7651381e2ede71b0d389f27a5c6',53,1001,1010,'콘텐츠 입력',1568806880,1),(42,'1ee77618b9e4f7651381e2ede71b0d389f27a5c6',54,1001,101,'100',1568807080,1),(43,'1ee77618b9e4f7651381e2ede71b0d389f27a5c6',55,1001,1020,'석양이 아름다운 해변',1568811865,1),(44,'1ee77618b9e4f7651381e2ede71b0d389f27a5c6',56,1001,1020,'해변여행 석양',1568871649,1),(45,'1ee77618b9e4f7651381e2ede71b0d389f27a5c6',57,1001,1020,'해변여행 석양',1569216920,1),(46,'1ee77618b9e4f7651381e2ede71b0d389f27a5c6',58,1001,101,'100',1569288068,1),(47,'1ee77618b9e4f7651381e2ede71b0d389f27a5c6',59,1001,1010,'콘텐츠 입력',1569288125,1),(48,'1ee77618b9e4f7651381e2ede71b0d389f27a5c6',60,1001,2,'333',1569288452,1),(49,'1ee77618b9e4f7651381e2ede71b0d389f27a5c6',61,1001,2,'55',1569288563,1),(50,'1ee77618b9e4f7651381e2ede71b0d389f27a5c6',62,1001,1100,'이리온',1569288777,1),(51,'1ee77618b9e4f7651381e2ede71b0d389f27a5c6',63,1001,2,'영상',1569288888,1),(52,'1ee77618b9e4f7651381e2ede71b0d389f27a5c6',64,1001,2,'100',1569289188,1),(53,'1ee77618b9e4f7651381e2ede71b0d389f27a5c6',65,1001,11,'base64콘텐츠테스트2',1569376474,1),(54,'1ee77618b9e4f7651381e2ede71b0d389f27a5c6',66,1001,11,'테스트',1569380471,1),(55,'1ee77618b9e4f7651381e2ede71b0d389f27a5c6',67,1001,101,'영상석양_TEST',1569832803,1),(56,'1ee77618b9e4f7651381e2ede71b0d389f27a5c6',68,1001,11,'테스트',1569891093,1),(57,'1ee77618b9e4f7651381e2ede71b0d389f27a5c6',69,1001,120,'TEST crayonpop',1569892836,1),(58,'1ee77618b9e4f7651381e2ede71b0d389f27a5c6',70,1001,60,'BTS_DNA_TEST',1569903645,1),(59,'1ee77618b9e4f7651381e2ede71b0d389f27a5c6',71,1001,20,'BTS_TEST_1',1569919369,1),(60,'1ee77618b9e4f7651381e2ede71b0d389f27a5c6',72,1001,15,'sample data test',1569920252,1),(61,'1ee77618b9e4f7651381e2ede71b0d389f27a5c6',73,1001,40,'TESTESTEST',1569927842,1),(62,'1ee77618b9e4f7651381e2ede71b0d389f27a5c6',74,1001,150,'트와이스 해피해피',1569977472,1),(63,'1ee77618b9e4f7651381e2ede71b0d389f27a5c6',75,1001,120,'크레용팝 테스트_1',1569984200,1),(64,'1ee77618b9e4f7651381e2ede71b0d389f27a5c6',76,1001,100,'블랙핑크_1',1569985147,1),(65,'1ee77618b9e4f7651381e2ede71b0d389f27a5c6',77,1001,100,'블랙핑크_1',1569989313,1),(66,'1ee77618b9e4f7651381e2ede71b0d389f27a5c6',80,1001,2,'비행기',1569998499,1),(67,'1ee77618b9e4f7651381e2ede71b0d389f27a5c6',81,1001,31,'TEST 영상 1',1570158102,1),(68,'1ee77618b9e4f7651381e2ede71b0d389f27a5c6',82,1001,120,'TEST crayonpop',1570158209,1),(69,'1ee77618b9e4f7651381e2ede71b0d389f27a5c6',83,1001,11,'base64콘텐츠테스트2',1570158304,1),(70,'1ee77618b9e4f7651381e2ede71b0d389f27a5c6',84,1001,101,'영상석양_TEST',1570161477,1),(71,'1ee77618b9e4f7651381e2ede71b0d389f27a5c6',85,1001,2,'토스트 만들기',1570179328,1),(72,'1ee77618b9e4f7651381e2ede71b0d389f27a5c6',86,1001,120,'노래_방탄소년단',1570409499,1),(73,'1ee77618b9e4f7651381e2ede71b0d389f27a5c6',87,1001,110,'TESTESTEST',1570501375,1),(74,'1ee77618b9e4f7651381e2ede71b0d389f27a5c6',88,1001,20,'트와이스 해피해피해피',1570509939,1),(75,'1ee77618b9e4f7651381e2ede71b0d389f27a5c6',89,1001,30,'sample File 2개',1570518260,1),(76,'1ee77618b9e4f7651381e2ede71b0d389f27a5c6',90,1001,20,'DOPE_TEST',1570670949,1),(77,'1ee77618b9e4f7651381e2ede71b0d389f27a5c6',91,1001,120,'노래_방탄소년단',1570671541,1),(78,'1ee77618b9e4f7651381e2ede71b0d389f27a5c6',92,1001,100,'가오',1570692813,1),(79,'1ee77618b9e4f7651381e2ede71b0d389f27a5c6',93,1001,100,'가오',1571017637,1),(80,'1ee77618b9e4f7651381e2ede71b0d389f27a5c6',94,1001,30,'트와이스',1571103045,1),(81,'1ee77618b9e4f7651381e2ede71b0d389f27a5c6',95,1001,3,'1',1571103199,1),(82,'1ee77618b9e4f7651381e2ede71b0d389f27a5c6',96,1001,30,'토스트',1571104797,1),(83,'1ee77618b9e4f7651381e2ede71b0d389f27a5c6',97,1001,30,'고양이',1571105299,1),(84,'9bcecd9085fae8fa787ac3f3bd3c2f25a90e0610',98,1001,10001,'테스트05',1571121592,1),(85,'1ee77618b9e4f7651381e2ede71b0d389f27a5c6',99,1001,20,'cat',1571122843,1),(86,'1ee77618b9e4f7651381e2ede71b0d389f27a5c6',100,1001,30,'5기가',1571203442,1),(87,'1ee77618b9e4f7651381e2ede71b0d389f27a5c6',101,1001,30,'2.3 기가',1571203465,1),(88,'1ee77618b9e4f7651381e2ede71b0d389f27a5c6',102,1001,20,'스케이트',1571203486,1),(89,'1ee77618b9e4f7651381e2ede71b0d389f27a5c6',103,1001,150,'11',1571280827,1),(90,'1ee77618b9e4f7651381e2ede71b0d389f27a5c6',104,1001,30,'7777',1571288865,1),(91,'1ee77618b9e4f7651381e2ede71b0d389f27a5c6',105,1001,10,'8888',1571289315,1),(92,'9bcecd9085fae8fa787ac3f3bd3c2f25a90e0610',106,1001,101,'테스트1000',1571296164,1),(93,'1ee77618b9e4f7651381e2ede71b0d389f27a5c6',107,1001,50,'롱보드',1571362856,1),(94,'1ee77618b9e4f7651381e2ede71b0d389f27a5c6',108,1001,101,'asss',1571399358,1),(95,'1ee77618b9e4f7651381e2ede71b0d389f27a5c6',109,1001,101,'2test',1571402900,1),(96,'1ee77618b9e4f7651381e2ede71b0d389f27a5c6',110,1001,101,'TEST_1',1571625594,1),(97,'1ee77618b9e4f7651381e2ede71b0d389f27a5c6',111,1001,110,'123456',1571640700,1),(98,'1ee77618b9e4f7651381e2ede71b0d389f27a5c6',112,1001,50,'블랙핑크',1571641384,1),(99,'1ee77618b9e4f7651381e2ede71b0d389f27a5c6',113,1001,200,'666',1571641483,1),(100,'1ee77618b9e4f7651381e2ede71b0d389f27a5c6',114,1001,200,'666',1571641486,1),(101,'1ee77618b9e4f7651381e2ede71b0d389f27a5c6',115,1001,200,'cat',1571643134,1),(102,'1ee77618b9e4f7651381e2ede71b0d389f27a5c6',116,1001,200,'tttttt',1571644952,1),(103,'1ee77618b9e4f7651381e2ede71b0d389f27a5c6',117,1001,101,'2test',1571721879,1),(104,'1ee77618b9e4f7651381e2ede71b0d389f27a5c6',118,1001,100,'마마무',1571724619,1),(105,'1ee77618b9e4f7651381e2ede71b0d389f27a5c6',119,1001,101,'테스트이종태',1571967760,1),(106,'9bcecd9085fae8fa787ac3f3bd3c2f25a90e0610',120,1001,101,'테스트이종태',1571968000,1),(107,'1ee77618b9e4f7651381e2ede71b0d389f27a5c6',121,1001,200,'c',1571968320,1),(108,'1ee77618b9e4f7651381e2ede71b0d389f27a5c6',122,1001,200,'트와이스',1571969488,1),(109,'1ee77618b9e4f7651381e2ede71b0d389f27a5c6',123,1001,200,'회 먹자',1571971337,1),(110,'1ee77618b9e4f7651381e2ede71b0d389f27a5c6',124,1001,150,'비보이',1572844066,1),(111,'1ee77618b9e4f7651381e2ede71b0d389f27a5c6',125,1001,101,'aabcc',1572846843,1),(112,'9bcecd9085fae8fa787ac3f3bd3c2f25a90e0610',126,1001,1000,'개발 3',1573102870,1),(113,'1ee77618b9e4f7651381e2ede71b0d389f27a5c6',127,1001,200,'비보이',1573102916,1),(114,'1ee77618b9e4f7651381e2ede71b0d389f27a5c6',128,1001,101,'111111--111',1573103094,1),(115,'1ee77618b9e4f7651381e2ede71b0d389f27a5c6',129,1001,200,'고양이',1573103195,1),(116,'9bcecd9085fae8fa787ac3f3bd3c2f25a90e0610',130,1001,200,'개발 4',1573104935,1),(117,'1ee77618b9e4f7651381e2ede71b0d389f27a5c6',131,1001,200,'원숭이',1573105077,1),(118,'1ee77618b9e4f7651381e2ede71b0d389f27a5c6',132,1001,200,'비보이 (미체크)',1573105139,1),(119,'1ee77618b9e4f7651381e2ede71b0d389f27a5c6',133,1001,300,'show',1573105186,1),(120,'1ee77618b9e4f7651381e2ede71b0d389f27a5c6',134,1001,300,'다람쥐',1573105203,1),(121,'1ee77618b9e4f7651381e2ede71b0d389f27a5c6',135,1001,200,'show2',1573105300,1),(122,'1ee77618b9e4f7651381e2ede71b0d389f27a5c6',136,1001,200,'비보이 (체크)',1573105323,1),(123,'1ee77618b9e4f7651381e2ede71b0d389f27a5c6',137,1001,200,'토스트',1573105852,1),(124,'1ee77618b9e4f7651381e2ede71b0d389f27a5c6',138,1001,200,'피짜',1573109966,1),(125,'1ee77618b9e4f7651381e2ede71b0d389f27a5c6',139,1001,200,'1111111',1573110004,1),(126,'1ee77618b9e4f7651381e2ede71b0d389f27a5c6',140,1001,101,'베이컨 토스트',1573110455,1),(127,'1ee77618b9e4f7651381e2ede71b0d389f27a5c6',141,1001,101,'Ultimate List',1573110517,1),(128,'1ee77618b9e4f7651381e2ede71b0d389f27a5c6',142,1001,101,' Bboy Classic',1573110534,1),(129,'1ee77618b9e4f7651381e2ede71b0d389f27a5c6',143,1001,300,'아보카도 피자',1573113381,1),(130,'1ee77618b9e4f7651381e2ede71b0d389f27a5c6',144,1001,200,'river',1573175778,1),(131,'1ee77618b9e4f7651381e2ede71b0d389f27a5c6',145,1001,200,'크레용팝',1573175795,1),(132,'1ee77618b9e4f7651381e2ede71b0d389f27a5c6',146,1001,200,'트와이스',1573175820,1),(133,'1ee77618b9e4f7651381e2ede71b0d389f27a5c6',147,1001,101,'test ',1573449488,1),(134,'1ee77618b9e4f7651381e2ede71b0d389f27a5c6',148,1001,300,'0000',1573623980,1),(135,'1ee77618b9e4f7651381e2ede71b0d389f27a5c6',149,1001,500,'3333',1573625596,1),(136,'1ee77618b9e4f7651381e2ede71b0d389f27a5c6',150,1001,200,'aabbcc',1573625813,1),(137,'1ee77618b9e4f7651381e2ede71b0d389f27a5c6',151,1001,280,'비보이',1573625836,1),(138,'1ee77618b9e4f7651381e2ede71b0d389f27a5c6',152,1001,200,'5555',1573626205,1),(139,'1ee77618b9e4f7651381e2ede71b0d389f27a5c6',153,1001,211,'112233',1573628083,1),(140,'1ee77618b9e4f7651381e2ede71b0d389f27a5c6',154,1001,200,'인형~~~',1573693854,1),(141,'1ee77618b9e4f7651381e2ede71b0d389f27a5c6',155,1001,300,'cat&cat.mp4',1573695499,1),(142,'9bcecd9085fae8fa787ac3f3bd3c2f25a90e0610',156,1001,211,'112233',1573710874,1),(143,'1ee77618b9e4f7651381e2ede71b0d389f27a5c6',157,1001,300,'강아지',1573715534,1),(144,'1ee77618b9e4f7651381e2ede71b0d389f27a5c6',158,1001,120,'어벤져스앤드게임 예고편',1574225791,1),(145,'1ee77618b9e4f7651381e2ede71b0d389f27a5c6',159,1001,200,'어벤져스',1574405521,1),(146,'1ee77618b9e4f7651381e2ede71b0d389f27a5c6',160,1001,300,'cat&cat.mp4',1574405888,1),(147,'1ee77618b9e4f7651381e2ede71b0d389f27a5c6',161,1001,500,'ㅁㅁㅁㅁ',1574406362,1),(148,'1ee77618b9e4f7651381e2ede71b0d389f27a5c6',162,1001,300,'고양이',1574408146,1),(149,'1ee77618b9e4f7651381e2ede71b0d389f27a5c6',163,1001,200,'11111',1574644460,1),(150,'1ee77618b9e4f7651381e2ede71b0d389f27a5c6',164,1001,400,'어벤어벤',1574645552,1),(151,'1ee77618b9e4f7651381e2ede71b0d389f27a5c6',165,1001,300,'77777',1574647573,1),(152,'1ee77618b9e4f7651381e2ede71b0d389f27a5c6',166,1001,300,'555555',1574647680,1),(153,'1ee77618b9e4f7651381e2ede71b0d389f27a5c6',167,1001,200,'00000',1574648051,1),(154,'1ee77618b9e4f7651381e2ede71b0d389f27a5c6',168,1001,300,'cat',1574649847,1),(155,'1ee77618b9e4f7651381e2ede71b0d389f27a5c6',169,1001,300,'아디',1574649862,1),(156,'1ee77618b9e4f7651381e2ede71b0d389f27a5c6',170,1001,200,'Avengers Endgame Final Battle',1574656496,1),(157,'1ee77618b9e4f7651381e2ede71b0d389f27a5c6',171,1001,101,'어벤져스 예고편',1576569532,1),(158,'1ee77618b9e4f7651381e2ede71b0d389f27a5c6',172,1001,300,'cat',1578984601,1),(159,'1ee77618b9e4f7651381e2ede71b0d389f27a5c6',173,1001,300,'555555',1578984628,1),(160,'1ee77618b9e4f7651381e2ede71b0d389f27a5c6',174,1001,300,'77777',1578985635,1),(161,'1ee77618b9e4f7651381e2ede71b0d389f27a5c6',175,1001,200,'aabbcc',1578985764,1),(162,'1ee77618b9e4f7651381e2ede71b0d389f27a5c6',176,1001,200,'5555',1578986434,1),(163,'1ee77618b9e4f7651381e2ede71b0d389f27a5c6',177,1001,300,'아디',1579048408,1);
/*!40000 ALTER TABLE `LOG_POINT` ENABLE KEYS */;
UNLOCK TABLES;

--
-- Table structure for table `LOG_PURCHASE`
--

DROP TABLE IF EXISTS `LOG_PURCHASE`;
/*!40101 SET @saved_cs_client     = @@character_set_client */;
/*!40101 SET character_set_client = utf8 */;
CREATE TABLE `LOG_PURCHASE` (
  `log_purchase_id` int(11) unsigned NOT NULL AUTO_INCREMENT COMMENT '고유번호',
  `accountId` varchar(100) NOT NULL COMMENT '회원아이디',
  `contents_id` int(11) unsigned NOT NULL COMMENT '컨텐츠번호',
  `state` enum('Y','C','D') NOT NULL DEFAULT 'Y' COMMENT '상태Y=정상,C=환불,D=삭제',
  `down` int(11) unsigned NOT NULL COMMENT '다운횟수',
  `score` int(11) unsigned NOT NULL COMMENT '평가점수',
  `point` int(11) unsigned NOT NULL COMMENT '금액',
  `wdate` int(11) unsigned NOT NULL COMMENT '구매일',
  `edate` int(11) unsigned NOT NULL COMMENT '만료일',
  `cdate` int(11) DEFAULT NULL COMMENT '환불일',
  `blockchain_purchaseId` varchar(100) NOT NULL COMMENT '블록체인구매아이디',
  PRIMARY KEY (`log_purchase_id`),
  KEY `accountId_index` (`accountId`),
  KEY `contents_id_index` (`contents_id`),
  KEY `state_index` (`state`),
  KEY `blockchain_purchaseId_index` (`blockchain_purchaseId`)
) ENGINE=InnoDB AUTO_INCREMENT=178 DEFAULT CHARSET=utf8 COMMENT='구매로그';
/*!40101 SET character_set_client = @saved_cs_client */;

--
-- Dumping data for table `LOG_PURCHASE`
--

LOCK TABLES `LOG_PURCHASE` WRITE;
/*!40000 ALTER TABLE `LOG_PURCHASE` DISABLE KEYS */;
INSERT INTO `LOG_PURCHASE` VALUES (1,'d067026b760015a06b22247c146eec5050ad2bed',44,'Y',0,0,200,1568097948,1568357148,NULL,'64488881212417941651859303995067464238654724204528399340428587509711552699035'),(2,'d067026b760015a06b22247c146eec5050ad2bed',41,'Y',0,0,300,1568098153,1568357353,NULL,'46518625142334454393818474907701520147326997739403286396307128542486810651097'),(3,'d067026b760015a06b22247c146eec5050ad2bed',45,'Y',0,0,200,1568102337,1568361537,NULL,'20275355766890061341786867679785024396367831306368464681283286383045859240537'),(4,'4872afafb785886f3e7f1778c8f2e5a1f3616ae4',46,'Y',0,0,200,1568103553,1568362753,NULL,'20275355766890061341786867679785024396367831306368464681283286383045859240537'),(5,'4872afafb785886f3e7f1778c8f2e5a1f3616ae4',43,'Y',0,0,1200,1568119464,1568378664,NULL,'20275355766890061341786867679785024396367831306368464681283286383045859240537'),(6,'4872afafb785886f3e7f1778c8f2e5a1f3616ae4',48,'Y',0,0,500,1568164737,1568423937,NULL,'20275355766890061341786867679785024396367831306368464681283286383045859240537'),(7,'4872afafb785886f3e7f1778c8f2e5a1f3616ae4',39,'Y',0,0,500,1568164796,1568423996,NULL,'20275355766890061341786867679785024396367831306368464681283286383045859240537'),(8,'4872afafb785886f3e7f1778c8f2e5a1f3616ae4',47,'Y',0,0,1000,1568166983,1568426183,NULL,'20275355766890061341786867679785024396367831306368464681283286383045859240537'),(10,'1ee77618b9e4f7651381e2ede71b0d389f27a5c6',48,'Y',0,0,500,1568169053,1568428253,NULL,'3582250760310665595176296665870262852831250332712815405463300169172810708853'),(11,'1ee77618b9e4f7651381e2ede71b0d389f27a5c6',50,'Y',0,0,2,1568181936,1568441136,NULL,'111134283204962954076791435051640206774506187253362648527219490522684148216707'),(12,'1ee77618b9e4f7651381e2ede71b0d389f27a5c6',51,'Y',0,0,20,1568183813,1568443013,NULL,'90389533288367858792411193784369450453320123804948796717622429768577838254147'),(13,'1ee77618b9e4f7651381e2ede71b0d389f27a5c6',52,'D',0,0,110,1568599775,1568858975,NULL,'61431336579300383680644740820616643126905220048177594745496963509158776709369'),(14,'1ee77618b9e4f7651381e2ede71b0d389f27a5c6',53,'Y',0,0,11,1568602905,1568862105,NULL,'97937760678370953489164232738270640600148461004057122368042425791871089570655'),(15,'1ee77618b9e4f7651381e2ede71b0d389f27a5c6',54,'Y',0,0,12,1568603441,1568862641,NULL,'35527224719919009628954790630609892052684035569723266315815784896588026037439'),(16,'1ee77618b9e4f7651381e2ede71b0d389f27a5c6',55,'Y',0,0,15,1568616740,1568875940,NULL,'46139884949808311548175797514359257421784001806237261494203534991708563519704'),(17,'1ee77618b9e4f7651381e2ede71b0d389f27a5c6',56,'Y',0,0,15,1568620985,1568880185,NULL,'42290971264013130706693865790922539950251613455299707054237466684488869342121'),(18,'1ee77618b9e4f7651381e2ede71b0d389f27a5c6',57,'Y',0,0,20,1568622645,1568881845,NULL,'76225788702407539508078412599630714890919400478747092891404940369527789726986'),(19,'1ee77618b9e4f7651381e2ede71b0d389f27a5c6',58,'Y',0,0,15,1568623174,1568882374,NULL,'108149217116860057396955406635678602880681531629662180671955666461639679275113'),(20,'1ee77618b9e4f7651381e2ede71b0d389f27a5c6',59,'Y',0,0,15,1568624882,1568884082,NULL,'81370777642907463424866962579326263641014769723634739455897362265344120906808'),(21,'1ee77618b9e4f7651381e2ede71b0d389f27a5c6',60,'Y',0,0,20,1568625397,1568884597,NULL,'95549739266601577682355838222455340435502984886632727005030701552432971430793'),(22,'1ee77618b9e4f7651381e2ede71b0d389f27a5c6',61,'Y',0,0,2,1568626205,1568885405,NULL,'17311451137527849627881762433578197718545443141040433112436742843818159685663'),(23,'1ee77618b9e4f7651381e2ede71b0d389f27a5c6',62,'Y',0,0,3,1568681832,1568941032,NULL,'20593628665256038502975055867835983818163749816932316630228529747284169452733'),(24,'1ee77618b9e4f7651381e2ede71b0d389f27a5c6',65,'Y',0,0,11,1568695061,1568954261,NULL,'23946016294367970690058180950807545684740863517189506434255909079818848365018'),(25,'1ee77618b9e4f7651381e2ede71b0d389f27a5c6',64,'Y',0,0,2,1568695222,1568954422,NULL,'97241709602223961754772531432680955142223354776047049765315341058242278420793'),(26,'1ee77618b9e4f7651381e2ede71b0d389f27a5c6',66,'Y',0,0,2,1568696162,1568955362,NULL,'49179386084783537661454825432535861983472245672437451521184049505756900377877'),(27,'1ee77618b9e4f7651381e2ede71b0d389f27a5c6',39,'Y',0,0,500,1568704270,1568963470,NULL,'108718028633798541573598303699828987298463942074351150419561081642973451953795'),(28,'1ee77618b9e4f7651381e2ede71b0d389f27a5c6',74,'Y',0,0,3,1568705244,1568964444,NULL,'88948507336171458711810343530373339796712790808235051539047438707351301557575'),(29,'1ee77618b9e4f7651381e2ede71b0d389f27a5c6',42,'Y',0,0,750,1568705835,1568965035,NULL,'80659419081720359878199940227399473034942563573970404082715218704495081776865'),(30,'1ee77618b9e4f7651381e2ede71b0d389f27a5c6',73,'Y',0,0,2,1568705873,1568965073,NULL,'106847183727118316110608484174008979811949546260461906276048482580390686949653'),(31,'1ee77618b9e4f7651381e2ede71b0d389f27a5c6',75,'Y',0,0,3,1568706187,1568965387,NULL,'62360213351378727491911480531981777529189047945490083550355477592007118052183'),(32,'1ee77618b9e4f7651381e2ede71b0d389f27a5c6',71,'Y',0,0,2,1568707421,1568966621,NULL,'108086629104392328721246157735100800599382207664442903242068932015869408719167'),(33,'1ee77618b9e4f7651381e2ede71b0d389f27a5c6',76,'Y',0,0,12,1568709782,1568968982,NULL,'78551282611504743293902834233547832056502849328250610801728806276059195445892'),(34,'9bcecd9085fae8fa787ac3f3bd3c2f25a90e0610',73,'Y',0,0,2,1568767710,1569026910,NULL,'103645784697011697705783309692652877085792762920336235804808887226319396778456'),(35,'1ee77618b9e4f7651381e2ede71b0d389f27a5c6',77,'Y',0,0,2,1568772461,1569031661,NULL,'5908589317098036643859584681528440058540228625840331507560856807994197965386'),(36,'1ee77618b9e4f7651381e2ede71b0d389f27a5c6',78,'Y',0,0,2,1568773653,1569032853,NULL,'83411472007070598110686457427274812989200945936144755379852514130602023346857'),(37,'1ee77618b9e4f7651381e2ede71b0d389f27a5c6',70,'Y',0,0,2,1568773685,1569032885,NULL,'8702780019233277822047893752814112250999916971496873803636567449332905510097'),(38,'1a63f10cfcf51373deefeacedfa94eabb6bb53f6',79,'Y',0,0,1100,1568776401,1569035601,NULL,'112412468222390226630170908975261928149372033403323780546167114685807151242704'),(39,'1ee77618b9e4f7651381e2ede71b0d389f27a5c6',80,'Y',0,0,11,1568778660,1569037860,NULL,'51093132536304531517147907902134294032331041116572683693948077508065315424167'),(40,'1ee77618b9e4f7651381e2ede71b0d389f27a5c6',81,'Y',0,0,2,1568779272,1569038472,NULL,'40873029726256954821934764633387839771884756719472067926755186167448657066913'),(41,'1ee77618b9e4f7651381e2ede71b0d389f27a5c6',82,'Y',0,0,2,1568779523,1569038723,NULL,'85154935064807459979403178613730369149582952928983246942363280749618955780636'),(42,'1ee77618b9e4f7651381e2ede71b0d389f27a5c6',49,'Y',0,0,2,1568780409,1569039609,NULL,'77305641115072389236171839354844052304151109853977136431528365215521910250826'),(43,'1ee77618b9e4f7651381e2ede71b0d389f27a5c6',83,'Y',0,0,12,1568782135,1569041335,NULL,'3418542874933949095279934238557409804113632196505640069260947816708909059992'),(44,'1ee77618b9e4f7651381e2ede71b0d389f27a5c6',84,'Y',0,0,12,1568786462,1569045662,NULL,'103233453376939167545577413964309780332574005647821690226545835845204979210212'),(45,'1ee77618b9e4f7651381e2ede71b0d389f27a5c6',85,'Y',0,0,2,1568792712,1569051912,NULL,'35058733137556506800048743745781954492644273821428311611594961776752496012544'),(46,'1ee77618b9e4f7651381e2ede71b0d389f27a5c6',86,'Y',0,0,10,1568794166,1569053366,NULL,'8217575056422912684357958550100602025368981488326522137330665367223803582138'),(47,'1ee77618b9e4f7651381e2ede71b0d389f27a5c6',88,'Y',0,0,2,1568795976,1569055176,NULL,'16787508547305107116890536469170485378453209876022820981728551782202985549350'),(48,'1ee77618b9e4f7651381e2ede71b0d389f27a5c6',87,'Y',0,0,2,1568796555,1569055755,NULL,'51429957669871205812126226493280446806138577055022462935006849993187758039552'),(49,'1ee77618b9e4f7651381e2ede71b0d389f27a5c6',89,'Y',0,0,2,1568797472,1569056672,NULL,'72952414053332646996464340247615980807434604823603405439567309747541240348375'),(50,'1ee77618b9e4f7651381e2ede71b0d389f27a5c6',90,'Y',0,0,15,1568798659,1569057859,NULL,'97416339634231767272839110138421076990761480561392603846959851915391784664836'),(51,'1ee77618b9e4f7651381e2ede71b0d389f27a5c6',91,'Y',0,0,2,1568800583,1569059783,NULL,'46346513041883767921565425737941904805948087185430688605370164961442473608251'),(52,'1ee77618b9e4f7651381e2ede71b0d389f27a5c6',92,'Y',0,0,30,1568801629,1569060829,NULL,'46231848901988676460608028448907840151736702959482000694846466054609888717621'),(53,'1ee77618b9e4f7651381e2ede71b0d389f27a5c6',93,'Y',0,0,1010,1568806880,1569066080,NULL,'19050792595436604150961562347127482128334066965333867600947423756190743301924'),(54,'1ee77618b9e4f7651381e2ede71b0d389f27a5c6',94,'Y',0,0,101,1568807080,1569066280,NULL,'80988404547989244603497362257562873744210164877197451655830255627785785896872'),(55,'1ee77618b9e4f7651381e2ede71b0d389f27a5c6',95,'Y',0,0,1020,1568811865,1569071065,NULL,'56320745721996738821101720064970074850962456697477027895942495145051569668552'),(56,'1ee77618b9e4f7651381e2ede71b0d389f27a5c6',96,'D',0,0,1020,1568871649,1569130849,NULL,'58063150934344609381527802958768113664477872591207298265556402990287268856912'),(57,'1ee77618b9e4f7651381e2ede71b0d389f27a5c6',96,'D',0,0,1020,1569216920,1569476120,NULL,'85197570085658986548824874367395570997831223235760025892437001755131027492469'),(58,'1ee77618b9e4f7651381e2ede71b0d389f27a5c6',94,'Y',0,0,101,1569288068,1569547268,NULL,'45546830246079500000137180863724455641267326950295834497912340608230620381041'),(59,'1ee77618b9e4f7651381e2ede71b0d389f27a5c6',93,'Y',0,0,1010,1569288125,1569547325,NULL,'50241095950627036914654881109603710545234291041730007964824863843796398529068'),(60,'1ee77618b9e4f7651381e2ede71b0d389f27a5c6',87,'Y',0,0,2,1569288452,1569547652,NULL,'40252362392041079917699238043404198073427502570965430360426933771434755317146'),(61,'1ee77618b9e4f7651381e2ede71b0d389f27a5c6',88,'Y',0,0,2,1569288563,1569547763,NULL,'107519680317833164649854952086872806259052774134943861136371262623632563008077'),(62,'1ee77618b9e4f7651381e2ede71b0d389f27a5c6',79,'Y',0,0,1100,1569288777,1569547977,NULL,'30785246181871854886508723342787778043927109076461867433233987285436386675393'),(63,'1ee77618b9e4f7651381e2ede71b0d389f27a5c6',89,'Y',0,0,2,1569288888,1569548088,NULL,'26953236547053608197963304095263561898581214215309240836460263221008410609492'),(64,'1ee77618b9e4f7651381e2ede71b0d389f27a5c6',81,'Y',0,0,2,1569289188,1569548388,NULL,'94983738472410622788646393631432309146769707440466169369947435743636697918900'),(65,'1ee77618b9e4f7651381e2ede71b0d389f27a5c6',97,'Y',0,0,11,1569376474,1569635674,NULL,'35238826129768930387479697979552477826429096935348516115579451415717455950599'),(66,'1ee77618b9e4f7651381e2ede71b0d389f27a5c6',98,'Y',0,0,11,1569380471,1569639671,NULL,'36153653296728670627576626724132580570043843721022623193699015442073687794154'),(67,'1ee77618b9e4f7651381e2ede71b0d389f27a5c6',99,'Y',0,0,101,1569832803,1570092003,NULL,'109234816827230673417048033282060509203236421495773074513634317696265448131111'),(68,'1ee77618b9e4f7651381e2ede71b0d389f27a5c6',98,'Y',0,0,11,1569891093,1570150293,NULL,'8811817959944262668308081734200805673221130543256221718490349545834615006655'),(69,'1ee77618b9e4f7651381e2ede71b0d389f27a5c6',100,'Y',0,0,120,1569892836,1570152036,NULL,'66344673235986290049687007170839607809440930941042794674191400366696646120035'),(70,'1ee77618b9e4f7651381e2ede71b0d389f27a5c6',101,'Y',0,0,60,1569903645,1570162845,NULL,'44479048805781647821287091975246677194703836299995724406046950414837639215250'),(71,'1ee77618b9e4f7651381e2ede71b0d389f27a5c6',102,'Y',0,0,20,1569919369,1570178569,NULL,'28045389720806246690009932914780549533895429039097587215258856220388554193592'),(72,'1ee77618b9e4f7651381e2ede71b0d389f27a5c6',103,'Y',0,0,15,1569920252,1570179452,NULL,'2705879195904037724743625265260900523014727251904152909769193300526442725608'),(73,'1ee77618b9e4f7651381e2ede71b0d389f27a5c6',104,'Y',0,0,40,1569927842,1570187042,NULL,'85679457888656747744400656820643627062893520063631197075068728029623074367566'),(74,'1ee77618b9e4f7651381e2ede71b0d389f27a5c6',105,'Y',0,0,150,1569977472,1570236672,NULL,'96188173382880474741099309088725728611676596610983683458220080772620266580290'),(75,'1ee77618b9e4f7651381e2ede71b0d389f27a5c6',106,'Y',0,0,120,1569984200,1570243400,NULL,'36372185313848558148786290988165500899344432707900359404633936340283018925431'),(76,'1ee77618b9e4f7651381e2ede71b0d389f27a5c6',108,'Y',0,0,100,1569985147,1570244347,NULL,'34314633030325184106144248283966196020242173536087748302799126768541472459180'),(77,'1ee77618b9e4f7651381e2ede71b0d389f27a5c6',109,'Y',0,0,100,1569989313,1570248513,NULL,'112296727266814786864829499972295797282848653289039962688124813947972802439176'),(78,'1ee77618b9e4f7651381e2ede71b0d389f27a5c6',95,'Y',0,0,1020,1568811865,1569071065,NULL,'56320745721996738821101720064970074850962456697477027895942495145051569668552'),(79,'1ee77618b9e4f7651381e2ede71b0d389f27a5c6',95,'Y',0,0,1020,1568811865,1569071065,NULL,'56320745721996738821101720064970074850962456697477027895942495145051569668552'),(80,'1ee77618b9e4f7651381e2ede71b0d389f27a5c6',110,'Y',0,0,2,1569998499,1570257699,NULL,'16770867883932313713431882756601398580221319584010258513534955231803756333669'),(81,'1ee77618b9e4f7651381e2ede71b0d389f27a5c6',107,'Y',0,0,31,1570158102,1570417302,NULL,'42000865572349245066554502651650057744562400119371644651793411559363542860846'),(82,'1ee77618b9e4f7651381e2ede71b0d389f27a5c6',100,'Y',0,0,120,1570158209,1570417409,NULL,'76644432432497891087350557821877505074206201557834112794425589724233126967688'),(83,'1ee77618b9e4f7651381e2ede71b0d389f27a5c6',97,'Y',0,0,11,1570158304,1570417504,NULL,'6427216520523066193697106891809933905003705416619712485631200492391744379910'),(84,'1ee77618b9e4f7651381e2ede71b0d389f27a5c6',99,'Y',0,0,101,1570161477,1570420677,NULL,'6645950420516168590243664012139050103582340605049606538179486657157011191163'),(85,'1ee77618b9e4f7651381e2ede71b0d389f27a5c6',111,'Y',0,0,2,1570179328,1570438528,NULL,'92687763983806040983803444279442149258857052710705513092270328014929923031005'),(86,'1ee77618b9e4f7651381e2ede71b0d389f27a5c6',112,'Y',0,0,120,1570409499,1570668699,NULL,'89914898050748955727903146784266903008141637026068975883035578913253750460834'),(87,'1ee77618b9e4f7651381e2ede71b0d389f27a5c6',113,'Y',0,0,110,1570501375,1570760575,NULL,'42710263291877482358491498736975928918410428485570801796174199043992950282558'),(88,'1ee77618b9e4f7651381e2ede71b0d389f27a5c6',114,'Y',0,0,20,1570509939,1570769139,NULL,'32092782669496490116144154589229483702631583353381694329139296422572416412018'),(89,'1ee77618b9e4f7651381e2ede71b0d389f27a5c6',115,'Y',0,0,30,1570518260,1570777460,NULL,'2407398306520120831739495768661685835632498049967007851433570909623932831204'),(90,'1ee77618b9e4f7651381e2ede71b0d389f27a5c6',117,'Y',0,0,20,1570670949,1570930149,NULL,'93358842907478372797098391370220920412643758030569214893259439111529373727087'),(91,'1ee77618b9e4f7651381e2ede71b0d389f27a5c6',112,'Y',0,0,120,1570671541,1570930741,NULL,'15489283854582079414153820753752812094088086784110915911685680039447114240046'),(92,'1ee77618b9e4f7651381e2ede71b0d389f27a5c6',118,'Y',0,0,100,1570692813,1570952013,NULL,'257711587490682274861791554119673540116843785199833894485280677058355223791'),(93,'1ee77618b9e4f7651381e2ede71b0d389f27a5c6',118,'Y',0,0,100,1571017637,1571276837,NULL,'100795631231050596166291242383823780826982610055230004835335936899527008436568'),(94,'1ee77618b9e4f7651381e2ede71b0d389f27a5c6',119,'Y',0,0,30,1571103045,1571362245,NULL,'44839784657886801120951021789054500945935631871617286989013423187543263140778'),(95,'1ee77618b9e4f7651381e2ede71b0d389f27a5c6',120,'Y',0,0,3,1571103199,1571362399,NULL,'44379509058349437854129014343467680338789237013957807945118898118693399370042'),(96,'1ee77618b9e4f7651381e2ede71b0d389f27a5c6',121,'Y',0,0,30,1571104797,1571363997,NULL,'46419421252335673269659722169310079042347906788621264964064642236304487790995'),(97,'1ee77618b9e4f7651381e2ede71b0d389f27a5c6',122,'Y',0,0,30,1571105299,1571364499,NULL,'2988759545263273883942954416982976619340262757678085266259766745175099951691'),(98,'9bcecd9085fae8fa787ac3f3bd3c2f25a90e0610',123,'Y',0,0,10001,1571121592,1571380792,NULL,'12848732725909978956270673617390177117753620781064545058040492611606693136166'),(99,'1ee77618b9e4f7651381e2ede71b0d389f27a5c6',124,'Y',0,0,20,1571122843,1571382043,NULL,'13732188938395248170607249504992827341048204942831356520875388031414313338481'),(100,'1ee77618b9e4f7651381e2ede71b0d389f27a5c6',127,'Y',0,0,30,1571203442,1571462642,NULL,'26951744878725429649010811872817576897765729814602279269710305754069981087366'),(101,'1ee77618b9e4f7651381e2ede71b0d389f27a5c6',126,'Y',0,0,30,1571203465,1571462665,NULL,'39679114653266582122662459420477453020324014206381874998284633095485814850870'),(102,'1ee77618b9e4f7651381e2ede71b0d389f27a5c6',125,'Y',0,0,20,1571203486,1571462686,NULL,'108185366687897080898316722647499846664054479217325458619479766816145379411835'),(103,'1ee77618b9e4f7651381e2ede71b0d389f27a5c6',129,'Y',0,0,150,1571280827,1571540027,NULL,'56938746078698426372981426454196084807965839675967514366758572991343112853943'),(104,'1ee77618b9e4f7651381e2ede71b0d389f27a5c6',130,'Y',0,0,30,1571288865,1571548065,NULL,'85476966448249993084793769625486122413983336129329676336521127574405184029897'),(105,'1ee77618b9e4f7651381e2ede71b0d389f27a5c6',131,'Y',0,0,10,1571289315,1571548515,NULL,'61103358835454898407425700220657426246961794057400688438032168847985928489186'),(106,'9bcecd9085fae8fa787ac3f3bd3c2f25a90e0610',133,'Y',0,0,101,1571296164,1571555364,NULL,'96429671760001007885810825062265627265741670333555492651391863257266498575714'),(107,'1ee77618b9e4f7651381e2ede71b0d389f27a5c6',135,'Y',0,0,50,1571362856,1571622056,NULL,'43512419543660765643602300269741817303953284272149613032212504444281808097519'),(108,'1ee77618b9e4f7651381e2ede71b0d389f27a5c6',137,'Y',0,0,101,1571399358,1571658558,NULL,'98204607126264951668597803696636144144568235635982763119057355445759692379561'),(109,'1ee77618b9e4f7651381e2ede71b0d389f27a5c6',138,'Y',0,0,101,1571402900,1571662100,NULL,'36974641513240917964559178753800240396876200206156308829688868460944285611372'),(110,'1ee77618b9e4f7651381e2ede71b0d389f27a5c6',139,'Y',0,0,101,1571625594,1571884794,NULL,'105193517181611099577426745836264379926771761921917520750016688414934850556587'),(111,'1ee77618b9e4f7651381e2ede71b0d389f27a5c6',140,'Y',0,0,110,1571640700,1571899900,NULL,'18742919229183847123566822970194195063788719238685321043179867587130571191995'),(112,'1ee77618b9e4f7651381e2ede71b0d389f27a5c6',141,'Y',0,0,50,1571641384,1571900584,NULL,'1725679130300666341792643560813233590364951217718436064133879663430807878190'),(113,'1ee77618b9e4f7651381e2ede71b0d389f27a5c6',142,'Y',0,0,200,1571641483,1571900683,NULL,'22944512760956254524125561712804866201126282051392385487790664116914133734927'),(114,'1ee77618b9e4f7651381e2ede71b0d389f27a5c6',142,'Y',0,0,200,1571641486,1571900686,NULL,'27236215139972303582567839652180792746401377142068140577292142154713606298604'),(115,'1ee77618b9e4f7651381e2ede71b0d389f27a5c6',143,'Y',0,0,200,1571643134,1571902334,NULL,'13188615778925466635764611142999388911751700465862526721277352265046290389707'),(116,'1ee77618b9e4f7651381e2ede71b0d389f27a5c6',144,'Y',0,0,200,1571644952,1571904152,NULL,'104380595715465745879649817017917796366380711828118492519016513442725702543599'),(117,'1ee77618b9e4f7651381e2ede71b0d389f27a5c6',138,'Y',0,0,101,1571721879,1571981079,NULL,'100093111396515915206427048915637241574381382787199485261507965967030996133560'),(118,'1ee77618b9e4f7651381e2ede71b0d389f27a5c6',145,'Y',0,0,100,1571724619,1571983819,NULL,'106468851981826446793477968221541476482541416244763273352951710257891192124927'),(119,'1ee77618b9e4f7651381e2ede71b0d389f27a5c6',146,'Y',0,0,101,1571967760,1572226960,NULL,'77979279836196323250047470770162712514587225235428895372499303783461313019878'),(120,'9bcecd9085fae8fa787ac3f3bd3c2f25a90e0610',146,'Y',0,0,101,1571968000,1572227200,NULL,'38914077474727492178855276503979165779784478772811860633464416377640910214704'),(121,'1ee77618b9e4f7651381e2ede71b0d389f27a5c6',147,'Y',0,0,200,1571968320,1572227520,NULL,'8232314742572434860893805743652075093028959371057738878457153736394904537039'),(122,'1ee77618b9e4f7651381e2ede71b0d389f27a5c6',148,'Y',0,0,200,1571969488,1572228688,NULL,'11750016281152432272164075032776874325728630930901200811170836280474970135107'),(123,'1ee77618b9e4f7651381e2ede71b0d389f27a5c6',151,'Y',0,0,200,1571971337,1572230537,NULL,'15815105849085423380093405573818184310977245937497431392345284562983136134349'),(124,'1ee77618b9e4f7651381e2ede71b0d389f27a5c6',152,'Y',0,0,150,1572844066,1573103266,NULL,'9002311096591970846134734301925804626906707854155179558095421188535088930193'),(125,'1ee77618b9e4f7651381e2ede71b0d389f27a5c6',154,'Y',0,0,101,1572846843,1573106043,NULL,'28425176824641792639318958354135759078234945772168848628151778228929847225020'),(126,'9bcecd9085fae8fa787ac3f3bd3c2f25a90e0610',160,'Y',0,0,1000,1573102870,1573362070,NULL,'91772229817291252308502071945403159471690465013784733117552167833946678157651'),(127,'1ee77618b9e4f7651381e2ede71b0d389f27a5c6',161,'Y',0,0,200,1573102916,1573362116,NULL,'97540440686325653700866679997747964464091037728801058652849376596659700322275'),(128,'1ee77618b9e4f7651381e2ede71b0d389f27a5c6',162,'Y',0,0,101,1573103094,1573362294,NULL,'58143530474562526757084405225064718652456722629115251843783376774224743256520'),(129,'1ee77618b9e4f7651381e2ede71b0d389f27a5c6',163,'Y',0,0,200,1573103195,1573362395,NULL,'53037005309541656126507242922604561574303661906991949656630719259418907799933'),(130,'9bcecd9085fae8fa787ac3f3bd3c2f25a90e0610',164,'Y',0,0,200,1573104935,1573364135,NULL,'36623508245788289378567413115852838155419238865969017656383005000440005715580'),(131,'1ee77618b9e4f7651381e2ede71b0d389f27a5c6',170,'Y',0,0,200,1573105077,1573364277,NULL,'68273785212827448592417901953874218470750910048787112323841346533213106833632'),(132,'1ee77618b9e4f7651381e2ede71b0d389f27a5c6',166,'Y',0,0,200,1573105139,1573364339,NULL,'45119887634155127737884748236345927010845776789261656782507794329530335726583'),(133,'1ee77618b9e4f7651381e2ede71b0d389f27a5c6',168,'Y',0,0,300,1573105186,1573364386,NULL,'16203167623185428881208152054973591919714553669697189226251331636955948128075'),(134,'1ee77618b9e4f7651381e2ede71b0d389f27a5c6',169,'Y',0,0,300,1573105203,1573364403,NULL,'67800692804145528968874236341567105366750031757600361906035322122147188746453'),(135,'1ee77618b9e4f7651381e2ede71b0d389f27a5c6',167,'Y',0,0,200,1573105300,1573364500,NULL,'67851547986744422325720754919305853534276166137344017568865323349874465181053'),(136,'1ee77618b9e4f7651381e2ede71b0d389f27a5c6',165,'Y',0,0,200,1573105323,1573364523,NULL,'90436885707217585288366750943353788742725516118836407011428990101834080580093'),(137,'1ee77618b9e4f7651381e2ede71b0d389f27a5c6',171,'Y',0,0,200,1573105852,1573365052,NULL,'44178132528692046901361040645998085702281651822304079401639581416673226196503'),(138,'1ee77618b9e4f7651381e2ede71b0d389f27a5c6',173,'Y',0,0,200,1573109966,1573369166,NULL,'62240638260511506414559394115674522689421467792613278370930447269589014417223'),(139,'1ee77618b9e4f7651381e2ede71b0d389f27a5c6',172,'Y',0,0,200,1573110004,1573369204,NULL,'14799026481810724103235759951086467052734174072629106951259664123953806411053'),(140,'1ee77618b9e4f7651381e2ede71b0d389f27a5c6',174,'Y',0,0,101,1573110455,1573369655,NULL,'60216894164380641575357072071211956886665109136043859963493408699006953827110'),(141,'1ee77618b9e4f7651381e2ede71b0d389f27a5c6',176,'Y',0,0,101,1573110517,1573369717,NULL,'64337358426185793669848721995323397316607555145427266546505216919620623254518'),(142,'1ee77618b9e4f7651381e2ede71b0d389f27a5c6',175,'Y',0,0,101,1573110534,1573369734,NULL,'44662767360448783454919659622900932071639658654242152013030456548077582175889'),(143,'1ee77618b9e4f7651381e2ede71b0d389f27a5c6',178,'Y',0,0,300,1573113381,1573372581,NULL,'50732029165615144082149427980277291051596902981788066707286840858584583019270'),(144,'1ee77618b9e4f7651381e2ede71b0d389f27a5c6',179,'Y',0,0,200,1573175778,1573434978,NULL,'41631988450332046969955988813167930676447424823687850681172698581672858787421'),(145,'1ee77618b9e4f7651381e2ede71b0d389f27a5c6',180,'Y',0,0,200,1573175795,1573434995,NULL,'50284333471020247276370497908886481549024762666339885311629684986949923937404'),(146,'1ee77618b9e4f7651381e2ede71b0d389f27a5c6',181,'Y',0,0,200,1573175820,1573435020,NULL,'2446561229363409846882135648712655105930756741510004753906988962530713369804'),(147,'1ee77618b9e4f7651381e2ede71b0d389f27a5c6',182,'Y',0,0,101,1573449488,1573708688,NULL,'101291214469339958702780056933370381681154712544858467786655679823530922840995'),(148,'1ee77618b9e4f7651381e2ede71b0d389f27a5c6',193,'Y',0,0,300,1573623980,1573883180,NULL,'7845773666095564392754446359506067860795473565435043312481647746537851113583'),(149,'1ee77618b9e4f7651381e2ede71b0d389f27a5c6',194,'Y',0,0,500,1573625596,1573884796,NULL,'73354681071047363442699314184277824103290034875183277943077597668655771285554'),(150,'1ee77618b9e4f7651381e2ede71b0d389f27a5c6',191,'Y',0,0,200,1573625813,1573885013,NULL,'85072378771667095128869715862372238276512810021303107059202506981491587370203'),(151,'1ee77618b9e4f7651381e2ede71b0d389f27a5c6',185,'Y',0,0,280,1573625836,1573885036,NULL,'17803530951988742792923878426424146248211079825306626806012281464668400498769'),(152,'1ee77618b9e4f7651381e2ede71b0d389f27a5c6',192,'Y',0,0,200,1573626205,1573885405,NULL,'36907095814565835447823597129520597907829049421589498520160785187773169760617'),(153,'1ee77618b9e4f7651381e2ede71b0d389f27a5c6',195,'Y',0,0,211,1573628083,1573887283,NULL,'74957187188181162191174229647156211634966764645556767664681696232277369836140'),(154,'1ee77618b9e4f7651381e2ede71b0d389f27a5c6',197,'Y',0,0,200,1573693854,1573953054,NULL,'40091651667864351985306313524517040059950681837463764099294415168546194455924'),(155,'1ee77618b9e4f7651381e2ede71b0d389f27a5c6',198,'Y',0,0,300,1573695499,1573954699,NULL,'91780119210977851884881951071555867184778269343536332024061854809139143267454'),(156,'9bcecd9085fae8fa787ac3f3bd3c2f25a90e0610',195,'Y',0,0,211,1573710874,1573970074,NULL,'41616891762690559317766550856291324065814028026437602791065290909790615863665'),(157,'1ee77618b9e4f7651381e2ede71b0d389f27a5c6',199,'Y',0,0,300,1573715534,1573974734,NULL,'114494509269499648874329344779371905179655986126466408564988936697926139301001'),(158,'1ee77618b9e4f7651381e2ede71b0d389f27a5c6',200,'Y',0,0,120,1574225791,1574484991,NULL,'112420100410043312621858983121832442587032599396117330903142404564483863827374'),(159,'1ee77618b9e4f7651381e2ede71b0d389f27a5c6',201,'Y',0,0,200,1574405521,1574664721,NULL,'105382246245950544611018852322530535983133256805166423051464387768740858247976'),(160,'1ee77618b9e4f7651381e2ede71b0d389f27a5c6',198,'Y',0,0,300,1574405888,1574665088,NULL,'73857739987296884037363860447463822002261669660504962794182742511681187087655'),(161,'1ee77618b9e4f7651381e2ede71b0d389f27a5c6',202,'Y',0,0,500,1574406362,1574665562,NULL,'63278102951309593460788986405460858743786354007784459830741238791897568489332'),(162,'1ee77618b9e4f7651381e2ede71b0d389f27a5c6',203,'Y',0,0,300,1574408146,1574667346,NULL,'113770974446534181024341793637215341386753475325708448303475491609002968131224'),(163,'1ee77618b9e4f7651381e2ede71b0d389f27a5c6',204,'Y',0,0,200,1574644460,1574903660,NULL,'16093825385167230852760058426350903662895367277134604095607033788739776738968'),(164,'1ee77618b9e4f7651381e2ede71b0d389f27a5c6',205,'Y',0,0,400,1574645552,1574904752,NULL,'39012281799296321178974679793187710173596118104863589213802710491167823928243'),(165,'1ee77618b9e4f7651381e2ede71b0d389f27a5c6',207,'Y',0,0,300,1574647573,1574906773,NULL,'102992898367357075304643667509601675382397890627539584485584911662626189951566'),(166,'1ee77618b9e4f7651381e2ede71b0d389f27a5c6',206,'Y',0,0,300,1574647680,1574906880,NULL,'111876968999441886406406062489337853551821669356489021802659471925092018903848'),(167,'1ee77618b9e4f7651381e2ede71b0d389f27a5c6',208,'Y',0,0,200,1574648051,1574907251,NULL,'48693040367381181938824967582957318401942078270326586207299957024363933280124'),(168,'1ee77618b9e4f7651381e2ede71b0d389f27a5c6',210,'Y',0,0,300,1574649847,1574909047,NULL,'106517370316360671818735877109934618402953948109034413020519002914073158723879'),(169,'1ee77618b9e4f7651381e2ede71b0d389f27a5c6',209,'Y',0,0,300,1574649862,1574909062,NULL,'95132350979830719678547343340761309598778606526649452812719502365520233000499'),(170,'1ee77618b9e4f7651381e2ede71b0d389f27a5c6',211,'Y',0,0,200,1574656496,1574915696,NULL,'87005546296182599841065413485890364764925825088144183176243648619406146832500'),(171,'1ee77618b9e4f7651381e2ede71b0d389f27a5c6',213,'Y',0,0,101,1576569532,1576828732,NULL,'56142752009920036016320073199085102390970655490482140383508075039770022367049'),(172,'1ee77618b9e4f7651381e2ede71b0d389f27a5c6',210,'Y',0,0,300,1578984601,1579243801,NULL,'69256751581700468109344940496264329143027511068462698428701955790352394592562'),(173,'1ee77618b9e4f7651381e2ede71b0d389f27a5c6',206,'Y',0,0,300,1578984628,1579243828,NULL,'45075579750633497119418477607089683249822179450957897683910405258153721310400'),(174,'1ee77618b9e4f7651381e2ede71b0d389f27a5c6',207,'Y',0,0,300,1578985635,1579244835,NULL,'115182345862073496589427109323775447400011602788320614923499416581483872988147'),(175,'1ee77618b9e4f7651381e2ede71b0d389f27a5c6',191,'Y',0,0,200,1578985764,1579244964,NULL,'77075848458399412000650413599089255324210847158808773117673388537218280749169'),(176,'1ee77618b9e4f7651381e2ede71b0d389f27a5c6',192,'Y',0,0,200,1578986434,1579245634,NULL,'115312612524376492400789341269080764843506227347524754077288008092421979601608'),(177,'1ee77618b9e4f7651381e2ede71b0d389f27a5c6',209,'Y',0,0,300,1579048408,1579307608,NULL,'14548005207669878664472369358853751035853021995845128055043424561114194198696');
/*!40000 ALTER TABLE `LOG_PURCHASE` ENABLE KEYS */;
UNLOCK TABLES;

--
-- Table structure for table `MANAGER_INFO`
--

DROP TABLE IF EXISTS `MANAGER_INFO`;
/*!40101 SET @saved_cs_client     = @@character_set_client */;
/*!40101 SET character_set_client = utf8 */;
CREATE TABLE `MANAGER_INFO` (
  `manager_info_id` int(10) unsigned NOT NULL AUTO_INCREMENT,
  `state` smallint(5) unsigned NOT NULL DEFAULT '0' COMMENT '0:대기/1:승인/2:일시정지',
  `manager_id` varchar(50) NOT NULL,
  `manager_pwd` varchar(50) NOT NULL,
  `level` smallint(6) NOT NULL DEFAULT '1' COMMENT '1:일반/9:최고관리자',
  `del_yn` char(1) NOT NULL DEFAULT 'N',
  `create_datetime` datetime NOT NULL,
  `nickname` varchar(20) NOT NULL,
  `user_info_id` int(11) unsigned NOT NULL,
  PRIMARY KEY (`manager_info_id`),
  KEY `state_index` (`state`),
  KEY `manager_id_index` (`manager_id`),
  KEY `del_yn_index` (`del_yn`)
) ENGINE=InnoDB AUTO_INCREMENT=3 DEFAULT CHARSET=utf8;
/*!40101 SET character_set_client = @saved_cs_client */;

--
-- Dumping data for table `MANAGER_INFO`
--

LOCK TABLES `MANAGER_INFO` WRITE;
/*!40000 ALTER TABLE `MANAGER_INFO` DISABLE KEYS */;
INSERT INTO `MANAGER_INFO` VALUES (2,1,'c7cf04aa9a7a6d548e6d1dac8f7401f4a36ad32b','YmVydVBsSmN6a1kwK2ZIQWtzMUZGUT09',9,'N','2019-10-01 14:56:36','관리자',1);
/*!40000 ALTER TABLE `MANAGER_INFO` ENABLE KEYS */;
UNLOCK TABLES;

--
-- Table structure for table `SITE_CONFIG`
--

DROP TABLE IF EXISTS `SITE_CONFIG`;
/*!40101 SET @saved_cs_client     = @@character_set_client */;
/*!40101 SET character_set_client = utf8 */;
CREATE TABLE `SITE_CONFIG` (
  `sp_account_id` varchar(50) NOT NULL,
  `sp_account_pwd` varchar(50) NOT NULL
) ENGINE=InnoDB DEFAULT CHARSET=utf8;
/*!40101 SET character_set_client = @saved_cs_client */;

--
-- Dumping data for table `SITE_CONFIG`
--

LOCK TABLES `SITE_CONFIG` WRITE;
/*!40000 ALTER TABLE `SITE_CONFIG` DISABLE KEYS */;
/*!40000 ALTER TABLE `SITE_CONFIG` ENABLE KEYS */;
UNLOCK TABLES;

--
-- Table structure for table `USER_INFO`
--

DROP TABLE IF EXISTS `USER_INFO`;
/*!40101 SET @saved_cs_client     = @@character_set_client */;
/*!40101 SET character_set_client = utf8 */;
CREATE TABLE `USER_INFO` (
  `user_info_id` int(10) unsigned NOT NULL AUTO_INCREMENT,
  `state` tinyint(4) NOT NULL DEFAULT '0' COMMENT '0:인증대기/1:정상/8:본인탈퇴/9:관리자탈퇴',
  `account` varchar(100) NOT NULL,
  `password_hash` varchar(100) NOT NULL,
  `email` varchar(100) NOT NULL,
  `create_ip` varchar(15) NOT NULL,
  `update_datetime` datetime NOT NULL,
  `create_datetime` datetime NOT NULL,
  `level` int(2) NOT NULL DEFAULT '1',
  `is_adult` enum('Y','N') NOT NULL DEFAULT 'N' COMMENT '성인여부',
  PRIMARY KEY (`user_info_id`),
  KEY `state_index` (`state`),
  KEY `account_hash_index` (`account`),
  KEY `email_index` (`email`)
) ENGINE=InnoDB AUTO_INCREMENT=54 DEFAULT CHARSET=utf8;
/*!40101 SET character_set_client = @saved_cs_client */;

--
-- Dumping data for table `USER_INFO`
--

LOCK TABLES `USER_INFO` WRITE;
/*!40000 ALTER TABLE `USER_INFO` DISABLE KEYS */;
INSERT INTO `USER_INFO` VALUES (1,1,'c7cf04aa9a7a6d548e6d1dac8f7401f4a36ad32b','sha256:12000::rxjKQxTeNUjbWGRzljiO9qvIsyaaNHwh','admin@circler.co.kr','221.150.45.93','2019-08-19 16:12:46','2019-08-19 16:06:05',9,'N'),(16,1,'87ff0e0c6bfef3680d18477b05de737aff2ca686','sha256:12000::IodTgT7XGI6hwL5qHYRqI8eWZ8+svPre','pi70545@naver.com','59.6.177.249','2019-05-03 14:03:01','2019-05-03 14:02:38',1,'N'),(29,1,'1ee77618b9e4f7651381e2ede71b0d389f27a5c6','sha256:12000::rxjKQxTeNUjbWGRzljiO9qvIsyaaNHwh','mummymaster@naver.com','221.150.45.93','2019-08-19 16:12:46','2019-08-19 16:06:05',1,'N'),(30,1,'fd56be3571d570188e8ff34f7428901283454af0','sha256:12000::rxjKQxTeNUjbWGRzljiO9qvIsyaaNHwh','jansorijange@nate.com','221.150.45.93','2019-08-21 14:06:15','2019-08-21 13:24:28',1,'N'),(31,1,'9adb1aed0964484ff5ebb7e511773af1f2b25026','sha256:12000::IodTgT7XGI6hwL5qHYRqI8eWZ8+svPre','jinseok1203@naver.com','221.150.45.93','2019-08-23 18:00:32','2019-08-23 17:57:00',1,'N'),(37,1,'4a4d790a9f2e6703ef01b7d6bdf106bcc28b463e','sha256:12000::FCsvSEuwc6WTtevRGWslt2J57zD074ig','kimhg@markany.com','203.229.154.129','2019-10-14 14:55:27','2019-10-14 14:48:32',1,'N'),(39,1,'9bcecd9085fae8fa787ac3f3bd3c2f25a90e0610','','bigbell2000@naver.com','39.115.145.162','2019-10-25 10:45:42','2019-10-25 10:44:46',1,'N'),(52,1,'cf286741ef9ecac08209471a004bcb00d6d7f88a','sha256:12000::IodTgT7XGI6hwL5qHYRqI8eWZ8+svPre','wlsrnttit@naver.com','221.150.45.93','2019-11-25 15:59:11','2019-11-25 15:58:17',1,'N'),(53,0,'','','dksrmsdn91@naver.com','203.229.154.129','2020-01-14 17:37:12','2020-01-14 17:37:12',1,'N');
/*!40000 ALTER TABLE `USER_INFO` ENABLE KEYS */;
UNLOCK TABLES;

--
-- Table structure for table `_CONTENTS`
--

DROP TABLE IF EXISTS `_CONTENTS`;
/*!40101 SET @saved_cs_client     = @@character_set_client */;
/*!40101 SET character_set_client = utf8 */;
CREATE TABLE `_CONTENTS` (
  `contents_id` int(11) unsigned NOT NULL AUTO_INCREMENT COMMENT '고유번호',
  `cate1` varchar(10) NOT NULL COMMENT '대분류',
  `cate2` varchar(10) NOT NULL COMMENT '중분류',
  `userid` varchar(100) NOT NULL COMMENT '판매자아이디',
  `nickname` varchar(50) NOT NULL COMMENT '판매자닉네임',
  `lv` tinyint(1) NOT NULL DEFAULT '0' COMMENT '등급',
  `title` varchar(255) NOT NULL COMMENT '제목',
  `contents` text NOT NULL COMMENT '내용',
  `is_folder` enum('Y','N') NOT NULL DEFAULT 'N' COMMENT '폴더인지',
  `folder_name` varchar(255) DEFAULT NULL COMMENT '폴더명 또는 파일명',
  `size` bigint(20) NOT NULL DEFAULT '0' COMMENT '파일사이즈',
  `cash` int(11) unsigned NOT NULL DEFAULT '0' COMMENT '판매금액',
  `is_adult` enum('Y','N') NOT NULL DEFAULT 'N' COMMENT '성인여부',
  `is_rights` enum('Y','N') NOT NULL DEFAULT 'N' COMMENT '제휴컨텐츠',
  `purchase` int(11) unsigned NOT NULL DEFAULT '0' COMMENT '판매수',
  `down` int(11) unsigned NOT NULL DEFAULT '0' COMMENT '다운수',
  `eva` int(11) unsigned NOT NULL DEFAULT '0' COMMENT '평가횟수',
  `score` int(11) unsigned NOT NULL DEFAULT '0' COMMENT '평가점수',
  `comment` int(11) unsigned NOT NULL DEFAULT '0' COMMENT '댓글갯수',
  `color` varchar(255) NOT NULL COMMENT '제목컬러',
  `bold` enum('Y','N') NOT NULL DEFAULT 'N' COMMENT '볼드여부',
  `thumb` varchar(255) NOT NULL COMMENT '썸네일',
  `state` mediumint(8) unsigned NOT NULL DEFAULT '0' COMMENT '0:업로드중 1:패키지중 2:다운로드대기 , 99:완료',
  `wdate` int(11) unsigned NOT NULL DEFAULT '0' COMMENT '등록일',
  `edate` int(11) unsigned NOT NULL DEFAULT '0' COMMENT '만료일',
  `sdate` int(10) unsigned NOT NULL DEFAULT '0' COMMENT '상태변경일',
  `sort` int(11) unsigned NOT NULL DEFAULT '0' COMMENT '정렬',
  `init_key` varchar(100) NOT NULL COMMENT 'next_val key값',
  PRIMARY KEY (`contents_id`),
  KEY `cate1_index` (`cate1`),
  KEY `userid_index` (`userid`),
  KEY `state_index` (`state`),
  KEY `wdate_index` (`wdate`),
  KEY `edate_index` (`edate`),
  KEY `sdate_index` (`sdate`),
  KEY `sort_index` (`sort`),
  KEY `init_key_index` (`init_key`)
) ENGINE=InnoDB AUTO_INCREMENT=366 DEFAULT CHARSET=utf8 COMMENT='컨텐츠리스트';
/*!40101 SET character_set_client = @saved_cs_client */;

--
-- Dumping data for table `_CONTENTS`
--

LOCK TABLES `_CONTENTS` WRITE;
/*!40000 ALTER TABLE `_CONTENTS` DISABLE KEYS */;
INSERT INTO `_CONTENTS` VALUES (48,'','','test','',0,'111','2222','N','',279898606,0,'N','N',0,0,0,0,0,'','N','',0,1560303131,0,0,1,'8b9da9d2-6d80-4792-bfc3-561510'),(49,'','','test','',0,'111','11111','Y','C:\\Users\\super\\Desktop\\mv',614739620,0,'N','N',0,0,0,0,0,'','N','',0,1560303204,0,0,1,'7a11f278-10fc-4c97-801e-1bff50'),(50,'','','test','',0,'가나다','가나다','N','',2602,0,'N','N',0,0,0,0,0,'','N','',0,1560304733,0,0,1,'fe7e64cd-6ea1-4e3b-a46b-2984dd'),(51,'','','test','',0,'가나다','가나다','N','',2602,0,'N','N',0,0,0,0,0,'','N','',0,1560304779,0,0,1,'432bcf54-e816-4ecb-a377-8b7629'),(52,'','','test','',0,'가나다','가나다','N','',8451,0,'N','N',0,0,0,0,0,'','N','',0,1560305317,0,0,1,'e060b3f5-5ea4-4d77-8561-edaa96'),(53,'','','test','',0,'가나다','가나다','N','',2602,0,'N','N',0,0,0,0,0,'','N','',0,1560305363,0,0,1,'4694aa3e-c06a-47d8-9c7a-ab2d68'),(54,'','','test','',0,'가나다','가나다','N','',2602,0,'N','N',0,0,0,0,0,'','N','',0,1560305430,0,0,1,'c86f9c41-ad21-479b-a832-7b3aa2'),(55,'','','test','',0,'가나다','가나다','N','',2602,0,'N','N',0,0,0,0,0,'','N','',0,1560305454,0,0,1,'3838b057-dc0f-4af1-916c-cc61db'),(56,'','','test','',0,'가나다','가나다','N','',2602,0,'N','N',0,0,0,0,0,'','N','',0,1560305782,0,0,1,'a8fcdcaa-eb5a-476d-9e4d-511211'),(57,'','','test','',0,'가나다','가나다','N','',2602,0,'N','N',0,0,0,0,0,'','N','',0,1560305813,0,0,1,'76bfdb62-e459-44fa-a03c-98b34d'),(58,'','','test','',0,'가나다','가나다','N','',2602,0,'N','N',0,0,0,0,0,'','N','',0,1560306076,0,0,1,'664968fa-62a3-4e6a-a14c-b67096'),(59,'','','test','',0,'가나다','가나다','N','',2602,0,'N','N',0,0,0,0,0,'','N','',0,1560306309,0,0,1,'a2569e68-2a39-45aa-a466-606988'),(60,'','','test','',0,'가나다','가나다','N','',2602,0,'N','N',0,0,0,0,0,'','N','',0,1560306747,0,0,1,'f51e8b6a-96b5-40b9-b718-2119f9'),(61,'','','test','',0,'가나다','가','N','',2602,0,'N','N',0,0,0,0,0,'','N','',0,1560306899,0,0,1,'18c947df-d1dd-4e69-9798-f7190b'),(62,'','','test','',0,'가나다','가','N','',2602,0,'N','N',0,0,0,0,0,'','N','',0,1560307383,0,0,1,'02a10085-4522-4654-bed7-4d2142'),(63,'','','test','',0,'가나다','가','N','',2602,0,'N','N',0,0,0,0,0,'','N','',0,1560307434,0,0,1,'7f058fe4-c9f4-470f-9cf0-74bc40'),(64,'','','test','',0,'가나다','가','N','',2602,0,'N','N',0,0,0,0,0,'','N','',0,1560307487,0,0,1,'548467a2-c259-4145-8e71-2cfdfe'),(65,'','','test','',0,'가나다','ㅇ','N','',2602,0,'N','N',0,0,0,0,0,'','N','',0,1560307676,0,0,1,'27ba7fdc-7315-4f7e-899c-4222c4'),(66,'','','test','',0,'가나다','ㅁㅇ','N','',2602,0,'N','N',0,0,0,0,0,'','N','',0,1560307730,0,0,1,'2997c177-0954-4ec3-b67a-da5422'),(67,'','','test','',0,'가나다','가나다','Y','C:\\API\\v0.1',285842,0,'N','N',0,0,0,0,0,'','N','',0,1560308092,0,0,1,'81d80dfc-8b26-4977-9edb-704867'),(68,'','','test','',0,'가나다','fdfsfs','Y','C:\\API\\v0.1',285842,0,'N','N',0,0,0,0,0,'','N','',0,1560308179,0,0,1,'46d711db-c371-48f8-87c7-bd8c5d'),(69,'','','test','',0,'가나다','sdfsdfs','Y','C:\\API\\v0.1',285842,0,'N','N',0,0,0,0,0,'','N','',0,1560308236,0,0,1,'82b05696-8fb2-432c-8efe-4e1976'),(70,'','','test','',0,'sfdsd','fsdfsdf','Y','C:\\API\\v0.1',285842,0,'N','N',0,0,0,0,0,'','N','',0,1560308314,0,0,1,'3089b7c2-307e-4b78-8b75-58a040'),(71,'','','test','',0,'가나다','asdasd','Y','C:\\API\\v0.1',285842,0,'N','N',0,0,0,0,0,'','N','',0,1560308362,0,0,1,'8ee654a6-b9c5-4bd6-81f8-376d40'),(72,'','','test','',0,'가나다','sdfsf','Y','C:\\API\\v0.1',285842,0,'N','N',0,0,0,0,0,'','N','',0,1560308414,0,0,1,'c21a1c84-208c-4e3d-95a1-19ef63'),(73,'','','test','',0,'가나다','asdasda','Y','C:\\API\\v0.1',285842,0,'N','N',0,0,0,0,0,'','N','',0,1560308475,0,0,1,'c2fdac00-a479-436e-99b8-a6134b'),(74,'','','test','',0,'가나다','dadsa','Y','C:\\API\\v0.1',285842,0,'N','N',0,0,0,0,0,'','N','',0,1560308903,0,0,1,'314e1f59-76e3-4c5b-a9b4-4b19fc'),(75,'','','test','',0,'가나다','dsada','N','',2602,0,'N','N',0,0,0,0,0,'','N','',0,1560309043,0,0,1,'790874f1-3aa4-4264-8b30-b3e510'),(76,'','','test','',0,'가가가','가가가','N','',2602,0,'N','N',0,0,0,0,0,'','N','',0,1560310359,0,0,1,'9cd6f9d8-3e59-45e4-9e33-f90155'),(77,'','','test','',0,'가나다','가가가','N','',2602,0,'N','N',0,0,0,0,0,'','N','',0,1560310430,0,0,1,'c775572e-b979-4583-93d0-da4f84'),(78,'','','test','',0,'가가가','가각','N','',2602,0,'N','N',0,0,0,0,0,'','N','',0,1560310506,0,0,1,'f4b473c1-4dfb-4b7f-ac60-c3fd60'),(79,'','','test','',0,'가가가','가가가','N','',2602,0,'N','N',0,0,0,0,0,'','N','',0,1560310595,0,0,1,'e284dda5-31d9-4c3a-bd4f-6ec42c'),(80,'','','test','',0,'가가가','가가가','N','',2602,0,'N','N',0,0,0,0,0,'','N','',0,1560310662,0,0,1,'9cfbd9ef-9f6e-4005-adb3-744ca7'),(81,'','','test','',0,'가가가','가가가','N','',2602,0,'N','N',0,0,0,0,0,'','N','',0,1560311035,0,0,1,'c7ff0045-0df9-408b-96a6-933361'),(82,'','','test','',0,'가가가','가가가','N','',2602,0,'N','N',0,0,0,0,0,'','N','',0,1560311062,0,0,1,'e78fa5a8-930f-4444-9b97-8bcfd2'),(83,'','','test','',0,'가가가','가가가','N','',2602,0,'N','N',0,0,0,0,0,'','N','',0,1560311087,0,0,1,'9f73639e-d410-441c-9794-f49265'),(84,'','','test','',0,'가가가','가가가','N','',2602,0,'N','N',0,0,0,0,0,'','N','',0,1560311178,0,0,1,'1673e7e5-d53e-404b-94c6-9bed74'),(85,'','','test','',0,'가가가','가가가','N','',2602,0,'N','N',0,0,0,0,0,'','N','',0,1560311255,0,0,1,'4336261a-8fb9-45ba-926a-f0fa25'),(86,'','','test','',0,'가가가','각가ㅏㄱ','N','',24720,0,'N','N',0,0,0,0,0,'','N','',0,1560311311,0,0,1,'ca9f95c0-0993-43d8-aac1-df0630'),(87,'','','test','',0,'ㄴㅇㄹㄴㅇㄹㄴ','ㄹㄴㅇㄹㄴㅇ','N','',2602,0,'N','N',0,0,0,0,0,'','N','',0,1560311495,0,0,1,'7806637a-f5b5-4b91-9628-ed0147'),(88,'','','test','',0,'가가가','가가가','N','',2602,0,'N','N',0,0,0,0,0,'','N','',0,1560311548,0,0,1,'1256a3a5-80b7-43ce-b38b-f18ec4'),(89,'','','test','',0,'가가가','ㄷㅈㄱㅈㄷㄱ','N','',2602,0,'N','N',0,0,0,0,0,'','N','',0,1560311598,0,0,1,'56827ae3-568d-4dae-91dc-8c536f'),(90,'','','test','',0,'가가가','ㅇㅁㄴㅇㅁㄴㅇ','N','',2602,0,'N','N',0,0,0,0,0,'','N','',0,1560311666,0,0,1,'b03f79bc-8785-416b-8d86-1f9e11'),(91,'','','test','',0,'가가가','ㅇㄴㅁㅇㄴㅁ','N','',2602,0,'N','N',0,0,0,0,0,'','N','',0,1560311731,0,0,1,'40c41f25-05c5-46e5-b6f0-5cf886'),(92,'','','test','',0,'가가가','ㅇㄴㅇㅁㅇㅁ','N','',2602,0,'N','N',0,0,0,0,0,'','N','',0,1560311836,0,0,1,'5b7834bf-cfe9-4db6-935b-c358d9'),(93,'','','test','',0,'가가가','가가가','N','',2602,0,'N','N',0,0,0,0,0,'','N','',0,1560311975,0,0,1,'07915705-669f-4d8a-ada8-b39c30'),(94,'','','test','',0,'가가가','가가가','N','',11422,0,'N','N',0,0,0,0,0,'','N','',0,1560312029,0,0,1,'a36697ed-8f25-4016-b52b-01262d'),(95,'','','test','',0,'가가가','ㅁㄴㅇㄴㅁ','N','',216734,0,'N','N',0,0,0,0,0,'','N','',0,1560312099,0,0,1,'dd9480bf-f1a8-4f24-92d8-5694a8'),(96,'','','test','',0,'ㄴㅇ','ㄴㅇㄹㄴㅇㄹ','N','',2602,0,'N','N',0,0,0,0,0,'','N','',0,1560312123,0,0,1,'6cd4f766-eade-4611-95cd-60a633'),(97,'','','test','',0,'ㅊㅋㅌㅊ','ㅊㅋㅌㅊㅋ','N','',2602,0,'N','N',0,0,0,0,0,'','N','',0,1560312135,0,0,1,'ae22e6b7-3abb-45a5-ba05-c51ea9'),(98,'','','test','',0,'ㄴㅇㄹ','ㄹㄴㅇㄹㄴㅇㄹ','N','',2602,0,'N','N',0,0,0,0,0,'','N','',0,1560312174,0,0,1,'f01c22f2-c6bb-4f1c-960e-4cfb4d'),(99,'','','test','',0,'sdf','fdsfsd','N','',2602,0,'N','N',0,0,0,0,0,'','N','',0,1560312426,0,0,1,'73cc3100-e620-4ed8-b465-c38321'),(100,'','','test','',0,'각ㄱㄱ','ㄱㄱㄱㄱ','N','',2602,0,'N','N',0,0,0,0,0,'','N','',0,1560314021,0,0,1,'a896715b-8b11-4c3f-a98e-5db3ac'),(101,'','','test','',0,'가가가','ㄷ','N','',2602,0,'N','N',0,0,0,0,0,'','N','',0,1560314088,0,0,1,'5526c2d3-886b-4ab5-a17f-484ee1'),(102,'','','test','',0,'가가가','ㅁㄴㅇㅁㄴ','N','',2602,0,'N','N',0,0,0,0,0,'','N','',0,1560314155,0,0,1,'c4f92470-1edf-407b-acb2-c18b18'),(103,'','','test','',0,'ㅇㅁㄴㅇㅁ','ㅇㄴㅁㅇㄴㅁ','N','',2602,0,'N','N',0,0,0,0,0,'','N','',0,1560314182,0,0,1,'d58157ac-f846-4cf5-a055-f0ad45'),(104,'','','test','',0,'ㅇㅇㅇ','ㅇㅇㅇㅇ','N','',2602,0,'N','N',0,0,0,0,0,'','N','',0,1560314224,0,0,1,'d64b3f26-ea58-4ac7-a285-ad1296'),(105,'','','test','',0,'ㄴㅇㄹㄴㅇ','ㄹㄴㄹㄴㅇ','N','',2602,0,'N','N',0,0,0,0,0,'','N','',0,1560314261,0,0,1,'4d2ac268-53f8-4fe6-afa4-076fc5'),(106,'','','test','',0,'ㅇㅁㄴㅇㅁ','ㅁㅇㄴㅁㅇㅁ','N','',95,0,'N','N',0,0,0,0,0,'','N','',0,1560314317,0,0,1,'40dd3156-9cb7-4608-be30-fd7411'),(107,'','','test','',0,'가가가','ㄴㅇㄹㄴㅇㄹㄴㅇ','N','',2602,0,'N','N',0,0,0,0,0,'','N','',0,1560315379,0,0,1,'8f5bf9d4-848d-4e79-960b-b3c4f2'),(108,'','','test','',0,'가가가','ㅁㄴㅇㄴㅁㅇㅁ','N','',8451,0,'N','N',0,0,0,0,0,'','N','',0,1560315706,0,0,1,'49a47254-26eb-4669-986f-4dafe8'),(109,'','','test','',0,'ㄴㅁㅇㄴㅁㅇ','ㅇㄴㅁㅇㄴㅁ','N','',2602,0,'N','N',0,0,0,0,0,'','N','',0,1560315740,0,0,1,'785f71e1-1697-453e-abc4-e8aef1'),(110,'','','test','',0,'ㅇㄹㄴㅇㄹㄴㅇ','ㅇㄴㄹㄴㅇㄹㄴ','Y','C:\\API\\v0.1',285842,0,'N','N',0,0,0,0,0,'','N','',0,1560315769,0,0,1,'a09c229d-924e-46f8-8d36-344927'),(111,'','','test','',0,'ㅇㄴㅁㅇㄴㅁ','ㅇㄴㅁㅇㅁㄴㅇㅁ','Y','C:\\API\\v0.1',285842,0,'N','N',0,0,0,0,0,'','N','',0,1560315846,0,0,1,'3ff884ec-1d73-4efe-89f8-be4c1e'),(112,'','','test','',0,'ㅇㅁㄴㅇㅁ','ㅋㅌㅊㅋㅌㅊ','Y','C:\\API\\v0.1',285842,0,'N','N',0,0,0,0,0,'','N','',0,1560315970,0,0,1,'aa96c598-8539-49b0-9c04-b3e38e'),(113,'','','test','',0,'가가가','ㅇㅁㄴㅇㅁㄴㅇㅁ','Y','C:\\API\\v0.1',285842,0,'N','N',0,0,0,0,0,'','N','',0,1560316081,0,0,1,'9987475f-38fc-41f2-bbc5-f7209d'),(114,'','','test','',0,'가가가','ㅊㅌㅋㅊㅋ','Y','C:\\API\\v0.1',285842,0,'N','N',0,0,0,0,0,'','N','',0,1560316285,0,0,1,'b5ca4ba4-552f-4076-b30e-c78d2d'),(115,'','','test','',0,'ㅋㅌㅊㅋ','ㅊㅋㅌㅊㅋㅌ','Y','C:\\API\\v0.1',285842,0,'N','N',0,0,0,0,0,'','N','',0,1560316361,0,0,1,'debcb051-5948-4043-8379-950d8d'),(116,'','','test','',0,'ㅌㅊㅋㅌㅊㅋ','ㅊㅋㅌㅊㅋ','Y','C:\\API\\v0.1',285842,0,'N','N',0,0,0,0,0,'','N','',0,1560316416,0,0,1,'ea25258d-fb96-423d-9569-0fa74d'),(117,'','','test','',0,'가가가','ㅇㄴㅁㅇㅁㄴㅇ','Y','C:\\API\\v0.1',285842,0,'N','N',0,0,0,0,0,'','N','',0,1560316486,0,0,1,'ba5af3ed-890b-4fae-b115-2d051d'),(118,'','','test','',0,'가가가','ㅁㄴㅇㅁㅇ','Y','C:\\API\\v0.1',285842,0,'N','N',0,0,0,0,0,'','N','',0,1560317896,0,0,1,'498bb5f1-f3f3-48f5-a3ce-76c187'),(119,'','','test','',0,'가가가','','N','',2602,0,'N','N',0,0,0,0,0,'','N','',0,1560319340,0,0,1,'1ecade36-0ccc-4f48-8d40-d693f8'),(120,'','','test','',0,'가가가','rkrkr','Y','C:\\API\\v0.1',285842,0,'N','N',0,0,0,0,0,'','N','',0,1560319406,0,0,1,'4b41d30d-f997-4385-bd15-2c3593'),(121,'','','test','',0,'가가가','dasdsad','Y','C:\\API\\v0.1',285842,0,'N','N',0,0,0,0,0,'','N','',0,1560319848,0,0,1,'0d36d828-10ac-4012-8316-55f9f4'),(122,'','','test','',0,'zxczcz','sadad','N','',452538,0,'N','N',0,0,0,0,0,'','N','',0,1560319958,0,0,1,'68de5142-cf15-42a3-bfd9-981f96'),(123,'','','test','',0,'111','222','N','',279898606,0,'N','N',0,0,0,0,0,'','N','',0,1560320248,0,0,1,'47d94e6f-719b-4514-bb0c-ecf5d7'),(124,'','','test','',0,'111','22','N','',334721387,0,'N','N',0,0,0,0,0,'','N','',0,1560320285,0,0,1,'9a09505b-4aed-45f3-ba35-7458a3'),(125,'','','test','',0,'11','22','N','',279898606,0,'N','N',0,0,0,0,0,'','N','',0,1560320304,0,0,1,'3cd9074b-e6e3-46c4-b49f-6f1844'),(126,'','','test','',0,'1111','2222','N','',1694,0,'N','N',0,0,0,0,0,'','N','',0,1560320440,0,0,1,'02a60adf-e07f-4c9d-8ca5-b86a3c'),(127,'','','test','',0,'1111','2222','N','',1694,0,'N','N',0,0,0,0,0,'','N','',0,1560320516,0,0,1,'38695663-0f98-4e45-a4b8-21f9ac'),(128,'','','test','',0,'111','111','Y','C:\\Users\\Gaonsds\\Desktop\\BDChainSvr',2142751,0,'N','N',0,0,0,0,0,'','N','',0,1560320563,0,0,1,'507bc676-f177-417d-b098-a6069a'),(129,'','','test','',0,'가가가','가가가','N','',33505479,0,'N','N',0,0,0,0,0,'','N','',0,1560390509,0,0,1,'47a3ebba-19e0-4786-b590-31adec'),(130,'','','test','',0,'가가가','가가가','N','',33505479,0,'N','N',0,0,0,0,0,'','N','',0,1560390673,0,0,1,'f0d29275-cb57-4de5-bb34-355a71'),(131,'','','test','',0,'가가가','가가가','N','',33505479,0,'N','N',0,0,0,0,0,'','N','',0,1560390744,0,0,1,'e1e364dc-9a4d-4161-b130-973178'),(132,'','','test','',0,'가가가','aaa','N','',33505479,0,'N','N',0,0,0,0,0,'','N','',0,1560391072,0,0,1,'4f8233ce-47f5-42b4-bb92-2fa5e4'),(133,'','','test','',0,'가가가','aaa','N','',67010958,0,'N','N',0,0,0,0,0,'','N','',0,1560391860,0,0,1,'bc49e8ac-6ab3-4749-ab0a-324997'),(134,'','','test','',0,'가가가','aaa','N','',67010958,0,'N','N',0,0,0,0,0,'','N','',0,1560391877,0,0,1,'1dc6d097-efc7-4007-a51f-1d8043'),(135,'','','test','',0,'가가가','wwww','N','',33505479,0,'N','N',0,0,0,0,0,'','N','',0,1560391996,0,0,1,'6655f0de-2b7b-4982-bcb5-d40b53'),(136,'','','test','',0,'가가가','wwww','N','',33505479,0,'N','N',0,0,0,0,0,'','N','',0,1560392172,0,0,1,'bf16fe12-59ec-4f7e-a7d5-6dc2dc'),(137,'','','test','',0,'가가가','wwww','N','',33505479,0,'N','N',0,0,0,0,0,'','N','',0,1560392228,0,0,1,'86b4302f-f8cd-43d0-986d-a5d791'),(138,'','','test','',0,'가가가','wwww','N','',33505479,0,'N','N',0,0,0,0,0,'','N','',0,1560392243,0,0,1,'a2b70e86-439e-46c1-8c12-4d82ea'),(139,'','','test','',0,'가가가','wwww','N','',33505479,0,'N','N',0,0,0,0,0,'','N','',0,1560392261,0,0,1,'f8552cfe-0298-4e25-8b5b-3efced'),(140,'','','test','',0,'가가가','wwww','N','',33505479,0,'N','N',0,0,0,0,0,'','N','',0,1560392291,0,0,1,'edfb1a5e-2d74-44f7-b21f-47e6d4'),(141,'','','test','',0,'가가가','wwww','N','',33505479,0,'N','N',0,0,0,0,0,'','N','',0,1560392300,0,0,1,'46093bc2-4952-485a-a22e-d53a91'),(142,'','','test','',0,'가가가','wwww','N','',33505479,0,'N','N',0,0,0,0,0,'','N','',0,1560392309,0,0,1,'92b3d9a8-6006-4b31-b24c-9c4b25'),(143,'','','test','',0,'가가가','wwww','N','',33505479,0,'N','N',0,0,0,0,0,'','N','',0,1560392489,0,0,1,'8f07659d-9720-41b7-a372-feafb6'),(144,'','','test','',0,'가가가','wwww','N','',33505479,0,'N','N',0,0,0,0,0,'','N','',0,1560392545,0,0,1,'92282c72-15fd-4bfe-ad4d-70d0f4'),(145,'','','test','',0,'가가가','wwww','N','',33505479,0,'N','N',0,0,0,0,0,'','N','',0,1560392657,0,0,1,'78b53190-d3b8-4628-b811-703a67'),(146,'','','test','',0,'가가가','wwww','N','',33505479,0,'N','N',0,0,0,0,0,'','N','',0,1560392703,0,0,1,'141443c8-3d7d-44ee-9235-7936f2'),(147,'','','test','',0,'가가가','wwww','N','',33505479,0,'N','N',0,0,0,0,0,'','N','',0,1560392743,0,0,1,'b0ab3581-8eea-46cf-a79d-ef8414'),(148,'','','test','',0,'가가가','wwww','N','',33505479,0,'N','N',0,0,0,0,0,'','N','',0,1560392765,0,0,1,'508c7670-7866-484a-9a09-2fa421'),(149,'','','test','',0,'가가가','wwww','N','',33505479,0,'N','N',0,0,0,0,0,'','N','',0,1560392832,0,0,1,'b6a00f7b-f8ab-4fd5-b922-906d1d'),(150,'','','test','',0,'가가가','wwww','N','',33505479,0,'N','N',0,0,0,0,0,'','N','',0,1560393117,0,0,1,'cae19ac1-c6f2-46c3-a6bb-114dfd'),(151,'','','test','',0,'가가가','wwww','N','',33505479,0,'N','N',0,0,0,0,0,'','N','',0,1560393156,0,0,1,'2ed200cb-43d6-4aaf-84f9-2b5a50'),(152,'','','test','',0,'가가가','wwww','N','',33505479,0,'N','N',0,0,0,0,0,'','N','',0,1560393196,0,0,1,'a4d4c448-7966-4445-8ffc-f45530'),(153,'','','test','',0,'가가가','wwww','N','',33505479,0,'N','N',0,0,0,0,0,'','N','',0,1560393286,0,0,1,'44ed7a4e-9cac-468e-8dd8-61e218'),(154,'','','test','',0,'가가가','wwww','N','',33505479,0,'N','N',0,0,0,0,0,'','N','',0,1560393332,0,0,1,'6afd3f72-f300-48ca-8797-2ff8d2'),(155,'','','test','',0,'가가가','wwww','N','',33505479,0,'N','N',0,0,0,0,0,'','N','',0,1560393393,0,0,1,'e2216c63-3b15-4302-8154-33b60f'),(156,'','','test','',0,'가가가','wwww','N','',33505479,0,'N','N',0,0,0,0,0,'','N','',0,1560394102,0,0,1,'1b08f2b7-7e64-4b68-b72e-71f011'),(157,'','','test','',0,'가가가','ㄴㄴㄴㄴ','N','',33505479,0,'N','N',0,0,0,0,0,'','N','',0,1560398488,0,0,1,'4e8ef5aa-831a-41ab-ab0d-aa787e'),(158,'','','test','',0,'가가가','ㄴㄴㄴㄴ','N','',33505479,0,'N','N',0,0,0,0,0,'','N','',0,1560398749,0,0,1,'58fe58d0-0398-43c2-969f-88efbe'),(159,'','','test','',0,'가가가','ㄴㄴㄴㄴ','N','',33505479,0,'N','N',0,0,0,0,0,'','N','',0,1560398807,0,0,1,'50734d50-b877-43de-b21b-dacb78'),(160,'','','test','',0,'가가가','ㄴㄴㄴㄴ','N','',33505479,0,'N','N',0,0,0,0,0,'','N','',0,1560398826,0,0,1,'76f57d4b-296c-4e5b-9f92-2f1037'),(161,'','','test','',0,'가가가','ㄴㄴㄴㄴ','N','',33505479,0,'N','N',0,0,0,0,0,'','N','',0,1560398902,0,0,1,'6dbdc724-1e94-4d96-ab3b-d7b151'),(162,'','','test','',0,'가가가','ㄴㄴㄴㄴ','N','',33505479,0,'N','N',0,0,0,0,0,'','N','',0,1560398968,0,0,1,'a2aac2fe-bfb2-4130-a2db-87edde'),(163,'','','test','',0,'가가가','ㄴㄴㄴㄴ','N','',33505479,0,'N','N',0,0,0,0,0,'','N','',0,1560399031,0,0,1,'9f9e9232-0721-4e60-8ab2-82eab5'),(164,'','','test','',0,'가가가','ㄴㄴㄴㄴ','N','',33505479,0,'N','N',0,0,0,0,0,'','N','',0,1560399065,0,0,1,'71828905-baa3-4719-8158-be483a'),(165,'','','test','',0,'가가가','ㄴㄴㄴㄴ','N','',33505479,0,'N','N',0,0,0,0,0,'','N','',0,1560399120,0,0,1,'bf335b28-5b84-4761-ac73-4b66bc'),(166,'','','test','',0,'가가가','ㄴㄴㄴㄴ','N','',33505479,0,'N','N',0,0,0,0,0,'','N','',0,1560399143,0,0,1,'9bc7f557-9f9d-4aba-a5e8-4c5ecb'),(167,'','','test','',0,'가가가','ㄴㄴㄴㄴ','N','',33505479,0,'N','N',0,0,0,0,0,'','N','',0,1560399183,0,0,1,'e7def360-dd41-46eb-b74d-4a57e1'),(168,'','','test','',0,'가가가','ㄴㄴㄴㄴ','N','',33505479,0,'N','N',0,0,0,0,0,'','N','',0,1560399243,0,0,1,'5bbb25d6-7953-4d93-bac4-881469'),(169,'','','test','',0,'가가가','ㄴㄴㄴㄴ','N','',33505479,0,'N','N',0,0,0,0,0,'','N','',0,1560399316,0,0,1,'cde32da7-ce88-44d1-bb24-add825'),(170,'','','test','',0,'가가가','ㄴㄴㄴㄴ','N','',33505479,0,'N','N',0,0,0,0,0,'','N','',0,1560399408,0,0,1,'a26b7af7-5742-4782-91c2-558b8c'),(171,'','','test','',0,'가가가','ㄴㄴㄴㄴ','N','',33505479,0,'N','N',0,0,0,0,0,'','N','',0,1560399482,0,0,1,'7c5b482f-6d86-47d0-89e1-0ce42a'),(172,'','','test','',0,'가가가','ㄴㄴㄴㄴ','N','',33505479,0,'N','N',0,0,0,0,0,'','N','',0,1560399635,0,0,1,'0f38d92b-d525-4b4d-ae73-e526f8'),(173,'','','test','',0,'가가가','ㄴㄴㄴㄴ','N','',33505479,0,'N','N',0,0,0,0,0,'','N','',0,1560399699,0,0,1,'1b7e9bf4-6a68-4ac5-9db2-c92a3b'),(174,'','','test','',0,'가가가','ㄴㄴㄴㄴ','N','',33505479,0,'N','N',0,0,0,0,0,'','N','',0,1560399754,0,0,1,'2a081c96-b40b-4bab-b974-4aed82'),(175,'','','test','',0,'가가가','ㄴㄴㄴㄴ','N','',33505479,0,'N','N',0,0,0,0,0,'','N','',0,1560399859,0,0,1,'ba3da436-9e86-465a-b49e-cd89d8'),(176,'','','test','',0,'가가가','ㄴㄴㄴㄴ','N','',33505479,0,'N','N',0,0,0,0,0,'','N','',0,1560399971,0,0,1,'a07bacfe-1e2b-4100-95f6-85cb09'),(177,'','','test','',0,'가가가','ㄴㄴㄴㄴ','N','',33505479,0,'N','N',0,0,0,0,0,'','N','',0,1560400030,0,0,1,'bd062652-c9d6-48b6-88cf-35d0f0'),(178,'','','test','',0,'가가가','ㄴㄴㄴㄴ','N','',33505479,0,'N','N',0,0,0,0,0,'','N','',0,1560400081,0,0,1,'38675f0a-f89a-4e3c-a655-413c51'),(179,'','','test','',0,'가가가','ㄴㄴㄴㄴ','N','',33505479,0,'N','N',0,0,0,0,0,'','N','',0,1560400234,0,0,1,'69e4e696-b0fb-4ad9-90eb-52847b'),(180,'','','test','',0,'가가가','ㄴㄴㄴㄴ','N','',33505479,0,'N','N',0,0,0,0,0,'','N','',0,1560400302,0,0,1,'9bca3f11-5b55-48fc-8808-e6ce40'),(181,'','','test','',0,'가가가','ㄴㄴㄴㄴ','N','',33505479,0,'N','N',0,0,0,0,0,'','N','',0,1560400443,0,0,1,'1526d411-3aef-4e57-bf48-e85ac1'),(182,'','','test','',0,'가가가','ㄴㄴㄴㄴ','N','',33505479,0,'N','N',0,0,0,0,0,'','N','',0,1560400532,0,0,1,'d9401afc-54b9-44f2-8049-cd9d8a'),(183,'','','test','',0,'가가가','ㄴㄴㄴㄴ','N','',33505479,0,'N','N',0,0,0,0,0,'','N','',0,1560400583,0,0,1,'0011acc5-6d52-451d-9da1-d9389d'),(184,'','','test','',0,'가가가','ㄴㄴㄴㄴ','N','',33505479,0,'N','N',0,0,0,0,0,'','N','',0,1560400932,0,0,1,'433421d9-78a3-4b44-bce5-0b20ca'),(185,'','','test','',0,'가가가','ㄴㄴㄴㄴ','N','',33505479,0,'N','N',0,0,0,0,0,'','N','',0,1560400951,0,0,1,'d381d744-c605-43e2-bdea-210d22'),(186,'','','test','',0,'가가가','ㄴㄴㄴㄴ','N','',33505479,0,'N','N',0,0,0,0,0,'','N','',0,1560401019,0,0,1,'d0ae49b3-82b4-491f-842c-2ae83b'),(187,'','','test','',0,'가가가','ㄴㄴㄴㄴ','N','',33505479,0,'N','N',0,0,0,0,0,'','N','',0,1560401070,0,0,1,'5564ee08-9c96-4b28-983d-bffb96'),(188,'','','test','',0,'가가가','dddd','N','',33505479,0,'N','N',0,0,0,0,0,'','N','',0,1560401537,0,0,1,'35674ec3-9b1e-4722-9b97-e07269'),(189,'','','test','',0,'가가가','dddd','N','',33505479,0,'N','N',0,0,0,0,0,'','N','',0,1560401762,0,0,1,'9d329cc4-74ba-4865-9dcb-1c78a9'),(190,'','','test','',0,'가가가','dddd','N','',33505479,0,'N','N',0,0,0,0,0,'','N','',0,1560401784,0,0,1,'e099f7f6-04cb-4cc7-80e6-55c85b'),(191,'','','test','',0,'가가가','dddd','N','',33505479,0,'N','N',0,0,0,0,0,'','N','',0,1560403105,0,0,1,'d74ae6d2-9404-441e-bd51-eab761'),(192,'','','test','',0,'가가가','dddd','N','',33505479,0,'N','N',0,0,0,0,0,'','N','',0,1560403158,0,0,1,'c0f04e57-b0cf-4ab8-9b27-f34516'),(193,'','','test','',0,'가가가','dddd','N','',33505479,0,'N','N',0,0,0,0,0,'','N','',0,1560403200,0,0,1,'936aafef-8953-4abd-8f4b-45514e'),(194,'','','test','',0,'가가가','dddd','N','',33505479,0,'N','N',0,0,0,0,0,'','N','',0,1560403246,0,0,1,'feccd67d-ed63-4268-bc42-ab9c5a'),(195,'','','test','',0,'가가가','dddd','N','',33505479,0,'N','N',0,0,0,0,0,'','N','',0,1560403303,0,0,1,'b24975b1-f74d-4aed-bf54-2fc4ca'),(196,'','','test','',0,'가가가','dddd','N','',33505479,0,'N','N',0,0,0,0,0,'','N','',0,1560404126,0,0,1,'789ff81b-9286-4cda-961a-12192b'),(197,'','','test','',0,'가가가','dddd','N','',33505479,0,'N','N',0,0,0,0,0,'','N','',0,1560404182,0,0,1,'dc05eab7-b05e-4a2f-997f-2f321a'),(198,'','','test','',0,'가가가','dddd','N','',33505479,0,'N','N',0,0,0,0,0,'','N','',0,1560405126,0,0,1,'c1f6654b-a032-4256-b23d-230143'),(199,'','','test','',0,'가가가','dddd','N','',33505479,0,'N','N',0,0,0,0,0,'','N','',0,1560405167,0,0,1,'b2e8310f-1922-40a3-8b41-20a520'),(200,'','','test','',0,'가가가','dddd','N','',33505479,0,'N','N',0,0,0,0,0,'','N','',0,1560405250,0,0,1,'06e4bcc3-7afc-4e55-a767-f9d18d'),(201,'','','test','',0,'가가가','dddd','N','',33505479,0,'N','N',0,0,0,0,0,'','N','',0,1560405305,0,0,1,'e91cc617-4d8a-4a0e-859f-d43d7d'),(202,'','','test','',0,'가가가','dddd','N','',33505479,0,'N','N',0,0,0,0,0,'','N','',0,1560405389,0,0,1,'ee11e4b9-8af3-4774-80e1-20f00c'),(203,'','','test','',0,'가가가','dddd','N','',33505479,0,'N','N',0,0,0,0,0,'','N','',0,1560405560,0,0,1,'e8be0245-2348-45f6-9995-be38b3'),(204,'','','test','',0,'가가가','dddd','N','',33505479,0,'N','N',0,0,0,0,0,'','N','',0,1560406325,0,0,1,'2a61ce82-4b29-4ff2-af87-467ab0'),(205,'','','test','',0,'가가가','dddd','N','',33505479,0,'N','N',0,0,0,0,0,'','N','',0,1560406595,0,0,1,'34a2cc8c-c7f0-4e28-934d-6a4042'),(206,'','','test','',0,'가가가','dddd','N','',33505479,0,'N','N',0,0,0,0,0,'','N','',0,1560406661,0,0,1,'9b126851-126d-411a-a50c-16241b'),(207,'','','test','',0,'가가가','dddd','N','',33505479,0,'N','N',0,0,0,0,0,'','N','',0,1560406754,0,0,1,'4d9d7fdc-f73f-43f1-92f4-c6ccae'),(208,'','','test','',0,'가가가','dddd','N','',33505479,0,'N','N',0,0,0,0,0,'','N','',0,1560407169,0,0,1,'a3afd956-c81b-42f7-a2f3-613d28'),(209,'','','test','',0,'가가가','dddd','N','',33505479,0,'N','N',0,0,0,0,0,'','N','',0,1560407309,0,0,1,'4b1a98cf-ffa2-4575-9830-109b1c'),(210,'','','test','',0,'가가가','dddd','N','',33505479,0,'N','N',0,0,0,0,0,'','N','',0,1560407395,0,0,1,'daaa24f5-7a15-4625-849a-d6254f'),(211,'','','test','',0,'가가가','dddd','N','',33505479,0,'N','N',0,0,0,0,0,'','N','',0,1560407547,0,0,1,'37a7750d-9265-467d-bc49-e4dcd7'),(212,'','','test','',0,'가가가','dddd','N','',33505479,0,'N','N',0,0,0,0,0,'','N','',0,1560407617,0,0,1,'13f88927-9927-4732-8cb4-7d9d48'),(213,'','','test','',0,'가가가','ssss','N','',33506970,0,'N','N',0,0,0,0,0,'','N','',0,1560409949,0,0,1,'b4855a4a-b713-495b-b4cd-7b57d9'),(214,'','','test','',0,'가가가','sssss','N','',24720,0,'N','N',0,0,0,0,0,'','N','',0,1560473239,0,0,1,'bbe1d495-01d0-44b4-b912-9bf793'),(215,'','','test','',0,'가가가','sssss','N','',24720,0,'N','N',0,0,0,0,0,'','N','',0,1560473331,0,0,1,'18f19f18-5752-4913-b493-c5f43d'),(216,'','','test','',0,'가가가','sssss','N','',24720,0,'N','N',0,0,0,0,0,'','N','',0,1560473389,0,0,1,'de663a0e-3348-44d2-acf1-4434d4'),(217,'','','test','',0,'가가가','sssss','N','',24720,0,'N','N',0,0,0,0,0,'','N','',0,1560473436,0,0,1,'47f3c76a-77f9-4b0a-98a0-e7b0f4'),(218,'','','test','',0,'가가가','sssss','N','',24720,0,'N','N',0,0,0,0,0,'','N','',0,1560473511,0,0,1,'70d3f26d-a8ff-4bd2-8903-3e7ae8'),(219,'','','test','',0,'가가가','sssss','N','',24720,0,'N','N',0,0,0,0,0,'','N','',0,1560474312,0,0,1,'5f16c1e8-40fe-49e1-b410-3e8f6a'),(220,'','','test','',0,'가가가','ssss','N','',33505479,0,'N','N',0,0,0,0,0,'','N','',0,1560474438,0,0,1,'31af4a48-0df7-49e4-ab8e-16bedb'),(221,'','','test','',0,'가가가','cccc','N','',33505479,0,'N','N',0,0,0,0,0,'','N','',0,1560482246,0,0,1,'d740785d-a19b-43ac-8a6b-d45522'),(222,'','','test','',0,'가가가','cccc','N','',33505479,0,'N','N',0,0,0,0,0,'','N','',0,1560482444,0,0,1,'6af71e74-5bed-4984-a6c0-b807ad'),(223,'','','test','',0,'가가가','cccc','N','',33505479,0,'N','N',0,0,0,0,0,'','N','',0,1560482681,0,0,1,'3d55dba6-526f-404b-ae61-baa133'),(224,'','','test','',0,'가가가','cccc','N','',33505479,0,'N','N',0,0,0,0,0,'','N','',0,1560482809,0,0,1,'ba3597fc-90d0-4aeb-b49e-52ae4d'),(225,'','','test','',0,'가가가','cccc','N','',33505479,0,'N','N',0,0,0,0,0,'','N','',0,1560482832,0,0,1,'4115110b-9441-4554-9e7b-b6407b'),(226,'','','test','',0,'가가가','cccc','N','',33505479,0,'N','N',0,0,0,0,0,'','N','',0,1560482888,0,0,1,'1d97f4ed-c59f-45bc-b156-888f3d'),(227,'','','test','',0,'가가가','cccc','N','',33505479,0,'N','N',0,0,0,0,0,'','N','',0,1560482958,0,0,1,'f87c3205-7f9d-4e08-9c26-d7a5e5'),(228,'','','test','',0,'가가가','cccc','N','',33505479,0,'N','N',0,0,0,0,0,'','N','',0,1560483068,0,0,1,'98bf30b8-fad1-4171-848f-4313d6'),(229,'','','test','',0,'가가가','cccc','N','',33505479,0,'N','N',0,0,0,0,0,'','N','',0,1560483068,0,0,1,'949b6340-9e96-4566-b989-52a023'),(230,'','','test','',0,'가가가','cccc','N','',33505479,0,'N','N',0,0,0,0,0,'','N','',0,1560483068,0,0,1,'db492699-04e2-4317-bf83-f77a99'),(231,'','','test','',0,'가가가','cccc','N','',33505479,0,'N','N',0,0,0,0,0,'','N','',0,1560483068,0,0,1,'f9328a30-4ea9-4d4f-b073-73a20b'),(232,'','','test','',0,'가가가','cccc','N','',33505479,0,'N','N',0,0,0,0,0,'','N','',0,1560483068,0,0,1,'811ef3d1-3cba-4941-bb82-d7264b'),(233,'','','test','',0,'가가가','aaa','N','',33505479,0,'N','N',0,0,0,0,0,'','N','',0,1560483096,0,0,1,'06aed23b-7326-47a1-ab5a-21623b'),(234,'','','test','',0,'가가가','aaa','N','',33505479,0,'N','N',0,0,0,0,0,'','N','',0,1560483200,0,0,1,'7b677c49-23ec-4b2b-afd2-617c60'),(235,'','','test','',0,'가가가','aaa','N','',33505479,0,'N','N',0,0,0,0,0,'','N','',0,1560483225,0,0,1,'fb579091-f44c-4599-930b-b571af'),(236,'','','test','',0,'가가가','aaa','N','',33505479,0,'N','N',0,0,0,0,0,'','N','',0,1560483252,0,0,1,'501d984c-85d9-4100-958c-f851ec'),(237,'','','test','',0,'가가가','aaa','N','',33505479,0,'N','N',0,0,0,0,0,'','N','',0,1560483429,0,0,1,'b93f7bd5-547c-47d6-b53c-67549f'),(238,'','','test','',0,'가가가','aaa','N','',33505479,0,'N','N',0,0,0,0,0,'','N','',0,1560483453,0,0,1,'1073aa81-ddbb-417c-b09b-e71fa8'),(239,'','','test','',0,'가가가','aaa','N','',33505479,0,'N','N',0,0,0,0,0,'','N','',0,1560483489,0,0,1,'81cbf766-4447-419c-b54a-34b319'),(240,'','','test','',0,'가가가','aaa','N','',33505479,0,'N','N',0,0,0,0,0,'','N','',0,1560483523,0,0,1,'4dbd52fc-0232-4ee6-b510-e036f9'),(241,'','','test','',0,'가가가','aaa','N','',33505479,0,'N','N',0,0,0,0,0,'','N','',0,1560483752,0,0,1,'f1a2e093-82ce-4889-bf62-bcfb63'),(242,'','','test','',0,'가가가','aaa','N','',33505479,0,'N','N',0,0,0,0,0,'','N','',0,1560483928,0,0,1,'c7f4e3c2-d65f-44a3-b271-73af3b'),(243,'','','test','',0,'가가가','aaa','N','',33505479,0,'N','N',0,0,0,0,0,'','N','',0,1560484001,0,0,1,'20fae0b4-cd1b-47a9-8e6a-e51075'),(244,'','','test','',0,'가가가','aaa','N','',33505479,0,'N','N',0,0,0,0,0,'','N','',0,1560484016,0,0,1,'d4647cf6-8c09-43d2-a707-5dc33b'),(245,'','','test','',0,'가가가','aaa','N','',33505479,0,'N','N',0,0,0,0,0,'','N','',0,1560484113,0,0,1,'05afd307-0a5f-4574-8beb-3d4aac'),(246,'','','test','',0,'가가가','aaa','N','',33505479,0,'N','N',0,0,0,0,0,'','N','',0,1560484125,0,0,1,'2d4f2d92-ee92-41c3-93f7-d4e388'),(247,'','','test','',0,'가가가','aaa','N','',33505479,0,'N','N',0,0,0,0,0,'','N','',0,1560484163,0,0,1,'3fe03e45-ffaf-4011-9996-94353e'),(248,'','','test','',0,'가가가','aaa','N','',33505479,0,'N','N',0,0,0,0,0,'','N','',0,1560484223,0,0,1,'35990c65-fae3-446c-9a92-c19f5d'),(249,'','','test','',0,'가가가','aaa','N','',33505479,0,'N','N',0,0,0,0,0,'','N','',0,1560484361,0,0,1,'b2ee30ac-9cf3-4975-8b35-fd91cb'),(250,'','','test','',0,'가가가','ssss','Y','C:\\Users\\KpostDev\\Desktop\\갈매기',67010958,0,'N','N',0,0,0,0,0,'','N','',0,1560485317,0,0,1,'71bc2cb6-fdd9-4c75-b39f-eac343'),(251,'','','test','',0,'가가가','ssss','Y','C:\\Users\\KpostDev\\Desktop\\갈매기',67010958,0,'N','N',0,0,0,0,0,'','N','',0,1560485345,0,0,1,'b5660913-a691-4359-a517-ea8ee8'),(252,'','','test','',0,'가가가','fgf','Y','C:\\Users\\KpostDev\\Desktop\\갈매기',67010958,0,'N','N',0,0,0,0,0,'','N','',0,1560485474,0,0,1,'4faa74bf-d493-4775-bc71-279afe'),(253,'','','test','',0,'가가가','fgf','Y','C:\\Users\\KpostDev\\Desktop\\갈매기',67010958,0,'N','N',0,0,0,0,0,'','N','',0,1560485625,0,0,1,'3fd6c66d-d96a-403f-9b54-1dfaf8'),(254,'','','test','',0,'가가가','fgf','Y','C:\\Users\\KpostDev\\Desktop\\갈매기',67010958,0,'N','N',0,0,0,0,0,'','N','',0,1560485695,0,0,1,'0b196253-49ac-4812-9d57-336526'),(255,'','','test','',0,'가가가','fgf','Y','C:\\Users\\KpostDev\\Desktop\\갈매기',67010958,0,'N','N',0,0,0,0,0,'','N','',0,1560485734,0,0,1,'e3e765d1-09c7-4a76-8d66-933860'),(256,'','','test','',0,'가가가','fgf','Y','C:\\Users\\KpostDev\\Desktop\\갈매기',67010958,0,'N','N',0,0,0,0,0,'','N','',0,1560485781,0,0,1,'a588a350-85f5-41d0-ad03-a1836c'),(257,'','','test','',0,'가가가','fgf','Y','C:\\Users\\KpostDev\\Desktop\\갈매기',67010958,0,'N','N',0,0,0,0,0,'','N','',0,1560485803,0,0,1,'ad4f1539-a28c-4b8f-93a0-e44a27'),(258,'','','test','',0,'가가가','fgf','Y','C:\\Users\\KpostDev\\Desktop\\갈매기',67010958,0,'N','N',0,0,0,0,0,'','N','',0,1560485842,0,0,1,'dd33d74e-252d-4d13-9935-3fe249'),(259,'','','test','',0,'가가가','fgf','Y','C:\\Users\\KpostDev\\Desktop\\갈매기',67010958,0,'N','N',0,0,0,0,0,'','N','',0,1560485881,0,0,1,'d51ae042-601a-4ea9-9edc-631d12'),(260,'','','test','',0,'가가가','fgf','Y','C:\\Users\\KpostDev\\Desktop\\갈매기',67010958,0,'N','N',0,0,0,0,0,'','N','',0,1560486009,0,0,1,'702894bf-ffbb-4e25-b63e-9dc105'),(261,'','','test','',0,'가가가','fgf','Y','C:\\Users\\KpostDev\\Desktop\\갈매기',67010958,0,'N','N',0,0,0,0,0,'','N','',0,1560486055,0,0,1,'3a732578-c6f2-4a39-b95d-0dfae3'),(262,'','','test','',0,'가가가','fgf','Y','C:\\Users\\KpostDev\\Desktop\\갈매기',67010958,0,'N','N',0,0,0,0,0,'','N','',0,1560486120,0,0,1,'8aab5be8-2f3f-4d5e-bec7-9dbfde'),(263,'','','test','',0,'가가가','fgf','Y','C:\\Users\\KpostDev\\Desktop\\갈매기',67010958,0,'N','N',0,0,0,0,0,'','N','',0,1560486234,0,0,1,'bc935516-7901-487a-8c71-83e0da'),(264,'','','test','',0,'가가가','fgf','Y','C:\\Users\\KpostDev\\Desktop\\갈매기',67010958,0,'N','N',0,0,0,0,0,'','N','',0,1560486314,0,0,1,'381a4951-76b3-47e9-a260-641c89'),(265,'','','test','',0,'가가가','fgf','Y','C:\\Users\\KpostDev\\Desktop\\갈매기',67010958,0,'N','N',0,0,0,0,0,'','N','',0,1560486355,0,0,1,'f7a079b5-f340-44a8-8871-7ec393'),(266,'','','test','',0,'가가가','fgf','Y','C:\\Users\\KpostDev\\Desktop\\갈매기',67010958,0,'N','N',0,0,0,0,0,'','N','',0,1560486446,0,0,1,'3ede3c81-37f5-4618-85d6-787ee2'),(267,'','','test','',0,'가가가','fgf','Y','C:\\Users\\KpostDev\\Desktop\\갈매기',67010958,0,'N','N',0,0,0,0,0,'','N','',0,1560486563,0,0,1,'da43921a-a31c-4872-b74b-fd9fd6'),(268,'','','test','',0,'가가가','fgf','Y','C:\\Users\\KpostDev\\Desktop\\갈매기',67010958,0,'N','N',0,0,0,0,0,'','N','',0,1560486653,0,0,1,'75ae5e74-080f-4bff-b780-76864b'),(269,'','','test','',0,'가가가','fgf','Y','C:\\Users\\KpostDev\\Desktop\\갈매기',67010958,0,'N','N',0,0,0,0,0,'','N','',0,1560486853,0,0,1,'3f7240ca-fb42-4349-afbc-3d5ce6'),(270,'','','test','',0,'가가가','fgf','Y','C:\\Users\\KpostDev\\Desktop\\갈매기',67010958,0,'N','N',0,0,0,0,0,'','N','',0,1560486889,0,0,1,'fc03cd70-77f4-448f-9c68-073b99'),(271,'','','user_id','',0,'가나다','xxxx','Y','C:\\Users\\KpostDev\\Desktop\\갈매기',100516437,0,'N','N',0,0,0,0,0,'','N','',0,1560486972,0,0,1,'6c5f9d90-1894-4d4f-b6a6-595d4872d563'),(272,'','','test','',0,'11','2','Y','C:\\Users\\Gaonsds\\Desktop\\BDChainSvr',2142751,0,'N','N',0,0,0,0,0,'','N','',0,1560744986,0,0,1,'2851592a-cc39-49e1-a1db-7bfb29'),(273,'','','test','',0,'1','2','Y','C:\\Users\\Gaonsds\\Desktop\\BDChainSvr',2142751,0,'N','N',0,0,0,0,0,'','N','',0,1560745032,0,0,1,'e3a0cd0c-1a99-49e6-a14f-1cc85a'),(274,'','','test','',0,'1','','Y','C:\\Users\\Gaonsds\\Desktop\\BDChainSvr',2142751,0,'N','N',0,0,0,0,0,'','N','',0,1560745207,0,0,1,'3ccf19b3-647e-42c3-bd83-e0d7c9'),(275,'','','test','',0,'1','2','Y','C:\\Users\\Gaonsds\\Desktop\\BDChainSvr',2142751,0,'N','N',0,0,0,0,0,'','N','',0,1560745317,0,0,1,'063b8344-7bb1-435d-9f59-216337'),(276,'','','test','',0,'1','2','Y','C:\\Users\\Gaonsds\\Desktop\\BDChainSvr',2142751,0,'N','N',0,0,0,0,0,'','N','',0,1560745382,0,0,1,'19cb22ea-292b-4541-aee4-10aa2f'),(277,'','','test','',0,'1','22','Y','C:\\Users\\Gaonsds\\Desktop\\BDChainSvr',2142751,0,'N','N',0,0,0,0,0,'','N','',0,1560745426,0,0,1,'26033e0c-adad-49cc-bf08-8fc816'),(278,'','','test','',0,'1','2','Y','C:\\Users\\Gaonsds\\Desktop\\BDChainSvr',2142751,0,'N','N',0,0,0,0,0,'','N','',0,1560745466,0,0,1,'75e8323d-a3eb-4d15-9b9f-f2ece4'),(279,'','','test','',0,'1','2','Y','C:\\Users\\Gaonsds\\Desktop\\BDChainSvr',2142751,0,'N','N',0,0,0,0,0,'','N','',0,1560745491,0,0,1,'3f11876d-5498-4b71-9236-9c0fee'),(280,'','','test','',0,'가가가','sdfsdf','N','',33505479,0,'N','N',0,0,0,0,0,'','N','',0,1560752332,0,0,1,'ce84b991-bb66-4d9a-80a3-bca069'),(281,'','','test','',0,'가가가','sdfsdf','Y','C:\\Users\\KpostDev\\Desktop\\샘플',100516437,0,'N','N',0,0,0,0,0,'','N','',0,1560752357,0,0,1,'117bdb70-c2be-4345-a824-7875ca'),(282,'','','test','',0,'scf','sdfdsfs','Y','C:\\Users\\KpostDev\\Desktop\\샘플',67010958,0,'N','N',0,0,0,0,0,'','N','',0,1560754289,0,0,1,'9734c03d-97ab-4453-827f-8ea509'),(283,'','','test','',0,'scf','sdfdsfs','Y','C:\\Users\\KpostDev\\Desktop\\샘플',67010958,0,'N','N',0,0,0,0,0,'','N','',0,1560754320,0,0,1,'b4d436b7-3b2f-4952-980d-92ece8'),(284,'','','test','',0,'scf','sdfdsfs','Y','C:\\Users\\KpostDev\\Desktop\\샘플',67010958,0,'N','N',0,0,0,0,0,'','N','',0,1560754418,0,0,1,'e0aac7cb-67ba-4bee-93ba-98223d'),(285,'','','test','',0,'xzczxcz','czxczxc','Y','C:\\Users\\KpostDev\\Desktop\\샘플',67010958,0,'N','N',0,0,0,0,0,'','N','',0,1560754824,0,0,1,'5501f050-30b3-4da5-81ca-7339ef'),(286,'','','test','',0,'uu','zxczcz','Y','C:\\Users\\KpostDev\\Desktop\\샘플',134021916,0,'N','N',0,0,0,0,0,'','N','',0,1560754992,0,0,1,'a0802774-66de-4b87-8f31-0a3188'),(287,'','','test','',0,'uu','zxczcz','Y','C:\\Users\\KpostDev\\Desktop\\샘플',134021916,0,'N','N',0,0,0,0,0,'','N','',0,1560755019,0,0,1,'293f89bb-8e44-4009-94a2-d46acb'),(288,'','','test','',0,'sss','sssss','Y','C:\\Users\\KpostDev\\Desktop\\샘플',67010958,0,'N','N',0,0,0,0,0,'','N','',0,1560756384,0,0,1,'25d4f239-e771-400b-908b-e3c436'),(289,'','','test','',0,'sss','sssss','Y','C:\\Users\\KpostDev\\Desktop\\샘플',67010958,0,'N','N',0,0,0,0,0,'','N','',0,1560756425,0,0,1,'c7c2c059-1567-4fa9-a26a-6349d8'),(290,'','','test','',0,'ttt','tttttttt','Y','C:\\Users\\KpostDev\\Desktop\\샘플',67010958,0,'N','N',0,0,0,0,0,'','N','',0,1560756477,0,0,1,'cb44bdac-180e-461d-a349-448b0d'),(291,'','','test','',0,'ttt','tttttttt','Y','C:\\Users\\KpostDev\\Desktop\\샘플',67010958,0,'N','N',0,0,0,0,0,'','N','',0,1560756539,0,0,1,'2e633562-f949-4414-9465-e2d646'),(292,'','','test','',0,'ttt','tttttttt','Y','C:\\Users\\KpostDev\\Desktop\\샘플',67010958,0,'N','N',0,0,0,0,0,'','N','',0,1560756547,0,0,1,'ec8b4af1-61f5-4654-a771-2407be'),(293,'','','test','',0,'1111','222','Y','C:\\Users\\Gaonsds\\Desktop\\BDChainSvr',2142751,0,'N','N',0,0,0,0,0,'','N','',0,1560832597,0,0,1,'937ac497-f555-40a1-b1aa-cf8d0ff7c336'),(294,'','','test','',0,'가가가','ㅇㅀㅇㅀ','Y','C:\\Users\\KpostDev\\Desktop\\샘플',67010958,0,'N','N',0,0,0,0,0,'','N','',0,1560832886,0,0,1,'49d33301-0add-4ec6-8fb9-d2f0f098a3f0'),(295,'','','test','',0,'가가가','ㅇㅀㅇㅀ','Y','C:\\Users\\KpostDev\\Desktop\\샘플',67010958,0,'N','N',0,0,0,0,0,'','N','',0,1560832983,0,0,1,'c181a997-c12a-4f0b-90fd-67075540fa9a'),(296,'','','test','',0,'가가가','ㅇㅀㅇㅀ','Y','C:\\Users\\KpostDev\\Desktop\\샘플',67010958,0,'N','N',0,0,0,0,0,'','N','',0,1560832995,0,0,1,'519d1059-3203-4ddf-a782-398aa686d780'),(297,'','','test','',0,'가가가','xzXZX','Y','C:\\Users\\KpostDev\\Desktop\\샘플',67010958,0,'N','N',0,0,0,0,0,'','N','',0,1560837699,0,0,1,'9f342aa6-a9cb-4815-890d-53fe2d463221'),(298,'','','test','',0,'가가가','xzXZX','Y','C:\\Users\\KpostDev\\Desktop\\샘플',67010958,0,'N','N',0,0,0,0,0,'','N','',0,1560837723,0,0,1,'dd123bde-c13c-4ab9-be10-0e70012eec8e'),(299,'','','test','',0,'가가가','xzXZX','Y','C:\\Users\\KpostDev\\Desktop\\샘플',67010958,0,'N','N',0,0,0,0,0,'','N','',0,1560837735,0,0,1,'a97066dc-f82f-40eb-b3d5-0fd4150d257b'),(300,'','','test','',0,'가가가','xzXZX','Y','C:\\Users\\KpostDev\\Desktop\\샘플',67010958,0,'N','N',0,0,0,0,0,'','N','',0,1560837756,0,0,1,'6c1ccb38-1bf8-46d7-958e-717aa6a9020d'),(301,'','','test','',0,'가가가','xzXZX','Y','C:\\Users\\KpostDev\\Desktop\\샘플',67010958,0,'N','N',0,0,0,0,0,'','N','',0,1560837765,0,0,1,'67be8a50-9637-435a-8950-8996e85d6563'),(302,'','','test','',0,'가가가','xzXZX','Y','C:\\Users\\KpostDev\\Desktop\\샘플',67010958,0,'N','N',0,0,0,0,0,'','N','',0,1560837784,0,0,1,'799823b4-6710-4dcc-930d-cb9406aecda2'),(303,'','','test','',0,'가가가','xzXZX','Y','C:\\Users\\KpostDev\\Desktop\\샘플',67010958,0,'N','N',0,0,0,0,0,'','N','',0,1560837842,0,0,1,'55998ee7-9b3a-4ca7-9b33-40a64fdf74c3'),(304,'','','test','',0,'가가가','xzXZX','Y','C:\\Users\\KpostDev\\Desktop\\샘플',67010958,0,'N','N',0,0,0,0,0,'','N','',0,1560837871,0,0,1,'3491c04b-aab4-4701-be06-1bd63da1027c'),(305,'','','test','',0,'가가가','xzXZX','Y','C:\\Users\\KpostDev\\Desktop\\샘플',67010958,0,'N','N',0,0,0,0,0,'','N','',0,1560837891,0,0,1,'ba444a4f-2b26-421a-9f84-1783c3514cd5'),(306,'','','test','',0,'가가가','xzXZX','Y','C:\\Users\\KpostDev\\Desktop\\샘플',67010958,0,'N','N',0,0,0,0,0,'','N','',0,1560837910,0,0,1,'118539bf-1704-4235-b3d7-6067e5b5513a'),(307,'','','test','',0,'asd','asdsad','Y','C:\\Users\\KpostDev\\Desktop\\샘플',67010958,0,'N','N',0,0,0,0,0,'','N','',0,1560837978,0,0,1,'463a98e2-40a1-4b78-b7ed-106fb169e595'),(308,'','','test','',0,'asd','asdsad','Y','C:\\Users\\KpostDev\\Desktop\\샘플',67010958,0,'N','N',0,0,0,0,0,'','N','',0,1560837996,0,0,1,'db913a52-a440-46f8-9cff-83d2191e3c39'),(309,'','','test','',0,'asd','asdsad','Y','C:\\Users\\KpostDev\\Desktop\\샘플',67010958,0,'N','N',0,0,0,0,0,'','N','',0,1560838002,0,0,1,'e0a7c62f-64e9-4a22-b672-fe41c99cdfc8'),(310,'','','test','',0,'asd','asdsad','Y','C:\\Users\\KpostDev\\Desktop\\샘플',67010958,0,'N','N',0,0,0,0,0,'','N','',0,1560838256,0,0,1,'07eadf22-ed0e-4ff0-a2f1-0f4ee70bae8b'),(311,'','','test','',0,'asd','asdsad','Y','C:\\Users\\KpostDev\\Desktop\\샘플',67010958,0,'N','N',0,0,0,0,0,'','N','',0,1560838262,0,0,1,'82ed97ab-d2da-4fc9-95cf-d2a2633af421'),(312,'','','test','',0,'asd','asdsad','Y','C:\\Users\\KpostDev\\Desktop\\샘플',67010958,0,'N','N',0,0,0,0,0,'','N','',0,1560838324,0,0,1,'96cffd6e-2494-4eaf-937e-8facb7b039dc'),(313,'','','test','',0,'asd','asdsad','Y','C:\\Users\\KpostDev\\Desktop\\샘플',67010958,0,'N','N',0,0,0,0,0,'','N','',0,1560838372,0,0,1,'79de2398-84be-4f40-a37d-ace1c06f1f43'),(314,'','','test','',0,'asd','asdsad','Y','C:\\Users\\KpostDev\\Desktop\\샘플',67010958,0,'N','N',0,0,0,0,0,'','N','',0,1560838378,0,0,1,'35978158-3709-456d-a9e1-01a181f0fa8a'),(315,'','','test','',0,'asd','asdsad','Y','C:\\Users\\KpostDev\\Desktop\\샘플',67010958,0,'N','N',0,0,0,0,0,'','N','',0,1560838408,0,0,1,'0acfb6c1-7421-4eae-af9b-887e8361b008'),(316,'','','test','',0,'asd','asdsad','Y','C:\\Users\\KpostDev\\Desktop\\샘플',67010958,0,'N','N',0,0,0,0,0,'','N','',0,1560838418,0,0,1,'95c583c7-74c1-4caa-a429-952a55c104cb'),(317,'','','test','',0,'asd','asdsad','Y','C:\\Users\\KpostDev\\Desktop\\샘플',67010958,0,'N','N',0,0,0,0,0,'','N','',0,1560838436,0,0,1,'d6dc6812-b281-4e7b-8078-adea29c331bf'),(318,'','','test','',0,'asd','asdsad','Y','C:\\Users\\KpostDev\\Desktop\\샘플',67010958,0,'N','N',0,0,0,0,0,'','N','',0,1560838449,0,0,1,'b829caec-b6b4-4086-b68d-18bd0b60df6f'),(319,'','','test','',0,'asd','asdsad','Y','C:\\Users\\KpostDev\\Desktop\\샘플',67010958,0,'N','N',0,0,0,0,0,'','N','',0,1560838478,0,0,1,'cbd1bf33-2559-42ce-beff-c38ec59388c0'),(320,'','','test','',0,'asd','asdsad','Y','C:\\Users\\KpostDev\\Desktop\\샘플',67010958,0,'N','N',0,0,0,0,0,'','N','',0,1560838510,0,0,1,'1d0537a6-c21a-43e6-86e8-68b6daeb6281'),(321,'','','test','',0,'asd','asdsad','Y','C:\\Users\\KpostDev\\Desktop\\샘플',67010958,0,'N','N',0,0,0,0,0,'','N','',0,1560838544,0,0,1,'1ff7f292-a524-495f-94ac-9f990ebd30df'),(322,'','','test','',0,'asd','asdsad','Y','C:\\Users\\KpostDev\\Desktop\\샘플',67010958,0,'N','N',0,0,0,0,0,'','N','',0,1560838557,0,0,1,'b865a51d-2342-48af-b8de-537150132ba3'),(323,'','','test','',0,'asd','asdsad','Y','C:\\Users\\KpostDev\\Desktop\\샘플',67010958,0,'N','N',0,0,0,0,0,'','N','',0,1560838611,0,0,1,'a1961d97-2092-466f-a2ae-14841f38c79b'),(324,'','','test','',0,'asd','asdsad','Y','C:\\Users\\KpostDev\\Desktop\\샘플',67010958,0,'N','N',0,0,0,0,0,'','N','',0,1560838653,0,0,1,'55fc4d84-74b1-49a1-83ee-823314e9430d'),(325,'','','test','',0,'asd','asdsad','Y','C:\\Users\\KpostDev\\Desktop\\샘플',67010958,0,'N','N',0,0,0,0,0,'','N','',0,1560838680,0,0,1,'f98a1942-ca44-46d0-b77e-9ae4d6daa1d3'),(326,'','','test','',0,'asd','asdsad','Y','C:\\Users\\KpostDev\\Desktop\\샘플',67010958,0,'N','N',0,0,0,0,0,'','N','',0,1560838685,0,0,1,'a0c7524e-890e-47a8-b0a0-7a1a7548d672'),(327,'','','test','',0,'asd','asdsad','Y','C:\\Users\\KpostDev\\Desktop\\샘플',67010958,0,'N','N',0,0,0,0,0,'','N','',0,1560838691,0,0,1,'6bb23807-5d73-4565-b33c-c675bf74d2ee'),(328,'','','test','',0,'asd','asdsad','Y','C:\\Users\\KpostDev\\Desktop\\샘플',67010958,0,'N','N',0,0,0,0,0,'','N','',0,1560838704,0,0,1,'c23ddbc7-8a17-47d7-8e42-011dc5b635c4'),(329,'','','test','',0,'asd','asdsad','Y','C:\\Users\\KpostDev\\Desktop\\샘플',67010958,0,'N','N',0,0,0,0,0,'','N','',0,1560838760,0,0,1,'12be54e8-bae3-48ca-934f-9cd8c32d49db'),(330,'','','test','',0,'asd','asdsad','Y','C:\\Users\\KpostDev\\Desktop\\샘플',67010958,0,'N','N',0,0,0,0,0,'','N','',0,1560838802,0,0,1,'592772cb-f7d2-4cfa-99b2-45d1a3d5e102'),(331,'','','test','',0,'asd','asdsad','Y','C:\\Users\\KpostDev\\Desktop\\샘플',67010958,0,'N','N',0,0,0,0,0,'','N','',0,1560838900,0,0,1,'b89ad45a-998f-4600-b4e5-f42a5901a291'),(332,'','','test','',0,'asd','asdsad','Y','C:\\Users\\KpostDev\\Desktop\\샘플',67010958,0,'N','N',0,0,0,0,0,'','N','',0,1560838911,0,0,1,'4e6e8052-724a-410a-a7af-e8c506c9abf5'),(333,'','','test','',0,'asd','asdsad','Y','C:\\Users\\KpostDev\\Desktop\\샘플',67010958,0,'N','N',0,0,0,0,0,'','N','',0,1560838917,0,0,1,'b0b91490-7fe8-4990-a5b3-85bee503aa07'),(334,'','','test','',0,'asd','asdsad','Y','C:\\Users\\KpostDev\\Desktop\\샘플',67010958,0,'N','N',0,0,0,0,0,'','N','',0,1560838930,0,0,1,'defc4a20-b21d-435b-a1fc-04ac1287300d'),(335,'','','test','',0,'가가가','asdasd','Y','C:\\Users\\KpostDev\\Desktop\\샘플',67010958,0,'N','N',0,0,0,0,0,'','N','',0,1560838957,0,0,1,'0637423d-5619-4611-8e29-7bbc212d1f2f'),(336,'','','test','',0,'가가가','asdasd','Y','C:\\Users\\KpostDev\\Desktop\\샘플',67010958,0,'N','N',0,0,0,0,0,'','N','',0,1560839033,0,0,1,'ae6ff26a-4f17-4d1c-a72f-ea0d4bf4e819'),(337,'','','test','',0,'sfsd','fsdfsd','Y','C:\\Users\\KpostDev\\Desktop\\샘플',67010958,0,'N','N',0,0,0,0,0,'','N','',0,1560839066,0,0,1,'d2d6ea79-96c7-400b-a589-fd5689a9f6af'),(338,'','','test','',0,'sfsd','fsdfsd','Y','C:\\Users\\KpostDev\\Desktop\\샘플',67010958,0,'N','N',0,0,0,0,0,'','N','',0,1560839076,0,0,1,'0ebbe335-9b3d-48fa-95f7-4f9fcea43870'),(339,'','','test','',0,'ss','ssssssss','Y','C:\\Users\\KpostDev\\Desktop\\샘플',67010958,0,'N','N',0,0,0,0,0,'','N','',0,1560839584,0,0,1,'23dd0db6-8019-45e9-ad6a-a61b72cdf78b'),(340,'','','test','',0,'ss','ssssssss','Y','C:\\Users\\KpostDev\\Desktop\\샘플',67010958,0,'N','N',0,0,0,0,0,'','N','',0,1560839608,0,0,1,'71bb8cc2-6ee1-41a1-871b-e263b1e476e8'),(341,'','','test','',0,'ss','ssssssss','Y','C:\\Users\\KpostDev\\Desktop\\샘플',67010958,0,'N','N',0,0,0,0,0,'','N','',0,1560839657,0,0,1,'90810a59-f166-4cf1-a34d-7c3d37b74673'),(342,'','','test','',0,'ss','ssssssss','Y','C:\\Users\\KpostDev\\Desktop\\샘플',67010958,0,'N','N',0,0,0,0,0,'','N','',0,1560839743,0,0,1,'d22da4d4-0c7d-400d-a849-fd31693679c3'),(343,'','','test','',0,'ss','ssssssss','Y','C:\\Users\\KpostDev\\Desktop\\샘플',67010958,0,'N','N',0,0,0,0,0,'','N','',0,1560839792,0,0,1,'6aa5ec18-b8e5-4f75-ac28-b5024601671a'),(344,'','','test','',0,'가가가','ㄴㅁㅇㅁㄴ','Y','C:\\Users\\KpostDev\\Desktop\\샘플',67010958,0,'N','N',0,0,0,0,0,'','N','',0,1560997367,0,0,1,'03911b09-bc38-4a00-922f-d9c1709a4775'),(345,'','','test','',0,'가가가','ㄴㅁㅇㅁㄴ','Y','C:\\Users\\KpostDev\\Desktop\\샘플',67010958,0,'N','N',0,0,0,0,0,'','N','',0,1560997423,0,0,1,'4ab22f7d-7157-4505-8174-0307646279f4'),(346,'','','test','',0,'가가가','ㄴㅁㅇㅁㄴ','Y','C:\\Users\\KpostDev\\Desktop\\샘플',67010958,0,'N','N',0,0,0,0,0,'','N','',0,1560997531,0,0,1,'1e2087fc-779d-4ed2-b8f0-9f3a34345216'),(347,'','','test','',0,'가가가','ㄴㅁㅇㅁㄴ','Y','C:\\Users\\KpostDev\\Desktop\\샘플',67010958,0,'N','N',0,0,0,0,0,'','N','',0,1560997596,0,0,1,'1695972b-07e0-4a41-b3a9-c6c0c79c2bd5'),(348,'','','test','',0,'가가가','ㄴㅁㅇㅁㄴ','Y','C:\\Users\\KpostDev\\Desktop\\샘플',67010958,0,'N','N',0,0,0,0,0,'','N','',0,1560997660,0,0,1,'11ee5405-b9f8-4c25-88a5-14d0aac6d9ad'),(349,'','','test','',0,'가가가','ㄴㅁㅇㅁㄴ','Y','C:\\Users\\KpostDev\\Desktop\\샘플',67010958,0,'N','N',0,0,0,0,0,'','N','',0,1560997705,0,0,1,'19542694-bccf-4f52-9d97-96bf86e8a2ed'),(350,'','','test','',0,'가가가','ㄴㅁㅇㅁㄴ','Y','C:\\Users\\KpostDev\\Desktop\\샘플',67010958,0,'N','N',0,0,0,0,0,'','N','',0,1560997782,0,0,1,'09c5fafb-0fba-4b90-963c-66c238d94782'),(351,'','','test','',0,'가가가','zxczxczx','Y','C:\\Users\\KpostDev\\Desktop\\샘플',67010958,0,'N','N',0,0,0,0,0,'','N','',0,1560998550,0,0,1,'e8a4bc29-f482-4957-81bc-933609f7b223'),(352,'','','test','',0,'가가가','zxczxczx','Y','C:\\Users\\KpostDev\\Desktop\\샘플',67010958,0,'N','N',0,0,0,0,0,'','N','',0,1560998589,0,0,1,'1be7b5fc-70dc-4065-8aac-3e3403cf4e4b'),(353,'','','test','',0,'가가가','zxczxczx','Y','C:\\Users\\KpostDev\\Desktop\\샘플',67010958,0,'N','N',0,0,0,0,0,'','N','',0,1560998619,0,0,1,'2ac6b979-f5b3-466c-a529-f0c1d07192f9'),(354,'','','test','',0,'가가가','zxczxczx','Y','C:\\Users\\KpostDev\\Desktop\\샘플',67010958,0,'N','N',0,0,0,0,0,'','N','',0,1560998695,0,0,1,'e460767f-cd15-4671-8ab9-f7677c4f6a99'),(355,'','','test','',0,'가가가','zxczxczx','Y','C:\\Users\\KpostDev\\Desktop\\샘플',67010958,0,'N','N',0,0,0,0,0,'','N','',0,1560998724,0,0,1,'9979ce78-7625-4849-ad59-e46ab4eaf683'),(356,'','','test','',0,'가가가','zxczxczx','Y','C:\\Users\\KpostDev\\Desktop\\샘플',67010958,0,'N','N',0,0,0,0,0,'','N','',0,1560998795,0,0,1,'7fe34b33-8062-4300-8941-22e2e55ff472'),(357,'','','test','',0,'가가가','zxczxczx','Y','C:\\Users\\KpostDev\\Desktop\\샘플',67010958,0,'N','N',0,0,0,0,0,'','N','',0,1560998839,0,0,1,'252a6c2c-cc47-4456-8b53-593a1200ff35'),(358,'','','test','',0,'가가가','zxczxczx','Y','C:\\Users\\KpostDev\\Desktop\\샘플',67010958,0,'N','N',0,0,0,0,0,'','N','',0,1560999000,0,0,1,'631841be-6049-4c08-9154-c79b90800c7e'),(359,'','','test','',0,'가가가','zxczxczx','Y','C:\\Users\\KpostDev\\Desktop\\샘플',67010958,0,'N','N',0,0,0,0,0,'','N','',0,1560999072,0,0,1,'238c6f27-3f15-4bb9-abe7-16d3b6152277'),(360,'','','test','',0,'가가가','asdasd','Y','C:\\Users\\KpostDev\\Desktop\\샘플',67010958,0,'N','N',0,0,0,0,0,'','N','',0,1561010220,0,0,1,'a35a4aee-7698-4f17-8e08-13e2d3dcd373'),(361,'','','test','',0,'가가가','asdasd','Y','C:\\Users\\KpostDev\\Desktop\\샘플',67010958,0,'N','N',0,0,0,0,0,'','N','',0,1561010282,0,0,1,'6132122e-9414-4c89-b0db-6d4746a20c8b'),(362,'','','test','',0,'가가가','asdasd','Y','C:\\Users\\KpostDev\\Desktop\\샘플',67010958,0,'N','N',0,0,0,0,0,'','N','',0,1561010424,0,0,1,'9a073209-e45c-4c47-896f-879a0e6afb10'),(363,'','','test','',0,'가가가','asdasd','Y','C:\\Users\\KpostDev\\Desktop\\샘플',67010958,0,'N','N',0,0,0,0,0,'','N','',0,1561010487,0,0,1,'21e460ad-8f20-4ee9-a57b-5e00b8c59df5'),(364,'','','test','',0,'111','111','Y','C:\\Users\\Gaonsds\\Desktop\\BDChainSvr',2142751,0,'N','N',0,0,0,0,0,'','N','',0,1561429259,0,0,1,'4e809878-84be-4d90-b6c4-ec1db7577c97'),(365,'','','test','',0,'rkskek','rkskek','Y','C:\\Users\\softok\\Desktop\\샘플',67010958,0,'N','N',0,0,0,0,0,'','N','',0,1561439594,0,0,1,'842412bc-3c95-4d81-ba5e-8dc52c253e06');
/*!40000 ALTER TABLE `_CONTENTS` ENABLE KEYS */;
UNLOCK TABLES;

--
-- Table structure for table `_CONTENTS_FILE`
--

DROP TABLE IF EXISTS `_CONTENTS_FILE`;
/*!40101 SET @saved_cs_client     = @@character_set_client */;
/*!40101 SET character_set_client = utf8 */;
CREATE TABLE `_CONTENTS_FILE` (
  `contents_file_id` bigint(20) unsigned NOT NULL AUTO_INCREMENT COMMENT '고유번호',
  `contents_id` int(11) unsigned NOT NULL COMMENT '컨텐츠번호',
  `userid` varchar(100) NOT NULL COMMENT '회원아이디',
  `folder` varchar(255) NOT NULL COMMENT '폴더명',
  `filename` varchar(255) NOT NULL COMMENT '실제파일명',
  `realsize` bigint(20) NOT NULL DEFAULT '0' COMMENT '업로드된 파일 사이즈',
  `size` bigint(20) unsigned NOT NULL COMMENT '사이즈',
  `state` enum('U','P','C','D') NOT NULL DEFAULT 'U' COMMENT '상태 U=업로드중,C=업로드완료,P=패키징완료,D=다운완료',
  `wdate` int(11) unsigned NOT NULL COMMENT '날짜',
  `sort` int(11) unsigned NOT NULL DEFAULT '0' COMMENT '정렬',
  PRIMARY KEY (`contents_file_id`),
  KEY `contents_idx_index` (`contents_id`),
  KEY `sort_index` (`sort`)
) ENGINE=InnoDB AUTO_INCREMENT=678 DEFAULT CHARSET=utf8 COMMENT='컨텐츠파일';
/*!40101 SET character_set_client = @saved_cs_client */;

--
-- Dumping data for table `_CONTENTS_FILE`
--

LOCK TABLES `_CONTENTS_FILE` WRITE;
/*!40000 ALTER TABLE `_CONTENTS_FILE` DISABLE KEYS */;
INSERT INTO `_CONTENTS_FILE` VALUES (100,48,'test','C:\\Users\\super\\Desktop\\mv','[HorribleSubs] Mix - Meisei Story - 10 [720p].mkv',279898606,279898606,'U',1560303131,0),(101,49,'test','C:\\Users\\super\\Desktop\\mv','[HorribleSubs] Mix - Meisei Story - 10 [720p].mkv',279898606,279898606,'U',1560303204,0),(102,49,'test','C:\\Users\\super\\Desktop\\mv','[HorribleSubs] Mix - Meisei Story - 10 [720p].smi',43805,43805,'U',1560303204,1),(103,49,'test','C:\\Users\\super\\Desktop\\mv','[Ohys-Raws] Han-Gyaku-Sei Million Arthur (2019) - 08 (AT-X 1280x720 x264 AAC).mp4',334721387,334721387,'U',1560303204,2),(104,49,'test','C:\\Users\\super\\Desktop\\mv','[Ohys-Raws] Han-Gyaku-Sei Million Arthur (2019) - 08 (AT-X 1280x720 x264 AAC).smi',75822,75822,'U',1560303204,3),(105,50,'test','C:\\API\\v0.1','web3Signer.js',2602,2602,'U',1560304733,0),(106,51,'test','C:\\API\\v0.1','web3Signer.js',2602,2602,'U',1560304779,0),(107,52,'test','C:\\API\\v0.1','ether.js',8451,8451,'U',1560305317,0),(108,53,'test','C:\\API\\v0.1','web3Signer.js',2602,2602,'U',1560305363,0),(109,54,'test','C:\\API\\v0.1','web3Signer.js',2602,2602,'U',1560305430,0),(110,55,'test','C:\\API\\v0.1','web3Signer.js',2602,2602,'U',1560305454,0),(111,56,'test','C:\\API\\v0.1','web3Signer.js',2602,2602,'U',1560305782,0),(112,57,'test','C:\\API\\v0.1','web3Signer.js',2602,2602,'U',1560305813,0),(113,58,'test','C:\\API\\v0.1','web3Signer.js',2602,2602,'U',1560306076,0),(114,59,'test','C:\\API\\v0.1','web3Signer.js',2602,2602,'U',1560306309,0),(115,60,'test','C:\\API\\v0.1','web3Signer.js',2602,2602,'U',1560306747,0),(116,61,'test','C:\\API\\v0.1','web3Signer.js',2602,2602,'U',1560306899,0),(117,62,'test','C:\\API\\v0.1','web3Signer.js',2602,2602,'U',1560307383,0),(118,63,'test','C:\\API\\v0.1','web3Signer.js',2602,2602,'U',1560307434,0),(119,64,'test','C:\\API\\v0.1','web3Signer.js',2602,2602,'U',1560307487,0),(120,65,'test','C:\\API\\v0.1','web3Signer.js',2602,2602,'U',1560307676,0),(121,66,'test','C:\\API\\v0.1','web3Signer.js',2602,2602,'U',1560307730,0),(122,67,'test','C:\\API\\v0.1','.env.json',95,95,'U',1560308092,0),(123,67,'test','C:\\API\\v0.1','app.js',24720,24720,'U',1560308092,1),(124,67,'test','C:\\API\\v0.1','dapp.js',15412,15412,'U',1560308092,2),(125,67,'test','C:\\API\\v0.1','ether.js',8451,8451,'U',1560308092,3),(126,67,'test','C:\\API\\v0.1','package.json',6406,6406,'U',1560308092,4),(127,67,'test','C:\\API\\v0.1','README.md',11422,11422,'U',1560308092,5),(128,67,'test','C:\\API\\v0.1','web3Signer.js',2602,2602,'U',1560308092,6),(129,67,'test','C:\\API\\v0.1','yarn.lock',216734,216734,'U',1560308092,7),(130,68,'test','C:\\API\\v0.1','.env.json',95,95,'U',1560308179,0),(131,68,'test','C:\\API\\v0.1','app.js',24720,24720,'U',1560308179,1),(132,68,'test','C:\\API\\v0.1','dapp.js',15412,15412,'U',1560308179,2),(133,68,'test','C:\\API\\v0.1','ether.js',8451,8451,'U',1560308179,3),(134,68,'test','C:\\API\\v0.1','package.json',6406,6406,'U',1560308179,4),(135,68,'test','C:\\API\\v0.1','README.md',11422,11422,'U',1560308179,5),(136,68,'test','C:\\API\\v0.1','web3Signer.js',2602,2602,'U',1560308179,6),(137,68,'test','C:\\API\\v0.1','yarn.lock',216734,216734,'U',1560308179,7),(138,69,'test','C:\\API\\v0.1','.env.json',95,95,'U',1560308236,0),(139,69,'test','C:\\API\\v0.1','app.js',24720,24720,'U',1560308236,1),(140,69,'test','C:\\API\\v0.1','dapp.js',15412,15412,'U',1560308236,2),(141,69,'test','C:\\API\\v0.1','ether.js',8451,8451,'U',1560308236,3),(142,69,'test','C:\\API\\v0.1','package.json',6406,6406,'U',1560308236,4),(143,69,'test','C:\\API\\v0.1','README.md',11422,11422,'U',1560308236,5),(144,69,'test','C:\\API\\v0.1','web3Signer.js',2602,2602,'U',1560308236,6),(145,69,'test','C:\\API\\v0.1','yarn.lock',216734,216734,'U',1560308236,7),(146,70,'test','C:\\API\\v0.1','.env.json',95,95,'U',1560308314,0),(147,70,'test','C:\\API\\v0.1','app.js',24720,24720,'U',1560308314,1),(148,70,'test','C:\\API\\v0.1','dapp.js',15412,15412,'U',1560308314,2),(149,70,'test','C:\\API\\v0.1','ether.js',8451,8451,'U',1560308314,3),(150,70,'test','C:\\API\\v0.1','package.json',6406,6406,'U',1560308314,4),(151,70,'test','C:\\API\\v0.1','README.md',11422,11422,'U',1560308314,5),(152,70,'test','C:\\API\\v0.1','web3Signer.js',2602,2602,'U',1560308314,6),(153,70,'test','C:\\API\\v0.1','yarn.lock',216734,216734,'U',1560308314,7),(154,71,'test','C:\\API\\v0.1','.env.json',95,95,'U',1560308362,0),(155,71,'test','C:\\API\\v0.1','app.js',24720,24720,'U',1560308362,1),(156,71,'test','C:\\API\\v0.1','dapp.js',15412,15412,'U',1560308362,2),(157,71,'test','C:\\API\\v0.1','ether.js',8451,8451,'U',1560308362,3),(158,71,'test','C:\\API\\v0.1','package.json',6406,6406,'U',1560308362,4),(159,71,'test','C:\\API\\v0.1','README.md',11422,11422,'U',1560308362,5),(160,71,'test','C:\\API\\v0.1','web3Signer.js',2602,2602,'U',1560308362,6),(161,71,'test','C:\\API\\v0.1','yarn.lock',216734,216734,'U',1560308362,7),(162,72,'test','C:\\API\\v0.1','.env.json',95,95,'U',1560308414,0),(163,72,'test','C:\\API\\v0.1','app.js',24720,24720,'U',1560308414,1),(164,72,'test','C:\\API\\v0.1','dapp.js',15412,15412,'U',1560308414,2),(165,72,'test','C:\\API\\v0.1','ether.js',8451,8451,'U',1560308414,3),(166,72,'test','C:\\API\\v0.1','package.json',6406,6406,'U',1560308414,4),(167,72,'test','C:\\API\\v0.1','README.md',11422,11422,'U',1560308414,5),(168,72,'test','C:\\API\\v0.1','web3Signer.js',2602,2602,'U',1560308414,6),(169,72,'test','C:\\API\\v0.1','yarn.lock',216734,216734,'U',1560308414,7),(170,73,'test','C:\\API\\v0.1','.env.json',95,95,'U',1560308475,0),(171,73,'test','C:\\API\\v0.1','app.js',24720,24720,'U',1560308475,1),(172,73,'test','C:\\API\\v0.1','dapp.js',15412,15412,'U',1560308475,2),(173,73,'test','C:\\API\\v0.1','ether.js',8451,8451,'U',1560308475,3),(174,73,'test','C:\\API\\v0.1','package.json',6406,6406,'U',1560308475,4),(175,73,'test','C:\\API\\v0.1','README.md',11422,11422,'U',1560308475,5),(176,73,'test','C:\\API\\v0.1','web3Signer.js',2602,2602,'U',1560308475,6),(177,73,'test','C:\\API\\v0.1','yarn.lock',216734,216734,'U',1560308475,7),(178,74,'test','C:\\API\\v0.1','.env.json',95,95,'U',1560308903,0),(179,74,'test','C:\\API\\v0.1','app.js',24720,24720,'U',1560308903,1),(180,74,'test','C:\\API\\v0.1','dapp.js',15412,15412,'U',1560308903,2),(181,74,'test','C:\\API\\v0.1','ether.js',8451,8451,'U',1560308903,3),(182,74,'test','C:\\API\\v0.1','package.json',6406,6406,'U',1560308903,4),(183,74,'test','C:\\API\\v0.1','README.md',11422,11422,'U',1560308903,5),(184,74,'test','C:\\API\\v0.1','web3Signer.js',2602,2602,'U',1560308903,6),(185,74,'test','C:\\API\\v0.1','yarn.lock',216734,216734,'U',1560308903,7),(186,75,'test','C:\\API\\v0.1','web3Signer.js',2602,2602,'U',1560309043,0),(187,76,'test','C:\\API\\v0.1','web3Signer.js',2602,2602,'U',1560310359,0),(188,77,'test','C:\\API\\v0.1','web3Signer.js',2602,2602,'U',1560310430,0),(189,78,'test','C:\\API\\v0.1','web3Signer.js',2602,2602,'U',1560310506,0),(190,79,'test','C:\\API\\v0.1','web3Signer.js',2602,2602,'U',1560310595,0),(191,80,'test','C:\\API\\v0.1','web3Signer.js',2602,2602,'U',1560310662,0),(192,81,'test','C:\\API\\v0.1','web3Signer.js',2602,2602,'U',1560311035,0),(193,82,'test','C:\\API\\v0.1','web3Signer.js',2602,2602,'U',1560311062,0),(194,83,'test','C:\\API\\v0.1','web3Signer.js',2602,2602,'U',1560311087,0),(195,84,'test','C:\\API\\v0.1','web3Signer.js',2602,2602,'U',1560311178,0),(196,85,'test','C:\\API\\v0.1','web3Signer.js',2602,2602,'U',1560311255,0),(197,86,'test','C:\\API\\v0.1','app.js',24720,24720,'U',1560311311,0),(198,87,'test','C:\\API\\v0.1','web3Signer.js',2602,2602,'U',1560311495,0),(199,88,'test','C:\\API\\v0.1','web3Signer.js',2602,2602,'U',1560311548,0),(200,89,'test','C:\\API\\v0.1','web3Signer.js',2602,2602,'U',1560311598,0),(201,90,'test','C:\\API\\v0.1','web3Signer.js',2602,2602,'U',1560311666,0),(202,91,'test','C:\\API\\v0.1','web3Signer.js',2602,2602,'U',1560311731,0),(203,92,'test','C:\\API\\v0.1','web3Signer.js',2602,2602,'U',1560311836,0),(204,93,'test','C:\\API\\v0.1','web3Signer.js',2602,2602,'U',1560311975,0),(205,94,'test','C:\\API\\v0.1','README.md',11422,11422,'U',1560312029,0),(206,95,'test','C:\\API\\v0.1','yarn.lock',216734,216734,'U',1560312099,0),(207,96,'test','C:\\API\\v0.1','web3Signer.js',2602,2602,'U',1560312123,0),(208,97,'test','C:\\API\\v0.1','web3Signer.js',2602,2602,'U',1560312135,0),(209,98,'test','C:\\API\\v0.1','web3Signer.js',2602,2602,'U',1560312174,0),(210,99,'test','C:\\API\\v0.1','web3Signer.js',2602,2602,'U',1560312426,0),(211,100,'test','C:\\API\\v0.1','web3Signer.js',2602,2602,'U',1560314021,0),(212,101,'test','C:\\API\\v0.1','web3Signer.js',2602,2602,'U',1560314088,0),(213,102,'test','C:\\API\\v0.1','web3Signer.js',2602,2602,'U',1560314155,0),(214,103,'test','C:\\API\\v0.1','web3Signer.js',2602,2602,'U',1560314182,0),(215,104,'test','C:\\API\\v0.1','web3Signer.js',2602,2602,'U',1560314224,0),(216,105,'test','C:\\API\\v0.1','web3Signer.js',2602,2602,'U',1560314261,0),(217,106,'test','C:\\API\\v0.1','.env.json',95,95,'U',1560314317,0),(218,107,'test','C:\\API\\v0.1','web3Signer.js',2602,2602,'U',1560315379,0),(219,108,'test','C:\\API\\v0.1','ether.js',8451,8451,'U',1560315706,0),(220,109,'test','C:\\API\\v0.1','web3Signer.js',2602,2602,'U',1560315740,0),(221,110,'test','C:\\API\\v0.1','.env.json',95,95,'U',1560315769,0),(222,110,'test','C:\\API\\v0.1','app.js',24720,24720,'U',1560315769,1),(223,110,'test','C:\\API\\v0.1','dapp.js',15412,15412,'U',1560315769,2),(224,110,'test','C:\\API\\v0.1','ether.js',8451,8451,'U',1560315769,3),(225,110,'test','C:\\API\\v0.1','package.json',6406,6406,'U',1560315769,4),(226,110,'test','C:\\API\\v0.1','README.md',11422,11422,'U',1560315769,5),(227,110,'test','C:\\API\\v0.1','web3Signer.js',2602,2602,'U',1560315769,6),(228,110,'test','C:\\API\\v0.1','yarn.lock',216734,216734,'U',1560315769,7),(229,111,'test','C:\\API\\v0.1','.env.json',95,95,'U',1560315846,0),(230,111,'test','C:\\API\\v0.1','app.js',24720,24720,'U',1560315846,1),(231,111,'test','C:\\API\\v0.1','dapp.js',15412,15412,'U',1560315846,2),(232,111,'test','C:\\API\\v0.1','ether.js',8451,8451,'U',1560315846,3),(233,111,'test','C:\\API\\v0.1','package.json',6406,6406,'U',1560315846,4),(234,111,'test','C:\\API\\v0.1','README.md',11422,11422,'U',1560315846,5),(235,111,'test','C:\\API\\v0.1','web3Signer.js',2602,2602,'U',1560315846,6),(236,111,'test','C:\\API\\v0.1','yarn.lock',216734,216734,'U',1560315846,7),(237,112,'test','C:\\API\\v0.1','.env.json',95,95,'U',1560315970,0),(238,112,'test','C:\\API\\v0.1','app.js',24720,24720,'U',1560315970,1),(239,112,'test','C:\\API\\v0.1','dapp.js',15412,15412,'U',1560315970,2),(240,112,'test','C:\\API\\v0.1','ether.js',8451,8451,'U',1560315970,3),(241,112,'test','C:\\API\\v0.1','package.json',6406,6406,'U',1560315970,4),(242,112,'test','C:\\API\\v0.1','README.md',11422,11422,'U',1560315970,5),(243,112,'test','C:\\API\\v0.1','web3Signer.js',2602,2602,'U',1560315970,6),(244,112,'test','C:\\API\\v0.1','yarn.lock',216734,216734,'U',1560315970,7),(245,113,'test','C:\\API\\v0.1','.env.json',95,95,'U',1560316081,0),(246,113,'test','C:\\API\\v0.1','app.js',24720,24720,'U',1560316081,1),(247,113,'test','C:\\API\\v0.1','dapp.js',15412,15412,'U',1560316081,2),(248,113,'test','C:\\API\\v0.1','ether.js',8451,8451,'U',1560316081,3),(249,113,'test','C:\\API\\v0.1','package.json',6406,6406,'U',1560316081,4),(250,113,'test','C:\\API\\v0.1','README.md',11422,11422,'U',1560316081,5),(251,113,'test','C:\\API\\v0.1','web3Signer.js',2602,2602,'U',1560316081,6),(252,113,'test','C:\\API\\v0.1','yarn.lock',216734,216734,'U',1560316081,7),(253,114,'test','C:\\API\\v0.1','.env.json',95,95,'U',1560316285,0),(254,114,'test','C:\\API\\v0.1','app.js',24720,24720,'U',1560316285,1),(255,114,'test','C:\\API\\v0.1','dapp.js',15412,15412,'U',1560316285,2),(256,114,'test','C:\\API\\v0.1','ether.js',8451,8451,'U',1560316285,3),(257,114,'test','C:\\API\\v0.1','package.json',6406,6406,'U',1560316285,4),(258,114,'test','C:\\API\\v0.1','README.md',11422,11422,'U',1560316285,5),(259,114,'test','C:\\API\\v0.1','web3Signer.js',2602,2602,'U',1560316285,6),(260,114,'test','C:\\API\\v0.1','yarn.lock',216734,216734,'U',1560316285,7),(261,115,'test','C:\\API\\v0.1','.env.json',95,95,'U',1560316361,0),(262,115,'test','C:\\API\\v0.1','app.js',24720,24720,'U',1560316361,1),(263,115,'test','C:\\API\\v0.1','dapp.js',15412,15412,'U',1560316361,2),(264,115,'test','C:\\API\\v0.1','ether.js',8451,8451,'U',1560316361,3),(265,115,'test','C:\\API\\v0.1','package.json',6406,6406,'U',1560316361,4),(266,115,'test','C:\\API\\v0.1','README.md',11422,11422,'U',1560316361,5),(267,115,'test','C:\\API\\v0.1','web3Signer.js',2602,2602,'U',1560316361,6),(268,115,'test','C:\\API\\v0.1','yarn.lock',216734,216734,'U',1560316361,7),(269,116,'test','C:\\API\\v0.1','.env.json',95,95,'U',1560316416,0),(270,116,'test','C:\\API\\v0.1','app.js',24720,24720,'U',1560316416,1),(271,116,'test','C:\\API\\v0.1','dapp.js',15412,15412,'U',1560316416,2),(272,116,'test','C:\\API\\v0.1','ether.js',8451,8451,'U',1560316416,3),(273,116,'test','C:\\API\\v0.1','package.json',6406,6406,'U',1560316416,4),(274,116,'test','C:\\API\\v0.1','README.md',11422,11422,'U',1560316416,5),(275,116,'test','C:\\API\\v0.1','web3Signer.js',2602,2602,'U',1560316416,6),(276,116,'test','C:\\API\\v0.1','yarn.lock',216734,216734,'U',1560316416,7),(277,117,'test','C:\\API\\v0.1','.env.json',95,95,'U',1560316486,0),(278,117,'test','C:\\API\\v0.1','app.js',24720,24720,'U',1560316486,1),(279,117,'test','C:\\API\\v0.1','dapp.js',15412,15412,'U',1560316486,2),(280,117,'test','C:\\API\\v0.1','ether.js',8451,8451,'U',1560316486,3),(281,117,'test','C:\\API\\v0.1','package.json',6406,6406,'U',1560316486,4),(282,117,'test','C:\\API\\v0.1','README.md',11422,11422,'U',1560316486,5),(283,117,'test','C:\\API\\v0.1','web3Signer.js',2602,2602,'U',1560316486,6),(284,117,'test','C:\\API\\v0.1','yarn.lock',216734,216734,'U',1560316486,7),(285,118,'test','C:\\API\\v0.1','.env.json',95,95,'U',1560317896,0),(286,118,'test','C:\\API\\v0.1','app.js',24720,24720,'U',1560317896,1),(287,118,'test','C:\\API\\v0.1','dapp.js',15412,15412,'U',1560317896,2),(288,118,'test','C:\\API\\v0.1','ether.js',8451,8451,'U',1560317896,3),(289,118,'test','C:\\API\\v0.1','package.json',6406,6406,'U',1560317896,4),(290,118,'test','C:\\API\\v0.1','README.md',11422,11422,'U',1560317896,5),(291,118,'test','C:\\API\\v0.1','web3Signer.js',2602,2602,'U',1560317896,6),(292,118,'test','C:\\API\\v0.1','yarn.lock',216734,216734,'U',1560317896,7),(293,119,'test','C:\\API\\v0.1','web3Signer.js',2602,2602,'U',1560319340,0),(294,120,'test','C:\\API\\v0.1','.env.json',95,95,'U',1560319406,0),(295,120,'test','C:\\API\\v0.1','app.js',24720,24720,'U',1560319406,1),(296,120,'test','C:\\API\\v0.1','dapp.js',15412,15412,'U',1560319406,2),(297,120,'test','C:\\API\\v0.1','ether.js',8451,8451,'U',1560319406,3),(298,120,'test','C:\\API\\v0.1','package.json',6406,6406,'U',1560319406,4),(299,120,'test','C:\\API\\v0.1','README.md',11422,11422,'U',1560319406,5),(300,120,'test','C:\\API\\v0.1','web3Signer.js',2602,2602,'U',1560319406,6),(301,120,'test','C:\\API\\v0.1','yarn.lock',216734,216734,'U',1560319406,7),(302,121,'test','C:\\API\\v0.1','.env.json',95,95,'U',1560319848,0),(303,121,'test','C:\\API\\v0.1','app.js',24720,24720,'U',1560319848,1),(304,121,'test','C:\\API\\v0.1','dapp.js',15412,15412,'U',1560319848,2),(305,121,'test','C:\\API\\v0.1','ether.js',8451,8451,'U',1560319848,3),(306,121,'test','C:\\API\\v0.1','package.json',6406,6406,'U',1560319848,4),(307,121,'test','C:\\API\\v0.1','README.md',11422,11422,'U',1560319848,5),(308,121,'test','C:\\API\\v0.1','web3Signer.js',2602,2602,'U',1560319848,6),(309,121,'test','C:\\API\\v0.1','yarn.lock',216734,216734,'U',1560319848,7),(310,122,'test','C:\\API\\v0.1\\jsons','BChannel.json',452538,452538,'U',1560319958,0),(311,123,'test','C:\\Users\\super\\Desktop\\mv','[HorribleSubs] Mix - Meisei Story - 10 [720p].mkv',279898606,279898606,'U',1560320248,0),(312,124,'test','C:\\Users\\super\\Desktop\\mv','[Ohys-Raws] Han-Gyaku-Sei Million Arthur (2019) - 08 (AT-X 1280x720 x264 AAC).mp4',334721387,334721387,'U',1560320285,0),(313,125,'test','C:\\Users\\super\\Desktop\\mv','[HorribleSubs] Mix - Meisei Story - 10 [720p].mkv',279898606,279898606,'U',1560320304,0),(314,126,'test','C:\\Users\\Gaonsds\\Desktop','btn_out.png',1694,1694,'U',1560320440,0),(315,127,'test','C:\\Users\\Gaonsds\\Desktop','btn_out.png',1694,1694,'U',1560320516,0),(316,128,'test','C:\\Users\\Gaonsds\\Desktop\\BDChainSvr','BDChainSvr.exe',2142720,2142720,'P',1560320563,0),(317,128,'test','C:\\Users\\Gaonsds\\Desktop\\BDChainSvr','config.ini',31,31,'U',1560320563,1),(318,129,'test','C:\\Users\\KpostDev\\Desktop\\BDChain\\����','toystory.mp4',33505479,33505479,'U',1560390509,0),(319,130,'test','C:\\Users\\KpostDev\\Desktop\\BDChain\\����','toystory.mp4',33505479,33505479,'U',1560390673,0),(320,131,'test','C:\\Users\\KpostDev\\Desktop\\BDChain\\����','toystory.mp4',33505479,33505479,'U',1560390744,0),(321,132,'test','C:\\Users\\KpostDev\\Desktop\\BDChain\\����','toystory.mp4',33505479,33505479,'U',1560391072,0),(322,133,'test','C:\\Users\\KpostDev\\Desktop\\BDChain\\����','toystory.mp4',33505479,33505479,'U',1560391860,0),(323,133,'test','C:\\Users\\KpostDev\\Desktop\\BDChain\\문서','toystory.mp4',33505479,33505479,'U',1560391860,1),(324,134,'test','C:\\Users\\KpostDev\\Desktop\\BDChain\\����','toystory.mp4',33505479,33505479,'U',1560391877,0),(325,134,'test','C:\\Users\\KpostDev\\Desktop\\BDChain\\문서','toystory.mp4',33505479,33505479,'U',1560391877,1),(326,135,'test','C:\\Users\\KpostDev\\Desktop\\BDChain\\문서','toystory.mp4',33505479,33505479,'U',1560391996,0),(327,136,'test','C:\\Users\\KpostDev\\Desktop\\BDChain\\문서','toystory.mp4',33505479,33505479,'U',1560392172,0),(328,137,'test','C:\\Users\\KpostDev\\Desktop\\BDChain\\문서','toystory.mp4',33505479,33505479,'U',1560392228,0),(329,138,'test','C:\\Users\\KpostDev\\Desktop\\BDChain\\문서','toystory.mp4',33505479,33505479,'U',1560392243,0),(330,139,'test','C:\\Users\\KpostDev\\Desktop\\BDChain\\문서','toystory.mp4',33505479,33505479,'U',1560392261,0),(331,140,'test','C:\\Users\\KpostDev\\Desktop\\BDChain\\문서','toystory.mp4',33505479,33505479,'U',1560392291,0),(332,141,'test','C:\\Users\\KpostDev\\Desktop\\BDChain\\문서','toystory.mp4',33505479,33505479,'U',1560392300,0),(333,142,'test','C:\\Users\\KpostDev\\Desktop\\BDChain\\문서','toystory.mp4',33505479,33505479,'U',1560392309,0),(334,143,'test','C:\\Users\\KpostDev\\Desktop\\BDChain\\문서','toystory.mp4',33505479,33505479,'U',1560392489,0),(335,144,'test','C:\\Users\\KpostDev\\Desktop\\BDChain\\문서','toystory.mp4',33505479,33505479,'U',1560392545,0),(336,145,'test','C:\\Users\\KpostDev\\Desktop\\BDChain\\문서','toystory.mp4',33505479,33505479,'U',1560392657,0),(337,146,'test','C:\\Users\\KpostDev\\Desktop\\BDChain\\문서','toystory.mp4',33505479,33505479,'U',1560392703,0),(338,147,'test','C:\\Users\\KpostDev\\Desktop\\BDChain\\문서','toystory.mp4',33505479,33505479,'U',1560392743,0),(339,148,'test','C:\\Users\\KpostDev\\Desktop\\BDChain\\문서','toystory.mp4',33505479,33505479,'U',1560392765,0),(340,149,'test','C:\\Users\\KpostDev\\Desktop\\BDChain\\문서','toystory.mp4',33505479,33505479,'U',1560392832,0),(341,150,'test','C:\\Users\\KpostDev\\Desktop\\BDChain\\문서','toystory.mp4',33505479,33505479,'U',1560393117,0),(342,151,'test','C:\\Users\\KpostDev\\Desktop\\BDChain\\문서','toystory.mp4',33505479,33505479,'U',1560393156,0),(343,152,'test','C:\\Users\\KpostDev\\Desktop\\BDChain\\문서','toystory.mp4',33505479,33505479,'U',1560393196,0),(344,153,'test','C:\\Users\\KpostDev\\Desktop\\BDChain\\문서','toystory.mp4',33505479,33505479,'U',1560393286,0),(345,154,'test','C:\\Users\\KpostDev\\Desktop\\BDChain\\문서','toystory.mp4',33505479,33505479,'U',1560393332,0),(346,155,'test','C:\\Users\\KpostDev\\Desktop\\BDChain\\문서','toystory.mp4',33505479,33505479,'U',1560393393,0),(347,156,'test','C:\\Users\\KpostDev\\Desktop\\BDChain\\문서','toystory.mp4',33505479,33505479,'U',1560394102,0),(348,157,'test','C:\\Users\\KpostDev\\Desktop\\BDChain\\문서','toystory.mp4',33505479,33505479,'U',1560398488,0),(349,158,'test','C:\\Users\\KpostDev\\Desktop\\BDChain\\문서','toystory.mp4',33505479,33505479,'U',1560398749,0),(350,159,'test','C:\\Users\\KpostDev\\Desktop\\BDChain\\문서','toystory.mp4',33505479,33505479,'U',1560398807,0),(351,160,'test','C:\\Users\\KpostDev\\Desktop\\BDChain\\문서','toystory.mp4',33505479,33505479,'U',1560398826,0),(352,161,'test','C:\\Users\\KpostDev\\Desktop\\BDChain\\문서','toystory.mp4',33505479,33505479,'U',1560398902,0),(353,162,'test','C:\\Users\\KpostDev\\Desktop\\BDChain\\문서','toystory.mp4',33505479,33505479,'U',1560398968,0),(354,163,'test','C:\\Users\\KpostDev\\Desktop\\BDChain\\문서','toystory.mp4',33505479,33505479,'U',1560399031,0),(355,164,'test','C:\\Users\\KpostDev\\Desktop\\BDChain\\문서','toystory.mp4',33505479,33505479,'U',1560399065,0),(356,165,'test','C:\\Users\\KpostDev\\Desktop\\BDChain\\문서','toystory.mp4',33505479,33505479,'U',1560399120,0),(357,166,'test','C:\\Users\\KpostDev\\Desktop\\BDChain\\문서','toystory.mp4',33505479,33505479,'U',1560399143,0),(358,167,'test','C:\\Users\\KpostDev\\Desktop\\BDChain\\문서','toystory.mp4',33505479,33505479,'U',1560399183,0),(359,168,'test','C:\\Users\\KpostDev\\Desktop\\BDChain\\문서','toystory.mp4',33505479,33505479,'U',1560399243,0),(360,169,'test','C:\\Users\\KpostDev\\Desktop\\BDChain\\문서','toystory.mp4',33505479,33505479,'U',1560399316,0),(361,170,'test','C:\\Users\\KpostDev\\Desktop\\BDChain\\문서','toystory.mp4',33505479,33505479,'U',1560399408,0),(362,171,'test','C:\\Users\\KpostDev\\Desktop\\BDChain\\문서','toystory.mp4',33505479,33505479,'U',1560399482,0),(363,172,'test','C:\\Users\\KpostDev\\Desktop\\BDChain\\문서','toystory.mp4',33505479,33505479,'U',1560399635,0),(364,173,'test','C:\\Users\\KpostDev\\Desktop\\BDChain\\문서','toystory.mp4',33505479,33505479,'U',1560399699,0),(365,174,'test','C:\\Users\\KpostDev\\Desktop\\BDChain\\문서','toystory.mp4',33505479,33505479,'U',1560399754,0),(366,175,'test','C:\\Users\\KpostDev\\Desktop\\BDChain\\문서','toystory.mp4',33505479,33505479,'U',1560399859,0),(367,176,'test','C:\\Users\\KpostDev\\Desktop\\BDChain\\문서','toystory.mp4',33505479,33505479,'U',1560399971,0),(368,177,'test','C:\\Users\\KpostDev\\Desktop\\BDChain\\문서','toystory.mp4',33505479,33505479,'U',1560400030,0),(369,178,'test','C:\\Users\\KpostDev\\Desktop\\BDChain\\문서','toystory.mp4',33505479,33505479,'U',1560400081,0),(370,179,'test','C:\\Users\\KpostDev\\Desktop\\BDChain\\문서','toystory.mp4',33505479,33505479,'U',1560400234,0),(371,180,'test','C:\\Users\\KpostDev\\Desktop\\BDChain\\문서','toystory.mp4',33505479,33505479,'U',1560400302,0),(372,181,'test','C:\\Users\\KpostDev\\Desktop\\BDChain\\문서','toystory.mp4',33505479,33505479,'U',1560400443,0),(373,182,'test','C:\\Users\\KpostDev\\Desktop\\BDChain\\문서','toystory.mp4',33505479,33505479,'U',1560400532,0),(374,183,'test','C:\\Users\\KpostDev\\Desktop\\BDChain\\문서','toystory.mp4',33505479,33505479,'U',1560400583,0),(375,184,'test','C:\\Users\\KpostDev\\Desktop\\BDChain\\문서','toystory.mp4',33505479,33505479,'U',1560400932,0),(376,185,'test','C:\\Users\\KpostDev\\Desktop\\BDChain\\문서','toystory.mp4',33505479,33505479,'U',1560400951,0),(377,186,'test','C:\\Users\\KpostDev\\Desktop\\BDChain\\문서','toystory.mp4',33505479,33505479,'U',1560401019,0),(378,187,'test','C:\\Users\\KpostDev\\Desktop\\BDChain\\문서','toystory.mp4',33505479,33505479,'U',1560401070,0),(379,188,'test','C:\\Users\\KpostDev\\Desktop\\BDChain\\문서','toystory.mp4',33505479,33505479,'U',1560401537,0),(380,189,'test','C:\\Users\\KpostDev\\Desktop\\BDChain\\문서','toystory.mp4',33505479,33505479,'U',1560401762,0),(381,190,'test','C:\\Users\\KpostDev\\Desktop\\BDChain\\문서','toystory.mp4',33505479,33505479,'U',1560401784,0),(382,191,'test','C:\\Users\\KpostDev\\Desktop\\BDChain\\문서','toystory.mp4',33505479,33505479,'U',1560403105,0),(383,192,'test','C:\\Users\\KpostDev\\Desktop\\BDChain\\문서','toystory.mp4',33505479,33505479,'U',1560403158,0),(384,193,'test','C:\\Users\\KpostDev\\Desktop\\BDChain\\문서','toystory.mp4',33505479,33505479,'U',1560403200,0),(385,194,'test','C:\\Users\\KpostDev\\Desktop\\BDChain\\문서','toystory.mp4',33505479,33505479,'U',1560403246,0),(386,195,'test','C:\\Users\\KpostDev\\Desktop\\BDChain\\문서','toystory.mp4',33505479,33505479,'U',1560403303,0),(387,196,'test','C:\\Users\\KpostDev\\Desktop\\BDChain\\문서','toystory.mp4',33505479,33505479,'U',1560404126,0),(388,197,'test','C:\\Users\\KpostDev\\Desktop\\BDChain\\문서','toystory.mp4',33505479,33505479,'U',1560404182,0),(389,198,'test','C:\\Users\\KpostDev\\Desktop\\BDChain\\문서','toystory.mp4',33505479,33505479,'U',1560405126,0),(390,199,'test','C:\\Users\\KpostDev\\Desktop\\BDChain\\문서','toystory.mp4',33505479,33505479,'U',1560405167,0),(391,200,'test','C:\\Users\\KpostDev\\Desktop\\BDChain\\문서','toystory.mp4',33505479,33505479,'U',1560405250,0),(392,201,'test','C:\\Users\\KpostDev\\Desktop\\BDChain\\문서','toystory.mp4',33505479,33505479,'U',1560405305,0),(393,202,'test','C:\\Users\\KpostDev\\Desktop\\BDChain\\문서','toystory.mp4',33505479,33505479,'U',1560405389,0),(394,203,'test','C:\\Users\\KpostDev\\Desktop\\BDChain\\문서','toystory.mp4',33505479,33505479,'U',1560405560,0),(395,204,'test','C:\\Users\\KpostDev\\Desktop\\BDChain\\문서','toystory.mp4',33505479,33505479,'U',1560406325,0),(396,205,'test','C:\\Users\\KpostDev\\Desktop\\BDChain\\문서','toystory.mp4',33505479,33505479,'U',1560406595,0),(397,206,'test','C:\\Users\\KpostDev\\Desktop\\BDChain\\문서','toystory.mp4',33505479,33505479,'U',1560406661,0),(398,207,'test','C:\\Users\\KpostDev\\Desktop\\BDChain\\문서','toystory.mp4',33505479,33505479,'U',1560406754,0),(399,208,'test','C:\\Users\\KpostDev\\Desktop\\BDChain\\문서','toystory.mp4',33505479,33505479,'U',1560407169,0),(400,209,'test','C:\\Users\\KpostDev\\Desktop\\BDChain\\문서','toystory.mp4',33505479,33505479,'U',1560407309,0),(401,210,'test','C:\\Users\\KpostDev\\Desktop\\BDChain\\문서','toystory.mp4',33505479,33505479,'U',1560407395,0),(402,211,'test','C:\\Users\\KpostDev\\Desktop\\BDChain\\문서','toystory.mp4',33505479,33505479,'U',1560407547,0),(403,212,'test','C:\\Users\\KpostDev\\Desktop\\BDChain\\문서','toystory.mp4',33505479,33505479,'U',1560407617,0),(404,213,'test','C:\\Users\\KpostDev\\Desktop\\BDChain\\문서','drm_toystory.mp4',33506970,33506970,'U',1560409949,0),(405,214,'test','C:\\API\\v0.1','app.js',24720,24720,'U',1560473239,0),(406,215,'test','C:\\API\\v0.1','app.js',24720,24720,'U',1560473331,0),(407,216,'test','C:\\API\\v0.1','app.js',24720,24720,'U',1560473389,0),(408,217,'test','C:\\API\\v0.1','app.js',24720,24720,'U',1560473436,0),(409,218,'test','C:\\API\\v0.1','app.js',24720,24720,'P',1560473511,0),(410,219,'test','C:\\API\\v0.1','app.js',24720,24720,'D',1560474312,0),(411,220,'test','C:\\Users\\KpostDev\\Desktop\\BDChain\\문서','toystory.mp4',33505479,33505479,'D',1560474438,0),(412,221,'test','C:\\Users\\KpostDev\\Desktop\\BDChain\\문서','toystory.mp4',33505479,33505479,'D',1560482246,0),(413,222,'test','C:\\Users\\KpostDev\\Desktop\\BDChain\\문서','toystory.mp4',33505479,33505479,'D',1560482444,0),(414,223,'test','C:\\Users\\KpostDev\\Desktop\\BDChain\\문서','toystory.mp4',33505479,33505479,'D',1560482681,0),(415,224,'test','C:\\Users\\KpostDev\\Desktop\\BDChain\\문서','toystory.mp4',33505479,33505479,'U',1560482809,0),(416,225,'test','C:\\Users\\KpostDev\\Desktop\\BDChain\\문서','toystory.mp4',33505479,33505479,'U',1560482832,0),(417,226,'test','C:\\Users\\KpostDev\\Desktop\\BDChain\\문서','toystory.mp4',33505479,33505479,'U',1560482888,0),(418,227,'test','C:\\Users\\KpostDev\\Desktop\\BDChain\\문서','toystory.mp4',33505479,33505479,'U',1560482958,0),(419,228,'test','C:\\Users\\KpostDev\\Desktop\\BDChain\\문서','toystory.mp4',33505479,33505479,'U',1560483068,0),(420,229,'test','C:\\Users\\KpostDev\\Desktop\\BDChain\\문서','toystory.mp4',33505479,33505479,'U',1560483068,0),(421,230,'test','C:\\Users\\KpostDev\\Desktop\\BDChain\\문서','toystory.mp4',33505479,33505479,'U',1560483068,0),(422,231,'test','C:\\Users\\KpostDev\\Desktop\\BDChain\\문서','toystory.mp4',33505479,33505479,'U',1560483068,0),(423,232,'test','C:\\Users\\KpostDev\\Desktop\\BDChain\\문서','toystory.mp4',33505479,33505479,'U',1560483068,0),(424,233,'test','C:\\Users\\KpostDev\\Desktop\\BDChain\\문서','toystory.mp4',33505479,33505479,'U',1560483096,0),(425,234,'test','C:\\Users\\KpostDev\\Desktop\\BDChain\\문서','toystory.mp4',33505479,33505479,'U',1560483200,0),(426,235,'test','C:\\Users\\KpostDev\\Desktop\\BDChain\\문서','toystory.mp4',33505479,33505479,'U',1560483225,0),(427,236,'test','C:\\Users\\KpostDev\\Desktop\\BDChain\\문서','toystory.mp4',33505479,33505479,'D',1560483252,0),(428,237,'test','C:\\Users\\KpostDev\\Desktop\\BDChain\\문서','toystory.mp4',33505479,33505479,'U',1560483429,0),(429,238,'test','C:\\Users\\KpostDev\\Desktop\\BDChain\\문서','toystory.mp4',33505479,33505479,'U',1560483453,0),(430,239,'test','C:\\Users\\KpostDev\\Desktop\\BDChain\\문서','toystory.mp4',33505479,33505479,'U',1560483489,0),(431,240,'test','C:\\Users\\KpostDev\\Desktop\\BDChain\\문서','toystory.mp4',33505479,33505479,'D',1560483523,0),(432,241,'test','C:\\Users\\KpostDev\\Desktop\\BDChain\\문서','toystory.mp4',33505479,33505479,'D',1560483752,0),(433,242,'test','C:\\Users\\KpostDev\\Desktop\\BDChain\\문서','toystory.mp4',33505479,33505479,'D',1560483928,0),(434,243,'test','C:\\Users\\KpostDev\\Desktop\\BDChain\\문서','toystory.mp4',33505479,33505479,'U',1560484001,0),(435,244,'test','C:\\Users\\KpostDev\\Desktop\\BDChain\\문서','toystory.mp4',33505479,33505479,'D',1560484016,0),(436,245,'test','C:\\Users\\KpostDev\\Desktop\\BDChain\\문서','toystory.mp4',33505479,33505479,'U',1560484113,0),(437,246,'test','C:\\Users\\KpostDev\\Desktop\\BDChain\\문서','toystory.mp4',33505479,33505479,'D',1560484125,0),(438,247,'test','C:\\Users\\KpostDev\\Desktop\\BDChain\\문서','toystory.mp4',33505479,33505479,'U',1560484163,0),(439,248,'test','C:\\Users\\KpostDev\\Desktop\\BDChain\\문서','toystory.mp4',33505479,33505479,'U',1560484223,0),(440,249,'test','C:\\Users\\KpostDev\\Desktop\\BDChain\\문서','toystory.mp4',33505479,33505479,'D',1560484361,0),(441,250,'test','C:\\Users\\KpostDev\\Desktop\\갈매기','1.mp4',33505479,33505479,'D',1560485317,0),(442,250,'test','C:\\Users\\KpostDev\\Desktop\\갈매기','2.mp4',33505479,33505479,'U',1560485317,1),(443,251,'test','C:\\Users\\KpostDev\\Desktop\\갈매기','1.mp4',33505479,33505479,'D',1560485345,0),(444,251,'test','C:\\Users\\KpostDev\\Desktop\\갈매기','2.mp4',33505479,33505479,'D',1560485345,1),(445,252,'test','C:\\Users\\KpostDev\\Desktop\\갈매기','1.mp4',33505479,33505479,'D',1560485474,0),(446,252,'test','C:\\Users\\KpostDev\\Desktop\\갈매기','2.mp4',33505479,33505479,'U',1560485474,1),(447,253,'test','C:\\Users\\KpostDev\\Desktop\\갈매기','1.mp4',33505479,33505479,'U',1560485625,0),(448,253,'test','C:\\Users\\KpostDev\\Desktop\\갈매기','2.mp4',33505479,33505479,'U',1560485625,1),(449,254,'test','C:\\Users\\KpostDev\\Desktop\\갈매기','1.mp4',33505479,33505479,'U',1560485695,0),(450,254,'test','C:\\Users\\KpostDev\\Desktop\\갈매기','2.mp4',33505479,33505479,'U',1560485695,1),(451,255,'test','C:\\Users\\KpostDev\\Desktop\\갈매기','1.mp4',33505479,33505479,'U',1560485734,0),(452,255,'test','C:\\Users\\KpostDev\\Desktop\\갈매기','2.mp4',33505479,33505479,'U',1560485734,1),(453,256,'test','C:\\Users\\KpostDev\\Desktop\\갈매기','1.mp4',33505479,33505479,'U',1560485781,0),(454,256,'test','C:\\Users\\KpostDev\\Desktop\\갈매기','2.mp4',33505479,33505479,'U',1560485781,1),(455,257,'test','C:\\Users\\KpostDev\\Desktop\\갈매기','1.mp4',33505479,33505479,'U',1560485803,0),(456,257,'test','C:\\Users\\KpostDev\\Desktop\\갈매기','2.mp4',33505479,33505479,'U',1560485803,1),(457,258,'test','C:\\Users\\KpostDev\\Desktop\\갈매기','1.mp4',33505479,33505479,'D',1560485842,0),(458,258,'test','C:\\Users\\KpostDev\\Desktop\\갈매기','2.mp4',33505479,33505479,'U',1560485842,1),(459,259,'test','C:\\Users\\KpostDev\\Desktop\\갈매기','1.mp4',33505479,33505479,'D',1560485881,0),(460,259,'test','C:\\Users\\KpostDev\\Desktop\\갈매기','2.mp4',33505479,33505479,'D',1560485881,1),(461,260,'test','C:\\Users\\KpostDev\\Desktop\\갈매기','1.mp4',33505479,33505479,'U',1560486009,0),(462,260,'test','C:\\Users\\KpostDev\\Desktop\\갈매기','2.mp4',33505479,33505479,'U',1560486009,1),(463,261,'test','C:\\Users\\KpostDev\\Desktop\\갈매기','1.mp4',33505479,33505479,'D',1560486055,0),(464,261,'test','C:\\Users\\KpostDev\\Desktop\\갈매기','2.mp4',33505479,33505479,'D',1560486055,1),(465,262,'test','C:\\Users\\KpostDev\\Desktop\\갈매기','1.mp4',33505479,33505479,'D',1560486120,0),(466,262,'test','C:\\Users\\KpostDev\\Desktop\\갈매기','2.mp4',33505479,33505479,'D',1560486120,1),(467,263,'test','C:\\Users\\KpostDev\\Desktop\\갈매기','1.mp4',33505479,33505479,'U',1560486234,0),(468,263,'test','C:\\Users\\KpostDev\\Desktop\\갈매기','2.mp4',33505479,33505479,'U',1560486234,1),(469,264,'test','C:\\Users\\KpostDev\\Desktop\\갈매기','1.mp4',33505479,33505479,'U',1560486314,0),(470,264,'test','C:\\Users\\KpostDev\\Desktop\\갈매기','2.mp4',33505479,33505479,'U',1560486314,1),(471,265,'test','C:\\Users\\KpostDev\\Desktop\\갈매기','1.mp4',33505479,33505479,'U',1560486355,0),(472,265,'test','C:\\Users\\KpostDev\\Desktop\\갈매기','2.mp4',33505479,33505479,'U',1560486355,1),(473,266,'test','C:\\Users\\KpostDev\\Desktop\\갈매기','1.mp4',33505479,33505479,'U',1560486446,0),(474,266,'test','C:\\Users\\KpostDev\\Desktop\\갈매기','2.mp4',33505479,33505479,'U',1560486446,1),(475,267,'test','C:\\Users\\KpostDev\\Desktop\\갈매기','1.mp4',33505479,33505479,'D',1560486563,0),(476,267,'test','C:\\Users\\KpostDev\\Desktop\\갈매기','2.mp4',33505479,33505479,'D',1560486563,1),(477,268,'test','C:\\Users\\KpostDev\\Desktop\\갈매기','1.mp4',33505479,33505479,'D',1560486653,0),(478,268,'test','C:\\Users\\KpostDev\\Desktop\\갈매기','2.mp4',33505479,33505479,'D',1560486653,1),(479,269,'test','C:\\Users\\KpostDev\\Desktop\\갈매기','1.mp4',33505479,33505479,'U',1560486853,0),(480,269,'test','C:\\Users\\KpostDev\\Desktop\\갈매기','2.mp4',33505479,33505479,'U',1560486853,1),(481,270,'test','C:\\Users\\KpostDev\\Desktop\\갈매기','1.mp4',33505479,33505479,'D',1560486889,0),(482,270,'test','C:\\Users\\KpostDev\\Desktop\\갈매기','2.mp4',33505479,33505479,'D',1560486889,1),(483,271,'user_id','C:\\Users\\KpostDev\\Desktop\\갈매기','1.mp4',1617399,33505479,'D',1560486972,0),(484,271,'user_id','C:\\Users\\KpostDev\\Desktop\\갈매기','2.mp4',3186862,33505479,'D',1560486972,1),(485,272,'test','C:\\Users\\Gaonsds\\Desktop\\BDChainSvr','BDChainSvr.exe',2142720,2142720,'U',1560744986,0),(486,272,'test','C:\\Users\\Gaonsds\\Desktop\\BDChainSvr','config.ini',31,31,'U',1560744986,1),(487,273,'test','C:\\Users\\Gaonsds\\Desktop\\BDChainSvr','BDChainSvr.exe',2142720,2142720,'U',1560745032,0),(488,273,'test','C:\\Users\\Gaonsds\\Desktop\\BDChainSvr','config.ini',31,31,'U',1560745032,1),(489,274,'test','C:\\Users\\Gaonsds\\Desktop\\BDChainSvr','BDChainSvr.exe',2142720,2142720,'U',1560745207,0),(490,274,'test','C:\\Users\\Gaonsds\\Desktop\\BDChainSvr','config.ini',31,31,'U',1560745207,1),(491,275,'test','C:\\Users\\Gaonsds\\Desktop\\BDChainSvr','BDChainSvr.exe',2142720,2142720,'U',1560745317,0),(492,275,'test','C:\\Users\\Gaonsds\\Desktop\\BDChainSvr','config.ini',31,31,'U',1560745317,1),(493,276,'test','C:\\Users\\Gaonsds\\Desktop\\BDChainSvr','BDChainSvr.exe',2142720,2142720,'U',1560745382,0),(494,276,'test','C:\\Users\\Gaonsds\\Desktop\\BDChainSvr','config.ini',31,31,'U',1560745382,1),(495,277,'test','C:\\Users\\Gaonsds\\Desktop\\BDChainSvr','BDChainSvr.exe',2142720,2142720,'U',1560745426,0),(496,277,'test','C:\\Users\\Gaonsds\\Desktop\\BDChainSvr','config.ini',31,31,'U',1560745426,1),(497,278,'test','C:\\Users\\Gaonsds\\Desktop\\BDChainSvr','BDChainSvr.exe',2142720,2142720,'U',1560745466,0),(498,278,'test','C:\\Users\\Gaonsds\\Desktop\\BDChainSvr','config.ini',31,31,'U',1560745466,1),(499,279,'test','C:\\Users\\Gaonsds\\Desktop\\BDChainSvr','BDChainSvr.exe',2142720,2142720,'U',1560745491,0),(500,279,'test','C:\\Users\\Gaonsds\\Desktop\\BDChainSvr','config.ini',31,31,'U',1560745491,1),(501,280,'test','C:\\Users\\KpostDev\\Desktop\\샘플','1.mp4',33505479,33505479,'U',1560752332,0),(502,281,'test','C:\\Users\\KpostDev\\Desktop\\샘플','1.mp4',33505479,33505479,'U',1560752357,0),(503,281,'test','C:\\Users\\KpostDev\\Desktop\\샘플','1.mp4',33505479,33505479,'U',1560752357,1),(504,281,'test','C:\\Users\\KpostDev\\Desktop\\샘플','2.mp4',33505479,33505479,'U',1560752357,2),(505,282,'test','C:\\Users\\KpostDev\\Desktop\\샘플','1.mp4',33505479,33505479,'U',1560754289,0),(506,282,'test','C:\\Users\\KpostDev\\Desktop\\샘플','2.mp4',33505479,33505479,'U',1560754289,1),(507,283,'test','C:\\Users\\KpostDev\\Desktop\\샘플','1.mp4',33505479,33505479,'U',1560754320,0),(508,283,'test','C:\\Users\\KpostDev\\Desktop\\샘플','2.mp4',33505479,33505479,'U',1560754320,1),(509,284,'test','C:\\Users\\KpostDev\\Desktop\\샘플','1.mp4',33505479,33505479,'U',1560754418,0),(510,284,'test','C:\\Users\\KpostDev\\Desktop\\샘플','2.mp4',33505479,33505479,'U',1560754418,1),(511,285,'test','C:\\Users\\KpostDev\\Desktop\\샘플','1.mp4',33505479,33505479,'U',1560754824,0),(512,285,'test','C:\\Users\\KpostDev\\Desktop\\샘플','2.mp4',33505479,33505479,'U',1560754824,1),(513,286,'test','C:\\Users\\KpostDev\\Desktop\\샘플','1.mp4',33505479,33505479,'U',1560754992,0),(514,286,'test','C:\\Users\\KpostDev\\Desktop\\샘플','2.mp4',33505479,33505479,'U',1560754992,1),(515,286,'test','C:\\Users\\KpostDev\\Desktop\\샘플','1.mp4',33505479,33505479,'U',1560754992,2),(516,286,'test','C:\\Users\\KpostDev\\Desktop\\샘플','2.mp4',33505479,33505479,'U',1560754992,3),(517,287,'test','C:\\Users\\KpostDev\\Desktop\\샘플','1.mp4',33505479,33505479,'U',1560755019,0),(518,287,'test','C:\\Users\\KpostDev\\Desktop\\샘플','2.mp4',33505479,33505479,'U',1560755019,1),(519,287,'test','C:\\Users\\KpostDev\\Desktop\\샘플','1.mp4',33505479,33505479,'U',1560755019,2),(520,287,'test','C:\\Users\\KpostDev\\Desktop\\샘플','2.mp4',33505479,33505479,'U',1560755019,3),(521,288,'test','C:\\Users\\KpostDev\\Desktop\\샘플','1.mp4',33505479,33505479,'D',1560756384,0),(522,288,'test','C:\\Users\\KpostDev\\Desktop\\샘플','2.mp4',33505479,33505479,'U',1560756384,1),(523,289,'test','C:\\Users\\KpostDev\\Desktop\\샘플','1.mp4',33505479,33505479,'U',1560756425,0),(524,289,'test','C:\\Users\\KpostDev\\Desktop\\샘플','2.mp4',33505479,33505479,'U',1560756425,1),(525,290,'test','C:\\Users\\KpostDev\\Desktop\\샘플','1.mp4',33505479,33505479,'U',1560756477,0),(526,290,'test','C:\\Users\\KpostDev\\Desktop\\샘플','2.mp4',33505479,33505479,'U',1560756477,1),(527,291,'test','C:\\Users\\KpostDev\\Desktop\\샘플','1.mp4',33505479,33505479,'U',1560756539,0),(528,291,'test','C:\\Users\\KpostDev\\Desktop\\샘플','2.mp4',33505479,33505479,'U',1560756539,1),(529,292,'test','C:\\Users\\KpostDev\\Desktop\\샘플','1.mp4',33505479,33505479,'D',1560756547,0),(530,292,'test','C:\\Users\\KpostDev\\Desktop\\샘플','2.mp4',33505479,33505479,'U',1560756547,1),(531,271,'user_id','C:\\Users\\KpostDev\\Desktop\\갈매기','3.mp4',3186862,33505479,'D',1560486972,2),(532,293,'test','C:\\Users\\Gaonsds\\Desktop\\BDChainSvr','BDChainSvr.exe',2142720,2142720,'U',1560832597,0),(533,293,'test','C:\\Users\\Gaonsds\\Desktop\\BDChainSvr','config.ini',31,31,'U',1560832597,1),(534,294,'test','C:\\Users\\KpostDev\\Desktop\\샘플','1.mp4',33505479,33505479,'D',1560832886,0),(535,294,'test','C:\\Users\\KpostDev\\Desktop\\샘플','2.mp4',33505479,33505479,'D',1560832886,1),(536,295,'test','C:\\Users\\KpostDev\\Desktop\\샘플','1.mp4',33505479,33505479,'U',1560832983,0),(537,295,'test','C:\\Users\\KpostDev\\Desktop\\샘플','2.mp4',33505479,33505479,'U',1560832983,1),(538,296,'test','C:\\Users\\KpostDev\\Desktop\\샘플','1.mp4',33505479,33505479,'D',1560832995,0),(539,296,'test','C:\\Users\\KpostDev\\Desktop\\샘플','2.mp4',33505479,33505479,'D',1560832995,1),(540,297,'test','C:\\Users\\KpostDev\\Desktop\\샘플','1.mp4',33505479,33505479,'U',1560837699,0),(541,297,'test','C:\\Users\\KpostDev\\Desktop\\샘플','2.mp4',33505479,33505479,'U',1560837699,1),(542,298,'test','C:\\Users\\KpostDev\\Desktop\\샘플','1.mp4',33505479,33505479,'U',1560837723,0),(543,298,'test','C:\\Users\\KpostDev\\Desktop\\샘플','2.mp4',33505479,33505479,'U',1560837723,1),(544,299,'test','C:\\Users\\KpostDev\\Desktop\\샘플','1.mp4',33505479,33505479,'D',1560837735,0),(545,299,'test','C:\\Users\\KpostDev\\Desktop\\샘플','2.mp4',33505479,33505479,'D',1560837735,1),(546,300,'test','C:\\Users\\KpostDev\\Desktop\\샘플','1.mp4',33505479,33505479,'U',1560837756,0),(547,300,'test','C:\\Users\\KpostDev\\Desktop\\샘플','2.mp4',33505479,33505479,'U',1560837756,1),(548,301,'test','C:\\Users\\KpostDev\\Desktop\\샘플','1.mp4',33505479,33505479,'D',1560837765,0),(549,301,'test','C:\\Users\\KpostDev\\Desktop\\샘플','2.mp4',33505479,33505479,'D',1560837765,1),(550,302,'test','C:\\Users\\KpostDev\\Desktop\\샘플','1.mp4',33505479,33505479,'U',1560837784,0),(551,302,'test','C:\\Users\\KpostDev\\Desktop\\샘플','2.mp4',33505479,33505479,'U',1560837784,1),(552,303,'test','C:\\Users\\KpostDev\\Desktop\\샘플','1.mp4',33505479,33505479,'D',1560837842,0),(553,303,'test','C:\\Users\\KpostDev\\Desktop\\샘플','2.mp4',33505479,33505479,'D',1560837842,1),(554,304,'test','C:\\Users\\KpostDev\\Desktop\\샘플','1.mp4',33505479,33505479,'D',1560837871,0),(555,304,'test','C:\\Users\\KpostDev\\Desktop\\샘플','2.mp4',33505479,33505479,'D',1560837871,1),(556,305,'test','C:\\Users\\KpostDev\\Desktop\\샘플','1.mp4',33505479,33505479,'D',1560837891,0),(557,305,'test','C:\\Users\\KpostDev\\Desktop\\샘플','2.mp4',33505479,33505479,'D',1560837891,1),(558,306,'test','C:\\Users\\KpostDev\\Desktop\\샘플','1.mp4',33505479,33505479,'D',1560837910,0),(559,306,'test','C:\\Users\\KpostDev\\Desktop\\샘플','2.mp4',33505479,33505479,'D',1560837910,1),(560,307,'test','C:\\Users\\KpostDev\\Desktop\\샘플','1.mp4',33505479,33505479,'D',1560837978,0),(561,307,'test','C:\\Users\\KpostDev\\Desktop\\샘플','2.mp4',33505479,33505479,'D',1560837978,1),(562,308,'test','C:\\Users\\KpostDev\\Desktop\\샘플','1.mp4',33505479,33505479,'U',1560837996,0),(563,308,'test','C:\\Users\\KpostDev\\Desktop\\샘플','2.mp4',33505479,33505479,'U',1560837996,1),(564,309,'test','C:\\Users\\KpostDev\\Desktop\\샘플','1.mp4',33505479,33505479,'D',1560838002,0),(565,309,'test','C:\\Users\\KpostDev\\Desktop\\샘플','2.mp4',33505479,33505479,'D',1560838002,1),(566,310,'test','C:\\Users\\KpostDev\\Desktop\\샘플','1.mp4',33505479,33505479,'U',1560838256,0),(567,310,'test','C:\\Users\\KpostDev\\Desktop\\샘플','2.mp4',33505479,33505479,'U',1560838256,1),(568,311,'test','C:\\Users\\KpostDev\\Desktop\\샘플','1.mp4',33505479,33505479,'D',1560838262,0),(569,311,'test','C:\\Users\\KpostDev\\Desktop\\샘플','2.mp4',33505479,33505479,'D',1560838262,1),(570,312,'test','C:\\Users\\KpostDev\\Desktop\\샘플','1.mp4',33505479,33505479,'D',1560838324,0),(571,312,'test','C:\\Users\\KpostDev\\Desktop\\샘플','2.mp4',33505479,33505479,'U',1560838324,1),(572,313,'test','C:\\Users\\KpostDev\\Desktop\\샘플','1.mp4',33505479,33505479,'U',1560838372,0),(573,313,'test','C:\\Users\\KpostDev\\Desktop\\샘플','2.mp4',33505479,33505479,'U',1560838372,1),(574,314,'test','C:\\Users\\KpostDev\\Desktop\\샘플','1.mp4',33505479,33505479,'U',1560838378,0),(575,314,'test','C:\\Users\\KpostDev\\Desktop\\샘플','2.mp4',33505479,33505479,'U',1560838378,1),(576,315,'test','C:\\Users\\KpostDev\\Desktop\\샘플','1.mp4',33505479,33505479,'D',1560838408,0),(577,315,'test','C:\\Users\\KpostDev\\Desktop\\샘플','2.mp4',33505479,33505479,'U',1560838408,1),(578,316,'test','C:\\Users\\KpostDev\\Desktop\\샘플','1.mp4',33505479,33505479,'D',1560838418,0),(579,316,'test','C:\\Users\\KpostDev\\Desktop\\샘플','2.mp4',33505479,33505479,'U',1560838418,1),(580,317,'test','C:\\Users\\KpostDev\\Desktop\\샘플','1.mp4',33505479,33505479,'D',1560838436,0),(581,317,'test','C:\\Users\\KpostDev\\Desktop\\샘플','2.mp4',33505479,33505479,'D',1560838436,1),(582,318,'test','C:\\Users\\KpostDev\\Desktop\\샘플','1.mp4',33505479,33505479,'U',1560838449,0),(583,318,'test','C:\\Users\\KpostDev\\Desktop\\샘플','2.mp4',33505479,33505479,'U',1560838449,1),(584,319,'test','C:\\Users\\KpostDev\\Desktop\\샘플','1.mp4',33505479,33505479,'U',1560838478,0),(585,319,'test','C:\\Users\\KpostDev\\Desktop\\샘플','2.mp4',33505479,33505479,'U',1560838478,1),(586,320,'test','C:\\Users\\KpostDev\\Desktop\\샘플','1.mp4',33505479,33505479,'U',1560838510,0),(587,320,'test','C:\\Users\\KpostDev\\Desktop\\샘플','2.mp4',33505479,33505479,'U',1560838510,1),(588,321,'test','C:\\Users\\KpostDev\\Desktop\\샘플','1.mp4',33505479,33505479,'D',1560838544,0),(589,321,'test','C:\\Users\\KpostDev\\Desktop\\샘플','2.mp4',33505479,33505479,'U',1560838544,1),(590,322,'test','C:\\Users\\KpostDev\\Desktop\\샘플','1.mp4',33505479,33505479,'U',1560838557,0),(591,322,'test','C:\\Users\\KpostDev\\Desktop\\샘플','2.mp4',33505479,33505479,'U',1560838557,1),(592,323,'test','C:\\Users\\KpostDev\\Desktop\\샘플','1.mp4',33505479,33505479,'U',1560838611,0),(593,323,'test','C:\\Users\\KpostDev\\Desktop\\샘플','2.mp4',33505479,33505479,'U',1560838611,1),(594,324,'test','C:\\Users\\KpostDev\\Desktop\\샘플','1.mp4',33505479,33505479,'U',1560838653,0),(595,324,'test','C:\\Users\\KpostDev\\Desktop\\샘플','2.mp4',33505479,33505479,'U',1560838653,1),(596,325,'test','C:\\Users\\KpostDev\\Desktop\\샘플','1.mp4',33505479,33505479,'U',1560838680,0),(597,325,'test','C:\\Users\\KpostDev\\Desktop\\샘플','2.mp4',33505479,33505479,'U',1560838680,1),(598,326,'test','C:\\Users\\KpostDev\\Desktop\\샘플','1.mp4',33505479,33505479,'U',1560838685,0),(599,326,'test','C:\\Users\\KpostDev\\Desktop\\샘플','2.mp4',33505479,33505479,'U',1560838685,1),(600,327,'test','C:\\Users\\KpostDev\\Desktop\\샘플','1.mp4',33505479,33505479,'D',1560838691,0),(601,327,'test','C:\\Users\\KpostDev\\Desktop\\샘플','2.mp4',33505479,33505479,'U',1560838691,1),(602,328,'test','C:\\Users\\KpostDev\\Desktop\\샘플','1.mp4',33505479,33505479,'U',1560838704,0),(603,328,'test','C:\\Users\\KpostDev\\Desktop\\샘플','2.mp4',33505479,33505479,'U',1560838704,1),(604,329,'test','C:\\Users\\KpostDev\\Desktop\\샘플','1.mp4',33505479,33505479,'U',1560838760,0),(605,329,'test','C:\\Users\\KpostDev\\Desktop\\샘플','2.mp4',33505479,33505479,'U',1560838760,1),(606,330,'test','C:\\Users\\KpostDev\\Desktop\\샘플','1.mp4',33505479,33505479,'U',1560838802,0),(607,330,'test','C:\\Users\\KpostDev\\Desktop\\샘플','2.mp4',33505479,33505479,'U',1560838802,1),(608,331,'test','C:\\Users\\KpostDev\\Desktop\\샘플','1.mp4',33505479,33505479,'U',1560838900,0),(609,331,'test','C:\\Users\\KpostDev\\Desktop\\샘플','2.mp4',33505479,33505479,'U',1560838900,1),(610,332,'test','C:\\Users\\KpostDev\\Desktop\\샘플','1.mp4',33505479,33505479,'U',1560838911,0),(611,332,'test','C:\\Users\\KpostDev\\Desktop\\샘플','2.mp4',33505479,33505479,'U',1560838911,1),(612,333,'test','C:\\Users\\KpostDev\\Desktop\\샘플','1.mp4',33505479,33505479,'U',1560838917,0),(613,333,'test','C:\\Users\\KpostDev\\Desktop\\샘플','2.mp4',33505479,33505479,'U',1560838917,1),(614,334,'test','C:\\Users\\KpostDev\\Desktop\\샘플','1.mp4',33505479,33505479,'U',1560838930,0),(615,334,'test','C:\\Users\\KpostDev\\Desktop\\샘플','2.mp4',33505479,33505479,'U',1560838930,1),(616,335,'test','C:\\Users\\KpostDev\\Desktop\\샘플','1.mp4',33505479,33505479,'U',1560838957,0),(617,335,'test','C:\\Users\\KpostDev\\Desktop\\샘플','2.mp4',33505479,33505479,'U',1560838957,1),(618,336,'test','C:\\Users\\KpostDev\\Desktop\\샘플','1.mp4',33505479,33505479,'U',1560839033,0),(619,336,'test','C:\\Users\\KpostDev\\Desktop\\샘플','2.mp4',33505479,33505479,'U',1560839033,1),(620,337,'test','C:\\Users\\KpostDev\\Desktop\\샘플','1.mp4',33505479,33505479,'U',1560839066,0),(621,337,'test','C:\\Users\\KpostDev\\Desktop\\샘플','2.mp4',33505479,33505479,'U',1560839066,1),(622,338,'test','C:\\Users\\KpostDev\\Desktop\\샘플','1.mp4',33505479,33505479,'U',1560839076,0),(623,338,'test','C:\\Users\\KpostDev\\Desktop\\샘플','2.mp4',33505479,33505479,'U',1560839076,1),(624,339,'test','C:\\Users\\KpostDev\\Desktop\\샘플','1.mp4',33505479,33505479,'D',1560839584,0),(625,339,'test','C:\\Users\\KpostDev\\Desktop\\샘플','2.mp4',33505479,33505479,'D',1560839584,1),(626,340,'test','C:\\Users\\KpostDev\\Desktop\\샘플','1.mp4',33505479,33505479,'U',1560839608,0),(627,340,'test','C:\\Users\\KpostDev\\Desktop\\샘플','2.mp4',33505479,33505479,'U',1560839608,1),(628,341,'test','C:\\Users\\KpostDev\\Desktop\\샘플','1.mp4',33505479,33505479,'D',1560839657,0),(629,341,'test','C:\\Users\\KpostDev\\Desktop\\샘플','2.mp4',33505479,33505479,'D',1560839657,1),(630,342,'test','C:\\Users\\KpostDev\\Desktop\\샘플','1.mp4',33505479,33505479,'D',1560839743,0),(631,342,'test','C:\\Users\\KpostDev\\Desktop\\샘플','2.mp4',33505479,33505479,'U',1560839743,1),(632,343,'test','C:\\Users\\KpostDev\\Desktop\\샘플','1.mp4',33505479,33505479,'D',1560839792,0),(633,343,'test','C:\\Users\\KpostDev\\Desktop\\샘플','2.mp4',33505479,33505479,'D',1560839792,1),(634,344,'test','C:\\Users\\KpostDev\\Desktop\\샘플','1.mp4',33505479,33505479,'D',1560997367,0),(635,344,'test','C:\\Users\\KpostDev\\Desktop\\샘플','2.mp4',33505479,33505479,'U',1560997367,1),(636,345,'test','C:\\Users\\KpostDev\\Desktop\\샘플','1.mp4',33505479,33505479,'D',1560997423,0),(637,345,'test','C:\\Users\\KpostDev\\Desktop\\샘플','2.mp4',33505479,33505479,'D',1560997423,1),(638,346,'test','C:\\Users\\KpostDev\\Desktop\\샘플','1.mp4',33505479,33505479,'D',1560997531,0),(639,346,'test','C:\\Users\\KpostDev\\Desktop\\샘플','2.mp4',33505479,33505479,'D',1560997531,1),(640,347,'test','C:\\Users\\KpostDev\\Desktop\\샘플','1.mp4',33505479,33505479,'D',1560997596,0),(641,347,'test','C:\\Users\\KpostDev\\Desktop\\샘플','2.mp4',33505479,33505479,'D',1560997596,1),(642,348,'test','C:\\Users\\KpostDev\\Desktop\\샘플','1.mp4',33505479,33505479,'D',1560997660,0),(643,348,'test','C:\\Users\\KpostDev\\Desktop\\샘플','2.mp4',33505479,33505479,'D',1560997660,1),(644,349,'test','C:\\Users\\KpostDev\\Desktop\\샘플','1.mp4',33505479,33505479,'D',1560997705,0),(645,349,'test','C:\\Users\\KpostDev\\Desktop\\샘플','2.mp4',33505479,33505479,'D',1560997705,1),(646,350,'test','C:\\Users\\KpostDev\\Desktop\\샘플','1.mp4',33505479,33505479,'D',1560997782,0),(647,350,'test','C:\\Users\\KpostDev\\Desktop\\샘플','2.mp4',33505479,33505479,'D',1560997782,1),(648,351,'test','C:\\Users\\KpostDev\\Desktop\\샘플','1.mp4',33505479,33505479,'D',1560998550,0),(649,351,'test','C:\\Users\\KpostDev\\Desktop\\샘플','2.mp4',33505479,33505479,'D',1560998550,1),(650,352,'test','C:\\Users\\KpostDev\\Desktop\\샘플','1.mp4',33505479,33505479,'D',1560998589,0),(651,352,'test','C:\\Users\\KpostDev\\Desktop\\샘플','2.mp4',33505479,33505479,'D',1560998589,1),(652,353,'test','C:\\Users\\KpostDev\\Desktop\\샘플','1.mp4',33505479,33505479,'D',1560998619,0),(653,353,'test','C:\\Users\\KpostDev\\Desktop\\샘플','2.mp4',33505479,33505479,'D',1560998619,1),(654,354,'test','C:\\Users\\KpostDev\\Desktop\\샘플','1.mp4',33505479,33505479,'D',1560998695,0),(655,354,'test','C:\\Users\\KpostDev\\Desktop\\샘플','2.mp4',33505479,33505479,'D',1560998695,1),(656,355,'test','C:\\Users\\KpostDev\\Desktop\\샘플','1.mp4',33505479,33505479,'D',1560998724,0),(657,355,'test','C:\\Users\\KpostDev\\Desktop\\샘플','2.mp4',33505479,33505479,'D',1560998724,1),(658,356,'test','C:\\Users\\KpostDev\\Desktop\\샘플','1.mp4',33505479,33505479,'D',1560998795,0),(659,356,'test','C:\\Users\\KpostDev\\Desktop\\샘플','2.mp4',33505479,33505479,'D',1560998795,1),(660,357,'test','C:\\Users\\KpostDev\\Desktop\\샘플','1.mp4',33505479,33505479,'D',1560998839,0),(661,357,'test','C:\\Users\\KpostDev\\Desktop\\샘플','2.mp4',33505479,33505479,'D',1560998839,1),(662,358,'test','C:\\Users\\KpostDev\\Desktop\\샘플','1.mp4',33505479,33505479,'D',1560999000,0),(663,358,'test','C:\\Users\\KpostDev\\Desktop\\샘플','2.mp4',33505479,33505479,'D',1560999000,1),(664,359,'test','C:\\Users\\KpostDev\\Desktop\\샘플','1.mp4',33505479,33505479,'D',1560999072,0),(665,359,'test','C:\\Users\\KpostDev\\Desktop\\샘플','2.mp4',33505479,33505479,'D',1560999072,1),(666,360,'test','C:\\Users\\KpostDev\\Desktop\\샘플','1.mp4',33505479,33505479,'U',1561010220,0),(667,360,'test','C:\\Users\\KpostDev\\Desktop\\샘플','2.mp4',33505479,33505479,'U',1561010220,1),(668,361,'test','C:\\Users\\KpostDev\\Desktop\\샘플','1.mp4',33505479,33505479,'U',1561010282,0),(669,361,'test','C:\\Users\\KpostDev\\Desktop\\샘플','2.mp4',33505479,33505479,'U',1561010282,1),(670,362,'test','C:\\Users\\KpostDev\\Desktop\\샘플','1.mp4',33505479,33505479,'D',1561010424,0),(671,362,'test','C:\\Users\\KpostDev\\Desktop\\샘플','2.mp4',33505479,33505479,'U',1561010424,1),(672,363,'test','C:\\Users\\KpostDev\\Desktop\\샘플','1.mp4',33505479,33505479,'U',1561010487,0),(673,363,'test','C:\\Users\\KpostDev\\Desktop\\샘플','2.mp4',33505479,33505479,'U',1561010487,1),(674,364,'test','C:\\Users\\Gaonsds\\Desktop\\BDChainSvr','BDChainSvr.exe',2142720,2142720,'D',1561429259,0),(675,364,'test','C:\\Users\\Gaonsds\\Desktop\\BDChainSvr','config.ini',31,31,'D',1561429259,1),(676,365,'test','C:\\Users\\softok\\Desktop\\샘플','1.mp4',33505479,33505479,'D',1561439594,0),(677,365,'test','C:\\Users\\softok\\Desktop\\샘플','2.mp4',33505479,33505479,'D',1561439594,1);
/*!40000 ALTER TABLE `_CONTENTS_FILE` ENABLE KEYS */;
UNLOCK TABLES;
/*!40103 SET TIME_ZONE=@OLD_TIME_ZONE */;

/*!40101 SET SQL_MODE=@OLD_SQL_MODE */;
/*!40014 SET FOREIGN_KEY_CHECKS=@OLD_FOREIGN_KEY_CHECKS */;
/*!40014 SET UNIQUE_CHECKS=@OLD_UNIQUE_CHECKS */;
/*!40101 SET CHARACTER_SET_CLIENT=@OLD_CHARACTER_SET_CLIENT */;
/*!40101 SET CHARACTER_SET_RESULTS=@OLD_CHARACTER_SET_RESULTS */;
/*!40101 SET COLLATION_CONNECTION=@OLD_COLLATION_CONNECTION */;
/*!40111 SET SQL_NOTES=@OLD_SQL_NOTES */;

-- Dump completed on 2020-02-10 10:28:39
